-- phpMyAdmin SQL Dump
-- version 5.2.1
-- https://www.phpmyadmin.net/
--
-- Host: localhost
-- Generation Time: Jan 06, 2025 at 03:41 PM
-- Server version: 10.4.32-MariaDB
-- PHP Version: 8.2.12

SET SQL_MODE = "NO_AUTO_VALUE_ON_ZERO";
START TRANSACTION;
SET time_zone = "+00:00";


/*!40101 SET @OLD_CHARACTER_SET_CLIENT=@@CHARACTER_SET_CLIENT */;
/*!40101 SET @OLD_CHARACTER_SET_RESULTS=@@CHARACTER_SET_RESULTS */;
/*!40101 SET @OLD_COLLATION_CONNECTION=@@COLLATION_CONNECTION */;
/*!40101 SET NAMES utf8mb4 */;

--
-- Database: `mosaic`
--

-- --------------------------------------------------------

--
-- Table structure for table `about_company`
--

CREATE TABLE `about_company` (
  `id` bigint(20) UNSIGNED NOT NULL,
  `banner_title` varchar(255) NOT NULL,
  `banner_picture` varchar(255) NOT NULL,
  `history_title` varchar(255) NOT NULL,
  `training_hours` float DEFAULT NULL,
  `company_history` text NOT NULL,
  `mission_statement` text NOT NULL,
  `students_count` int(11) DEFAULT NULL,
  `years_of_existence` int(11) DEFAULT NULL,
  `instructors_count` int(11) DEFAULT NULL,
  `pass_rate` float NOT NULL,
  `achievement_year` int(11) NOT NULL,
  `achievement_title` varchar(255) NOT NULL,
  `achievement_details` text NOT NULL,
  `achievement_picture` varchar(255) NOT NULL,
  `created_at` timestamp NULL DEFAULT NULL,
  `updated_at` timestamp NULL DEFAULT NULL
) ENGINE=InnoDB DEFAULT CHARSET=utf8mb4 COLLATE=utf8mb4_unicode_ci;

--
-- Dumping data for table `about_company`
--

INSERT INTO `about_company` (`id`, `banner_title`, `banner_picture`, `history_title`, `training_hours`, `company_history`, `mission_statement`, `students_count`, `years_of_existence`, `instructors_count`, `pass_rate`, `achievement_year`, `achievement_title`, `achievement_details`, `achievement_picture`, `created_at`, `updated_at`) VALUES
(1, 'About Our Driving School', 'banners/hgU8siSlDZ5Gq1muYcnsalRWnEko9OTBEmmuahg9.jpg', 'Driving Excellence: The BigRig Advantage', 86.5, 'At BigRig Driving School, we are dedicated to empowering aspiring professional drivers with the skills and knowledge needed to excel in the transportation industry. Our mission is to deliver high-quality, comprehensive training tailored to the needs of both beginners and experienced drivers seeking to upgrade their qualifications.\r\n\r\nWith a state-of-the-art fleet of trucks and highly experienced instructors, we provide hands-on learning in a supportive and safe environment. Our curriculum emphasizes safety, technical proficiency, and real-world applications, ensuring our graduates are confident and road-ready.\r\n\r\nWe take pride in fostering a community where students not only achieve their driving goals but also build lasting careers. Whether you’re preparing for your commercial driver’s license (CDL) or aiming to specialize in advanced operations, BigRig Driving School is your partner in professional growth.\r\n\r\nJoin us to embark on a transformative journey and become a trusted name in the trucking industry. At BigRig Driving School, your success is our destination!', 'At BigRig Driving School, our mission is to empower aspiring drivers with the skills, confidence, and knowledge required to excel in professional driving. We are committed to delivering high-quality training through expert instructors, advanced techniques, and a supportive learning environment. By prioritizing safety, excellence, and personal growth, we aim to cultivate responsible drivers who contribute to safer roads and a more efficient transportation industry. Together, we drive success and shape the future of professional driving standards.', 1752, 12, 27, 92.5, 2024, 'Pioneering Road Safety Initiative', 'In 2022, BigRig Driving School proudly launched its \"Pioneering Road Safety Initiative,\" a program designed to enhance driver awareness and reduce road accidents nationwide. The initiative focused on comprehensive safety workshops, simulated driving scenarios, and hands-on training sessions led by industry experts. Over the course of the year, we successfully trained over 1,000 participants, equipping them with advanced safety strategies and fostering a culture of responsibility on the road. This milestone reflects our unwavering dedication to creating safer roads for everyone.', 'achievements/lTvwVMwpObH2ZeOQ42bwgDizuozbSeEv3sePozFR.jpg', NULL, '2024-12-09 16:54:03');

-- --------------------------------------------------------

--
-- Table structure for table `achievements`
--

CREATE TABLE `achievements` (
  `id` bigint(20) UNSIGNED NOT NULL,
  `title` varchar(255) NOT NULL,
  `year` varchar(255) NOT NULL,
  `description` text NOT NULL,
  `picture` varchar(255) NOT NULL,
  `created_at` timestamp NULL DEFAULT NULL,
  `updated_at` timestamp NULL DEFAULT NULL
) ENGINE=InnoDB DEFAULT CHARSET=utf8mb4 COLLATE=utf8mb4_unicode_ci;

--
-- Dumping data for table `achievements`
--

INSERT INTO `achievements` (`id`, `title`, `year`, `description`, `picture`, `created_at`, `updated_at`) VALUES
(1, 'Pioneering Road Safety Initiative', '2024', 'In 2022, BigRig Driving School proudly launched its Pioneering Road Safety Initiative, a program designed to enhance driver awareness and reduce road accidents nationwide. The initiative focused on comprehensive safety workshops, simulated driving scenarios, and hands-on training sessions led by industry experts. Over the course of the year, we successfully trained over 1,000 participants, equipping them with advanced safety strategies and fostering a culture of responsibility on the road. This milestone reflects our unwavering dedication to creating safer roads for everyone.', 'achievements/Eu7bQOqIoZPlGxmUJ3wLsshDnVaoESDAJ17wx9gI.jpg', '2024-12-10 10:45:50', '2024-12-10 12:10:01'),
(2, 'Award of Excellence', '2024', 'In 2022, BigRig Driving School proudly launched its Pioneering Road Safety Initiative, a program designed to enhance driver awareness and reduce road accidents nationwide. The initiative focused on comprehensive safety workshops, simulated driving scenarios, and hands-on training sessions led by industry experts. Over the course of the year, we successfully trained over 1,000 participants, equipping them with advanced safety strategies and fostering a culture of responsibility on the road. This milestone reflects our unwavering dedication to creating safer roads for everyone.', 'achievements/87VyAQhpjXRGFXVhpbT8WhC5gynvYQY6E4uOE3BJ.jpg', '2024-12-10 12:09:24', '2024-12-10 12:10:11');

-- --------------------------------------------------------

--
-- Table structure for table `campaigns`
--

CREATE TABLE `campaigns` (
  `id` bigint(20) UNSIGNED NOT NULL,
  `category` varchar(255) NOT NULL,
  `title` varchar(255) NOT NULL,
  `content` longtext NOT NULL,
  `start_date` date NOT NULL,
  `end_date` date NOT NULL,
  `type` varchar(255) NOT NULL,
  `created_at` timestamp NULL DEFAULT NULL,
  `updated_at` timestamp NULL DEFAULT NULL
) ENGINE=InnoDB DEFAULT CHARSET=utf8mb4 COLLATE=utf8mb4_unicode_ci;

--
-- Dumping data for table `campaigns`
--

INSERT INTO `campaigns` (`id`, `category`, `title`, `content`, `start_date`, `end_date`, `type`, `created_at`, `updated_at`) VALUES
(1, '1', 'Monitor progress in Real Time Value', 'Lorem ipsum is placeholder text commonly used in the graphic, print, and publishing industries for previewing layouts.', '2024-01-20', '2024-01-27', 'One-Time', '2024-12-08 13:18:19', '2024-12-08 13:18:19'),
(2, '2', 'Monitor progress in Real Time Value', 'Lorem ipsum is placeholder text commonly used in the graphic, print, and publishing industries for previewing layouts.', '2024-01-20', '2024-01-27', 'Off-Track', '2024-12-08 13:18:19', '2024-12-08 13:18:19'),
(3, '3', 'Monitor progress in Real Time Value', 'Lorem ipsum is placeholder text commonly used in the graphic, print, and publishing industries for previewing layouts.', '2024-01-20', '2024-01-27', 'At Risk', '2024-12-08 13:18:19', '2024-12-08 13:18:19'),
(4, '1', 'Monitor progress in Real Time Value', 'Lorem ipsum is placeholder text commonly used in the graphic, print, and publishing industries for previewing layouts.', '2024-01-20', '2024-01-27', 'At Risk', '2024-12-08 13:18:20', '2024-12-08 13:18:20'),
(5, '4', 'Monitor progress in Real Time Value', 'Lorem ipsum is placeholder text commonly used in the graphic, print, and publishing industries for previewing layouts.', '2024-01-20', '2024-01-27', 'One-Time', '2024-12-08 13:18:20', '2024-12-08 13:18:20'),
(6, '2', 'Monitor progress in Real Time Value', 'Lorem ipsum is placeholder text commonly used in the graphic, print, and publishing industries for previewing layouts.', '2024-01-20', '2024-01-27', 'At Risk', '2024-12-08 13:18:20', '2024-12-08 13:18:20'),
(7, '4', 'Monitor progress in Real Time Value', 'Lorem ipsum is placeholder text commonly used in the graphic, print, and publishing industries for previewing layouts.', '2024-01-20', '2024-01-27', 'One-Time', '2024-12-08 13:18:20', '2024-12-08 13:18:20'),
(8, '1', 'Monitor progress in Real Time Value', 'Lorem ipsum is placeholder text commonly used in the graphic, print, and publishing industries for previewing layouts.', '2024-01-20', '2024-01-27', 'Off-Track', '2024-12-08 13:18:20', '2024-12-08 13:18:20'),
(9, '3', 'Monitor progress in Real Time Value', 'Lorem ipsum is placeholder text commonly used in the graphic, print, and publishing industries for previewing layouts.', '2024-01-20', '2024-01-27', 'One-Time', '2024-12-08 13:18:20', '2024-12-08 13:18:20'),
(10, '4', 'Monitor progress in Real Time Value', 'Lorem ipsum is placeholder text commonly used in the graphic, print, and publishing industries for previewing layouts.', '2024-01-20', '2024-01-27', 'Off-Track', '2024-12-08 13:18:20', '2024-12-08 13:18:20'),
(11, '2', 'Monitor progress in Real Time Value', 'Lorem ipsum is placeholder text commonly used in the graphic, print, and publishing industries for previewing layouts.', '2024-01-20', '2024-01-27', 'Off-Track', '2024-12-08 13:18:20', '2024-12-08 13:18:20'),
(12, '3', 'Monitor progress in Real Time Value', 'Lorem ipsum is placeholder text commonly used in the graphic, print, and publishing industries for previewing layouts.', '2024-01-20', '2024-01-27', 'At Risk', '2024-12-08 13:18:20', '2024-12-08 13:18:20');

-- --------------------------------------------------------

--
-- Table structure for table `campaign_marketer`
--

CREATE TABLE `campaign_marketer` (
  `id` int(10) UNSIGNED NOT NULL,
  `campaign_id` int(10) UNSIGNED NOT NULL,
  `marketer_id` int(10) UNSIGNED NOT NULL
) ENGINE=InnoDB DEFAULT CHARSET=utf8mb4 COLLATE=utf8mb4_unicode_ci;

--
-- Dumping data for table `campaign_marketer`
--

INSERT INTO `campaign_marketer` (`id`, `campaign_id`, `marketer_id`) VALUES
(1, 1, 1),
(2, 1, 2),
(3, 1, 3),
(4, 2, 4),
(5, 2, 5),
(6, 3, 7),
(7, 3, 8),
(8, 3, 9),
(9, 4, 10),
(10, 5, 11),
(11, 5, 5),
(12, 5, 12),
(13, 6, 7),
(14, 6, 4),
(15, 6, 11),
(16, 7, 1),
(17, 7, 2),
(18, 7, 6),
(19, 8, 9),
(20, 8, 1),
(21, 9, 7),
(22, 9, 8),
(23, 9, 9),
(24, 9, 6),
(25, 10, 6),
(26, 10, 11),
(27, 11, 5),
(28, 12, 7),
(29, 12, 8),
(30, 12, 9);

-- --------------------------------------------------------

--
-- Table structure for table `clients`
--

CREATE TABLE `clients` (
  `id` bigint(20) UNSIGNED NOT NULL,
  `name` varchar(255) NOT NULL,
  `logo` varchar(255) DEFAULT NULL,
  `type` varchar(255) NOT NULL,
  `created_at` timestamp NULL DEFAULT NULL,
  `updated_at` timestamp NULL DEFAULT NULL
) ENGINE=InnoDB DEFAULT CHARSET=utf8mb4 COLLATE=utf8mb4_unicode_ci;

--
-- Dumping data for table `clients`
--

INSERT INTO `clients` (`id`, `name`, `logo`, `type`, `created_at`, `updated_at`) VALUES
(1, 'Advanced Driving Techniques', NULL, 'partner', '2024-12-09 10:06:28', '2024-12-09 10:06:28'),
(2, 'Excellent Drivers Academy', NULL, 'partner', '2024-12-09 10:06:28', '2024-12-09 10:06:28'),
(4, 'One Stop Driving School', NULL, 'partner', '2024-12-09 10:06:28', '2024-12-09 10:06:28'),
(16, 'Speed Learning Institute', NULL, 'partner', '2024-12-09 10:07:36', '2024-12-09 10:07:36'),
(23, 'Daily News', 'clients/gs7QKCx58RFqhrVarNgJK8aAjJfadfn9e4gTbWM8.png', 'client', '2024-12-09 11:31:53', '2024-12-09 11:31:53'),
(24, 'Technology', 'clients/3TcsPTfVz5kk4VUFyEhuGbh50KTqTkB6EdgK2EFA.png', 'client', '2024-12-09 11:33:03', '2024-12-09 11:33:03'),
(25, 'CyberTech', 'clients/JZkPXFPLneV7ozyjKPhnYyo40g0J3MDA87nXHw0u.png', 'client', '2024-12-09 11:33:28', '2024-12-09 11:33:28'),
(26, 'Furturatech', 'clients/M2ddp1d7yD16DHYgWVNkgzdExSiUPgb34koGu4Qh.png', 'client', '2024-12-09 11:33:48', '2024-12-09 11:33:48'),
(27, 'Art Studio', 'clients/aeZxCPSd6QKo3wUswmnLAPdQuQKJvuCiP4NObx3i.png', 'client', '2024-12-09 11:34:05', '2024-12-09 11:34:05'),
(31, 'Delwathon IT Solutions', NULL, 'partner', '2024-12-09 11:43:11', '2024-12-09 11:43:11'),
(32, 'Beyond 5 Star Driving School', NULL, 'partner', '2024-12-10 05:16:14', '2024-12-10 05:16:14'),
(34, 'Delwathon IT Solutions', 'clients/Oi9OTzcCbswTR6u1DS2KOjSEOV9pQf9dEDXFmco3.png', 'client', '2024-12-10 05:29:45', '2024-12-10 05:29:45'),
(35, 'RealCrown Technologies', 'clients/6GGzlwwyyEWftxlc86EwLBTm6dCFkneXBvnq7y6u.png', 'client', '2024-12-10 05:32:18', '2024-12-10 05:32:18');

-- --------------------------------------------------------

--
-- Table structure for table `customers`
--

CREATE TABLE `customers` (
  `id` bigint(20) UNSIGNED NOT NULL,
  `image` varchar(2048) DEFAULT NULL,
  `name` varchar(255) NOT NULL,
  `email` varchar(255) NOT NULL,
  `location` varchar(255) NOT NULL,
  `orders` int(11) NOT NULL,
  `last_order` varchar(255) NOT NULL,
  `spent` varchar(255) NOT NULL,
  `refunds` int(11) NOT NULL DEFAULT 0,
  `fav` tinyint(1) NOT NULL DEFAULT 0,
  `created_at` timestamp NULL DEFAULT NULL,
  `updated_at` timestamp NULL DEFAULT NULL
) ENGINE=InnoDB DEFAULT CHARSET=utf8mb4 COLLATE=utf8mb4_unicode_ci;

--
-- Dumping data for table `customers`
--

INSERT INTO `customers` (`id`, `image`, `name`, `email`, `location`, `orders`, `last_order`, `spent`, `refunds`, `fav`, `created_at`, `updated_at`) VALUES
(1, 'user-40-01.jpg', 'Patricia Semklo', 'patricia.semklo@app.com', '🇬🇧 London, UK', 24, '#123567', '$2,890.66', 0, 1, '2024-12-08 13:18:19', '2024-12-08 13:18:19'),
(2, 'user-40-02.jpg', 'Dominik Lamakani', 'dominik.lamakani@gmail.com', '🇩🇪 Dortmund, DE', 77, '#779912', '$14,767.04', 4, 0, '2024-12-08 13:18:19', '2024-12-08 13:18:19'),
(3, 'user-40-03.jpg', 'Ivan Mesaros', 'imivanmes@gmail.com', '🇫🇷 Paris, FR', 44, '#889924', '$4,996.00', 1, 1, '2024-12-08 13:18:19', '2024-12-08 13:18:19'),
(4, 'user-40-04.jpg', 'Maria Martinez', 'martinezhome@gmail.com', '🇮🇹 Bologna, IT', 29, '#897726', '$3,220.66', 2, 0, '2024-12-08 13:18:19', '2024-12-08 13:18:19'),
(5, 'user-40-05.jpg', 'Vicky Jung', 'itsvicky@contact.com', '🇬🇧 London, UK', 22, '#123567', '$2,890.66', 0, 1, '2024-12-08 13:18:19', '2024-12-08 13:18:19'),
(6, 'user-40-06.jpg', 'Tisho Yanchev', 'tisho.y@kurlytech.com', '🇬🇧 London, UK', 14, '#896644', '$1,649.99', 1, 1, '2024-12-08 13:18:19', '2024-12-08 13:18:19'),
(7, 'user-40-07.jpg', 'James Cameron', 'james.ceo@james.tech', '🇫🇷 Marseille, FR', 34, '#136988', '$3,569.87', 2, 1, '2024-12-08 13:18:19', '2024-12-08 13:18:19'),
(8, 'user-40-08.jpg', 'Haruki Masuno', 'haruki@supermail.jp', '🇯🇵 Tokio, JP', 112, '#442206', '$19,246.07', 6, 0, '2024-12-08 13:18:19', '2024-12-08 13:18:19'),
(9, 'user-40-09.jpg', 'Joe Huang', 'joehuang@hotmail.com', '🇨🇳 Shanghai, CN', 64, '#764321', '$12,276.92', 0, 1, '2024-12-08 13:18:19', '2024-12-08 13:18:19'),
(10, 'user-40-10.jpg', 'Carolyn McNeail', 'carolynlove@gmail.com', '🇮🇹 Milan, IT', 19, '#908764', '$1,289.97', 2, 0, '2024-12-08 13:18:19', '2024-12-08 13:18:19'),
(11, 'user-40-03.jpg', 'Ivan Mesaros', 'imivanmes@gmail.com', '🇫🇷 Paris, FR', 44, '#889924', '$4,996.00', 1, 1, '2024-12-08 13:18:19', '2024-12-08 13:18:19'),
(12, 'user-40-04.jpg', 'Maria Martinez', 'martinezhome@gmail.com', '🇮🇹 Bologna, IT', 29, '#897726', '$3,220.66', 2, 0, '2024-12-08 13:18:19', '2024-12-08 13:18:19');

-- --------------------------------------------------------

--
-- Table structure for table `datafeeds`
--

CREATE TABLE `datafeeds` (
  `id` bigint(20) UNSIGNED NOT NULL,
  `label` varchar(255) DEFAULT NULL,
  `data` float DEFAULT NULL,
  `dataset_name` tinyint(4) DEFAULT NULL,
  `data_type` tinyint(4) NOT NULL DEFAULT 1,
  `created_at` timestamp NULL DEFAULT NULL,
  `updated_at` timestamp NULL DEFAULT NULL
) ENGINE=InnoDB DEFAULT CHARSET=utf8mb4 COLLATE=utf8mb4_unicode_ci;

--
-- Dumping data for table `datafeeds`
--

INSERT INTO `datafeeds` (`id`, `label`, `data`, `dataset_name`, `data_type`, `created_at`, `updated_at`) VALUES
(1, '12-01-2022', 732, 1, 1, '2024-12-08 13:18:12', '2024-12-08 13:18:12'),
(2, '01-01-2023', 610, 1, 1, '2024-12-08 13:18:12', '2024-12-08 13:18:12'),
(3, '02-01-2023', 610, 1, 1, '2024-12-08 13:18:12', '2024-12-08 13:18:12'),
(4, '03-01-2023', 504, 1, 1, '2024-12-08 13:18:12', '2024-12-08 13:18:12'),
(5, '04-01-2023', 504, 1, 1, '2024-12-08 13:18:12', '2024-12-08 13:18:12'),
(6, '05-01-2023', 504, 1, 1, '2024-12-08 13:18:12', '2024-12-08 13:18:12'),
(7, '06-01-2023', 349, 1, 1, '2024-12-08 13:18:12', '2024-12-08 13:18:12'),
(8, '07-01-2023', 349, 1, 1, '2024-12-08 13:18:12', '2024-12-08 13:18:12'),
(9, '08-01-2023', 504, 1, 1, '2024-12-08 13:18:12', '2024-12-08 13:18:12'),
(10, '09-01-2023', 342, 1, 1, '2024-12-08 13:18:12', '2024-12-08 13:18:12'),
(11, '10-01-2023', 504, 1, 1, '2024-12-08 13:18:12', '2024-12-08 13:18:12'),
(12, '11-01-2023', 610, 1, 1, '2024-12-08 13:18:12', '2024-12-08 13:18:12'),
(13, '12-01-2023', 391, 1, 1, '2024-12-08 13:18:12', '2024-12-08 13:18:12'),
(14, '01-01-2024', 192, 1, 1, '2024-12-08 13:18:12', '2024-12-08 13:18:12'),
(15, '02-01-2024', 154, 1, 1, '2024-12-08 13:18:12', '2024-12-08 13:18:12'),
(16, '03-01-2024', 273, 1, 1, '2024-12-08 13:18:12', '2024-12-08 13:18:12'),
(17, '04-01-2024', 191, 1, 1, '2024-12-08 13:18:12', '2024-12-08 13:18:12'),
(18, '05-01-2024', 191, 1, 1, '2024-12-08 13:18:12', '2024-12-08 13:18:12'),
(19, '06-01-2024', 126, 1, 1, '2024-12-08 13:18:12', '2024-12-08 13:18:12'),
(20, '07-01-2024', 263, 1, 1, '2024-12-08 13:18:12', '2024-12-08 13:18:12'),
(21, '08-01-2024', 349, 1, 1, '2024-12-08 13:18:12', '2024-12-08 13:18:12'),
(22, '09-01-2024', 252, 1, 1, '2024-12-08 13:18:12', '2024-12-08 13:18:12'),
(23, '10-01-2024', 423, 1, 1, '2024-12-08 13:18:13', '2024-12-08 13:18:13'),
(24, '11-01-2024', 622, 1, 1, '2024-12-08 13:18:13', '2024-12-08 13:18:13'),
(25, '12-01-2024', 470, 1, 1, '2024-12-08 13:18:13', '2024-12-08 13:18:13'),
(26, '01-01-2025', 532, 1, 1, '2024-12-08 13:18:13', '2024-12-08 13:18:13'),
(27, NULL, 532, 2, 1, '2024-12-08 13:18:13', '2024-12-08 13:18:13'),
(28, NULL, 532, 2, 1, '2024-12-08 13:18:13', '2024-12-08 13:18:13'),
(29, NULL, 532, 2, 1, '2024-12-08 13:18:13', '2024-12-08 13:18:13'),
(30, NULL, 404, 2, 1, '2024-12-08 13:18:13', '2024-12-08 13:18:13'),
(31, NULL, 404, 2, 1, '2024-12-08 13:18:13', '2024-12-08 13:18:13'),
(32, NULL, 314, 2, 1, '2024-12-08 13:18:13', '2024-12-08 13:18:13'),
(33, NULL, 314, 2, 1, '2024-12-08 13:18:13', '2024-12-08 13:18:13'),
(34, NULL, 314, 2, 1, '2024-12-08 13:18:13', '2024-12-08 13:18:13'),
(35, NULL, 314, 2, 1, '2024-12-08 13:18:13', '2024-12-08 13:18:13'),
(36, NULL, 314, 2, 1, '2024-12-08 13:18:13', '2024-12-08 13:18:13'),
(37, NULL, 234, 2, 1, '2024-12-08 13:18:13', '2024-12-08 13:18:13'),
(38, NULL, 314, 2, 1, '2024-12-08 13:18:13', '2024-12-08 13:18:13'),
(39, NULL, 234, 2, 1, '2024-12-08 13:18:13', '2024-12-08 13:18:13'),
(40, NULL, 234, 2, 1, '2024-12-08 13:18:13', '2024-12-08 13:18:13'),
(41, NULL, 314, 2, 1, '2024-12-08 13:18:13', '2024-12-08 13:18:13'),
(42, NULL, 314, 2, 1, '2024-12-08 13:18:13', '2024-12-08 13:18:13'),
(43, NULL, 314, 2, 1, '2024-12-08 13:18:13', '2024-12-08 13:18:13'),
(44, NULL, 388, 2, 1, '2024-12-08 13:18:13', '2024-12-08 13:18:13'),
(45, NULL, 314, 2, 1, '2024-12-08 13:18:13', '2024-12-08 13:18:13'),
(46, NULL, 202, 2, 1, '2024-12-08 13:18:13', '2024-12-08 13:18:13'),
(47, NULL, 202, 2, 1, '2024-12-08 13:18:13', '2024-12-08 13:18:13'),
(48, NULL, 202, 2, 1, '2024-12-08 13:18:13', '2024-12-08 13:18:13'),
(49, NULL, 202, 2, 1, '2024-12-08 13:18:13', '2024-12-08 13:18:13'),
(50, NULL, 314, 2, 1, '2024-12-08 13:18:13', '2024-12-08 13:18:13'),
(51, NULL, 720, 2, 1, '2024-12-08 13:18:13', '2024-12-08 13:18:13'),
(52, NULL, 642, 2, 1, '2024-12-08 13:18:13', '2024-12-08 13:18:13'),
(53, '12-01-2022', 622, 1, 2, '2024-12-08 13:18:13', '2024-12-08 13:18:13'),
(54, '01-01-2023', 622, 1, 2, '2024-12-08 13:18:13', '2024-12-08 13:18:13'),
(55, '02-01-2023', 426, 1, 2, '2024-12-08 13:18:13', '2024-12-08 13:18:13'),
(56, '03-01-2023', 471, 1, 2, '2024-12-08 13:18:13', '2024-12-08 13:18:13'),
(57, '04-01-2023', 365, 1, 2, '2024-12-08 13:18:13', '2024-12-08 13:18:13'),
(58, '05-01-2023', 365, 1, 2, '2024-12-08 13:18:13', '2024-12-08 13:18:13'),
(59, '06-01-2023', 238, 1, 2, '2024-12-08 13:18:13', '2024-12-08 13:18:13'),
(60, '07-01-2023', 324, 1, 2, '2024-12-08 13:18:13', '2024-12-08 13:18:13'),
(61, '08-01-2023', 288, 1, 2, '2024-12-08 13:18:13', '2024-12-08 13:18:13'),
(62, '09-01-2023', 206, 1, 2, '2024-12-08 13:18:13', '2024-12-08 13:18:13'),
(63, '10-01-2023', 324, 1, 2, '2024-12-08 13:18:13', '2024-12-08 13:18:13'),
(64, '11-01-2023', 324, 1, 2, '2024-12-08 13:18:13', '2024-12-08 13:18:13'),
(65, '12-01-2023', 500, 1, 2, '2024-12-08 13:18:13', '2024-12-08 13:18:13'),
(66, '01-01-2024', 409, 1, 2, '2024-12-08 13:18:13', '2024-12-08 13:18:13'),
(67, '02-01-2024', 409, 1, 2, '2024-12-08 13:18:13', '2024-12-08 13:18:13'),
(68, '03-01-2024', 273, 1, 2, '2024-12-08 13:18:13', '2024-12-08 13:18:13'),
(69, '04-01-2024', 232, 1, 2, '2024-12-08 13:18:13', '2024-12-08 13:18:13'),
(70, '05-01-2024', 273, 1, 2, '2024-12-08 13:18:13', '2024-12-08 13:18:13'),
(71, '06-01-2024', 500, 1, 2, '2024-12-08 13:18:13', '2024-12-08 13:18:13'),
(72, '07-01-2024', 570, 1, 2, '2024-12-08 13:18:13', '2024-12-08 13:18:13'),
(73, '08-01-2024', 767, 1, 2, '2024-12-08 13:18:13', '2024-12-08 13:18:13'),
(74, '09-01-2024', 808, 1, 2, '2024-12-08 13:18:13', '2024-12-08 13:18:13'),
(75, '10-01-2024', 685, 1, 2, '2024-12-08 13:18:13', '2024-12-08 13:18:13'),
(76, '11-01-2024', 767, 1, 2, '2024-12-08 13:18:13', '2024-12-08 13:18:13'),
(77, '12-01-2024', 685, 1, 2, '2024-12-08 13:18:13', '2024-12-08 13:18:13'),
(78, '01-01-2025', 685, 1, 2, '2024-12-08 13:18:13', '2024-12-08 13:18:13'),
(79, NULL, 732, 2, 2, '2024-12-08 13:18:13', '2024-12-08 13:18:13'),
(80, NULL, 610, 2, 2, '2024-12-08 13:18:13', '2024-12-08 13:18:13'),
(81, NULL, 610, 2, 2, '2024-12-08 13:18:13', '2024-12-08 13:18:13'),
(82, NULL, 504, 2, 2, '2024-12-08 13:18:13', '2024-12-08 13:18:13'),
(83, NULL, 504, 2, 2, '2024-12-08 13:18:13', '2024-12-08 13:18:13'),
(84, NULL, 504, 2, 2, '2024-12-08 13:18:13', '2024-12-08 13:18:13'),
(85, NULL, 349, 2, 2, '2024-12-08 13:18:13', '2024-12-08 13:18:13'),
(86, NULL, 349, 2, 2, '2024-12-08 13:18:13', '2024-12-08 13:18:13'),
(87, NULL, 504, 2, 2, '2024-12-08 13:18:13', '2024-12-08 13:18:13'),
(88, NULL, 342, 2, 2, '2024-12-08 13:18:13', '2024-12-08 13:18:13'),
(89, NULL, 504, 2, 2, '2024-12-08 13:18:13', '2024-12-08 13:18:13'),
(90, NULL, 610, 2, 2, '2024-12-08 13:18:13', '2024-12-08 13:18:13'),
(91, NULL, 391, 2, 2, '2024-12-08 13:18:13', '2024-12-08 13:18:13'),
(92, NULL, 192, 2, 2, '2024-12-08 13:18:13', '2024-12-08 13:18:13'),
(93, NULL, 154, 2, 2, '2024-12-08 13:18:13', '2024-12-08 13:18:13'),
(94, NULL, 273, 2, 2, '2024-12-08 13:18:13', '2024-12-08 13:18:13'),
(95, NULL, 191, 2, 2, '2024-12-08 13:18:13', '2024-12-08 13:18:13'),
(96, NULL, 191, 2, 2, '2024-12-08 13:18:13', '2024-12-08 13:18:13'),
(97, NULL, 126, 2, 2, '2024-12-08 13:18:13', '2024-12-08 13:18:13'),
(98, NULL, 263, 2, 2, '2024-12-08 13:18:13', '2024-12-08 13:18:13'),
(99, NULL, 349, 2, 2, '2024-12-08 13:18:13', '2024-12-08 13:18:13'),
(100, NULL, 252, 2, 2, '2024-12-08 13:18:13', '2024-12-08 13:18:13'),
(101, NULL, 423, 2, 2, '2024-12-08 13:18:13', '2024-12-08 13:18:13'),
(102, NULL, 622, 2, 2, '2024-12-08 13:18:13', '2024-12-08 13:18:13'),
(103, NULL, 470, 2, 2, '2024-12-08 13:18:13', '2024-12-08 13:18:13'),
(104, NULL, 532, 2, 2, '2024-12-08 13:18:13', '2024-12-08 13:18:13'),
(105, '12-01-2022', 540, 1, 3, '2024-12-08 13:18:13', '2024-12-08 13:18:13'),
(106, '01-01-2023', 466, 1, 3, '2024-12-08 13:18:13', '2024-12-08 13:18:13'),
(107, '02-01-2023', 540, 1, 3, '2024-12-08 13:18:13', '2024-12-08 13:18:13'),
(108, '03-01-2023', 466, 1, 3, '2024-12-08 13:18:13', '2024-12-08 13:18:13'),
(109, '04-01-2023', 385, 1, 3, '2024-12-08 13:18:13', '2024-12-08 13:18:13'),
(110, '05-01-2023', 432, 1, 3, '2024-12-08 13:18:13', '2024-12-08 13:18:13'),
(111, '06-01-2023', 334, 1, 3, '2024-12-08 13:18:13', '2024-12-08 13:18:13'),
(112, '07-01-2023', 334, 1, 3, '2024-12-08 13:18:13', '2024-12-08 13:18:13'),
(113, '08-01-2023', 289, 1, 3, '2024-12-08 13:18:13', '2024-12-08 13:18:13'),
(114, '09-01-2023', 289, 1, 3, '2024-12-08 13:18:13', '2024-12-08 13:18:13'),
(115, '10-01-2023', 200, 1, 3, '2024-12-08 13:18:13', '2024-12-08 13:18:13'),
(116, '11-01-2023', 289, 1, 3, '2024-12-08 13:18:13', '2024-12-08 13:18:13'),
(117, '12-01-2023', 222, 1, 3, '2024-12-08 13:18:13', '2024-12-08 13:18:13'),
(118, '01-01-2024', 289, 1, 3, '2024-12-08 13:18:13', '2024-12-08 13:18:13'),
(119, '02-01-2024', 289, 1, 3, '2024-12-08 13:18:13', '2024-12-08 13:18:13'),
(120, '03-01-2024', 403, 1, 3, '2024-12-08 13:18:13', '2024-12-08 13:18:13'),
(121, '04-01-2024', 554, 1, 3, '2024-12-08 13:18:13', '2024-12-08 13:18:13'),
(122, '05-01-2024', 304, 1, 3, '2024-12-08 13:18:13', '2024-12-08 13:18:13'),
(123, '06-01-2024', 289, 1, 3, '2024-12-08 13:18:13', '2024-12-08 13:18:13'),
(124, '07-01-2024', 270, 1, 3, '2024-12-08 13:18:13', '2024-12-08 13:18:13'),
(125, '08-01-2024', 134, 1, 3, '2024-12-08 13:18:13', '2024-12-08 13:18:13'),
(126, '09-01-2024', 270, 1, 3, '2024-12-08 13:18:13', '2024-12-08 13:18:13'),
(127, '10-01-2024', 829, 1, 3, '2024-12-08 13:18:13', '2024-12-08 13:18:13'),
(128, '11-01-2024', 344, 1, 3, '2024-12-08 13:18:13', '2024-12-08 13:18:13'),
(129, '12-01-2024', 388, 1, 3, '2024-12-08 13:18:13', '2024-12-08 13:18:13'),
(130, '01-01-2025', 364, 1, 3, '2024-12-08 13:18:13', '2024-12-08 13:18:13'),
(131, NULL, 689, 2, 3, '2024-12-08 13:18:13', '2024-12-08 13:18:13'),
(132, NULL, 562, 2, 3, '2024-12-08 13:18:13', '2024-12-08 13:18:13'),
(133, NULL, 477, 2, 3, '2024-12-08 13:18:13', '2024-12-08 13:18:13'),
(134, NULL, 477, 2, 3, '2024-12-08 13:18:13', '2024-12-08 13:18:13'),
(135, NULL, 477, 2, 3, '2024-12-08 13:18:13', '2024-12-08 13:18:13'),
(136, NULL, 477, 2, 3, '2024-12-08 13:18:13', '2024-12-08 13:18:13'),
(137, NULL, 458, 2, 3, '2024-12-08 13:18:13', '2024-12-08 13:18:13'),
(138, NULL, 314, 2, 3, '2024-12-08 13:18:13', '2024-12-08 13:18:13'),
(139, NULL, 430, 2, 3, '2024-12-08 13:18:13', '2024-12-08 13:18:13'),
(140, NULL, 378, 2, 3, '2024-12-08 13:18:13', '2024-12-08 13:18:13'),
(141, NULL, 430, 2, 3, '2024-12-08 13:18:13', '2024-12-08 13:18:13'),
(142, NULL, 498, 2, 3, '2024-12-08 13:18:13', '2024-12-08 13:18:13'),
(143, NULL, 642, 2, 3, '2024-12-08 13:18:13', '2024-12-08 13:18:13'),
(144, NULL, 350, 2, 3, '2024-12-08 13:18:13', '2024-12-08 13:18:13'),
(145, NULL, 145, 2, 3, '2024-12-08 13:18:13', '2024-12-08 13:18:13'),
(146, NULL, 145, 2, 3, '2024-12-08 13:18:13', '2024-12-08 13:18:13'),
(147, NULL, 354, 2, 3, '2024-12-08 13:18:13', '2024-12-08 13:18:13'),
(148, NULL, 260, 2, 3, '2024-12-08 13:18:13', '2024-12-08 13:18:13'),
(149, NULL, 188, 2, 3, '2024-12-08 13:18:13', '2024-12-08 13:18:13'),
(150, NULL, 188, 2, 3, '2024-12-08 13:18:13', '2024-12-08 13:18:13'),
(151, NULL, 300, 2, 3, '2024-12-08 13:18:13', '2024-12-08 13:18:13'),
(152, NULL, 300, 2, 3, '2024-12-08 13:18:13', '2024-12-08 13:18:13'),
(153, NULL, 282, 2, 3, '2024-12-08 13:18:13', '2024-12-08 13:18:13'),
(154, NULL, 364, 2, 3, '2024-12-08 13:18:13', '2024-12-08 13:18:13'),
(155, NULL, 660, 2, 3, '2024-12-08 13:18:13', '2024-12-08 13:18:13'),
(156, NULL, 554, 2, 3, '2024-12-08 13:18:13', '2024-12-08 13:18:13'),
(157, '12-01-2022', 800, 1, 4, '2024-12-08 13:18:13', '2024-12-08 13:18:13'),
(158, '01-01-2023', 1600, 1, 4, '2024-12-08 13:18:13', '2024-12-08 13:18:13'),
(159, '02-01-2023', 900, 1, 4, '2024-12-08 13:18:13', '2024-12-08 13:18:13'),
(160, '03-01-2023', 1300, 1, 4, '2024-12-08 13:18:13', '2024-12-08 13:18:13'),
(161, '04-01-2023', 1950, 1, 4, '2024-12-08 13:18:13', '2024-12-08 13:18:13'),
(162, '05-01-2023', 1700, 1, 4, '2024-12-08 13:18:13', '2024-12-08 13:18:13'),
(163, NULL, 4900, 2, 4, '2024-12-08 13:18:13', '2024-12-08 13:18:13'),
(164, NULL, 2600, 2, 4, '2024-12-08 13:18:13', '2024-12-08 13:18:13'),
(165, NULL, 5350, 2, 4, '2024-12-08 13:18:14', '2024-12-08 13:18:14'),
(166, NULL, 4800, 2, 4, '2024-12-08 13:18:14', '2024-12-08 13:18:14'),
(167, NULL, 5200, 2, 4, '2024-12-08 13:18:14', '2024-12-08 13:18:14'),
(168, NULL, 4800, 2, 4, '2024-12-08 13:18:14', '2024-12-08 13:18:14'),
(169, '2022-05-18 11:30:00', 57.81, 1, 5, '2024-12-08 13:18:14', '2024-12-08 13:18:14'),
(170, '2022-05-18 12:00:00', 57.75, 1, 5, '2024-12-08 13:18:14', '2024-12-08 13:18:14'),
(171, '2022-05-18 12:30:00', 55.48, 1, 5, '2024-12-08 13:18:14', '2024-12-08 13:18:14'),
(172, '2022-05-18 13:00:00', 54.28, 1, 5, '2024-12-08 13:18:14', '2024-12-08 13:18:14'),
(173, '2022-05-18 13:30:00', 53.14, 1, 5, '2024-12-08 13:18:14', '2024-12-08 13:18:14'),
(174, '2022-05-18 14:00:00', 52.25, 1, 5, '2024-12-08 13:18:14', '2024-12-08 13:18:14'),
(175, '2022-05-18 14:30:00', 51.04, 1, 5, '2024-12-08 13:18:14', '2024-12-08 13:18:14'),
(176, '2022-05-18 15:00:00', 52.49, 1, 5, '2024-12-08 13:18:14', '2024-12-08 13:18:14'),
(177, '2022-05-18 15:30:00', 55.49, 1, 5, '2024-12-08 13:18:14', '2024-12-08 13:18:14'),
(178, '2022-05-18 16:00:00', 56.87, 1, 5, '2024-12-08 13:18:14', '2024-12-08 13:18:14'),
(179, '2022-05-18 16:30:00', 53.73, 1, 5, '2024-12-08 13:18:14', '2024-12-08 13:18:14'),
(180, '2022-05-18 17:00:00', 56.42, 1, 5, '2024-12-08 13:18:14', '2024-12-08 13:18:14'),
(181, '2022-05-18 17:30:00', 58.06, 1, 5, '2024-12-08 13:18:14', '2024-12-08 13:18:14'),
(182, '2022-05-18 18:00:00', 55.62, 1, 5, '2024-12-08 13:18:14', '2024-12-08 13:18:14'),
(183, '2022-05-18 18:30:00', 58.16, 1, 5, '2024-12-08 13:18:14', '2024-12-08 13:18:14'),
(184, '2022-05-18 19:00:00', 55.22, 1, 5, '2024-12-08 13:18:14', '2024-12-08 13:18:14'),
(185, '2022-05-18 19:30:00', 58.67, 1, 5, '2024-12-08 13:18:14', '2024-12-08 13:18:14'),
(186, '2022-05-18 20:00:00', 60.18, 1, 5, '2024-12-08 13:18:14', '2024-12-08 13:18:14'),
(187, '2022-05-18 20:30:00', 61.31, 1, 5, '2024-12-08 13:18:14', '2024-12-08 13:18:14'),
(188, '2022-05-18 21:00:00', 63.25, 1, 5, '2024-12-08 13:18:14', '2024-12-08 13:18:14'),
(189, '2022-05-18 21:30:00', 65.91, 1, 5, '2024-12-08 13:18:14', '2024-12-08 13:18:14'),
(190, '2022-05-18 22:00:00', 64.44, 1, 5, '2024-12-08 13:18:14', '2024-12-08 13:18:14'),
(191, '2022-05-18 22:30:00', 65.97, 1, 5, '2024-12-08 13:18:14', '2024-12-08 13:18:14'),
(192, '2022-05-18 23:00:00', 62.27, 1, 5, '2024-12-08 13:18:14', '2024-12-08 13:18:14'),
(193, '2022-05-18 23:30:00', 60.96, 1, 5, '2024-12-08 13:18:14', '2024-12-08 13:18:14'),
(194, '2022-05-19 00:00:00', 59.34, 1, 5, '2024-12-08 13:18:14', '2024-12-08 13:18:14'),
(195, '2022-05-19 00:30:00', 55.07, 1, 5, '2024-12-08 13:18:14', '2024-12-08 13:18:14'),
(196, '2022-05-19 01:00:00', 59.85, 1, 5, '2024-12-08 13:18:14', '2024-12-08 13:18:14'),
(197, '2022-05-19 01:30:00', 53.79, 1, 5, '2024-12-08 13:18:14', '2024-12-08 13:18:14'),
(198, '2022-05-19 02:00:00', 51.92, 1, 5, '2024-12-08 13:18:14', '2024-12-08 13:18:14'),
(199, '2022-05-19 02:30:00', 50.95, 1, 5, '2024-12-08 13:18:14', '2024-12-08 13:18:14'),
(200, '2022-05-19 03:00:00', 49.65, 1, 5, '2024-12-08 13:18:14', '2024-12-08 13:18:14'),
(201, '2022-05-19 03:30:00', 48.09, 1, 5, '2024-12-08 13:18:14', '2024-12-08 13:18:14'),
(202, '2022-05-19 04:00:00', 49.81, 1, 5, '2024-12-08 13:18:14', '2024-12-08 13:18:14'),
(203, '2022-05-19 04:30:00', 47.85, 1, 5, '2024-12-08 13:18:14', '2024-12-08 13:18:14'),
(204, '2022-05-19 05:00:00', 49.52, 1, 5, '2024-12-08 13:18:14', '2024-12-08 13:18:14'),
(205, '2022-05-19 05:30:00', 50.21, 1, 5, '2024-12-08 13:18:14', '2024-12-08 13:18:14'),
(206, '2022-05-19 06:00:00', 52.22, 1, 5, '2024-12-08 13:18:14', '2024-12-08 13:18:14'),
(207, '2022-05-19 06:30:00', 54.42, 1, 5, '2024-12-08 13:18:14', '2024-12-08 13:18:14'),
(208, '2022-05-19 07:00:00', 53.42, 1, 5, '2024-12-08 13:18:14', '2024-12-08 13:18:14'),
(209, '2022-05-19 07:30:00', 50.91, 1, 5, '2024-12-08 13:18:14', '2024-12-08 13:18:14'),
(210, '2022-05-19 08:00:00', 58.52, 1, 5, '2024-12-08 13:18:14', '2024-12-08 13:18:14'),
(211, '2022-05-19 08:30:00', 53.37, 1, 5, '2024-12-08 13:18:14', '2024-12-08 13:18:14'),
(212, '2022-05-19 09:00:00', 57.58, 1, 5, '2024-12-08 13:18:14', '2024-12-08 13:18:14'),
(213, '2022-05-19 09:30:00', 59.09, 1, 5, '2024-12-08 13:18:14', '2024-12-08 13:18:14'),
(214, '2022-05-19 10:00:00', 59.36, 1, 5, '2024-12-08 13:18:14', '2024-12-08 13:18:14'),
(215, '2022-05-19 10:30:00', 58.71, 1, 5, '2024-12-08 13:18:14', '2024-12-08 13:18:14'),
(216, '2022-05-19 11:00:00', 59.42, 1, 5, '2024-12-08 13:18:14', '2024-12-08 13:18:14'),
(217, '2022-05-19 11:30:00', 55.93, 1, 5, '2024-12-08 13:18:14', '2024-12-08 13:18:14'),
(218, '2022-05-19 12:00:00', 57.71, 1, 5, '2024-12-08 13:18:14', '2024-12-08 13:18:14'),
(219, '2022-05-19 12:30:00', 50.62, 1, 5, '2024-12-08 13:18:14', '2024-12-08 13:18:14'),
(220, '2022-05-19 13:00:00', 56.28, 1, 5, '2024-12-08 13:18:14', '2024-12-08 13:18:14'),
(221, '2022-05-19 13:30:00', 57.37, 1, 5, '2024-12-08 13:18:14', '2024-12-08 13:18:14'),
(222, '2022-05-19 14:00:00', 53.08, 1, 5, '2024-12-08 13:18:14', '2024-12-08 13:18:14'),
(223, '2022-05-19 14:30:00', 55.94, 1, 5, '2024-12-08 13:18:14', '2024-12-08 13:18:14'),
(224, '2022-05-19 15:00:00', 55.82, 1, 5, '2024-12-08 13:18:14', '2024-12-08 13:18:14'),
(225, '2022-05-19 15:30:00', 53.94, 1, 5, '2024-12-08 13:18:14', '2024-12-08 13:18:14'),
(226, '2022-05-19 16:00:00', 52.65, 1, 5, '2024-12-08 13:18:14', '2024-12-08 13:18:14'),
(227, '2022-05-19 16:30:00', 50.25, 1, 5, '2024-12-08 13:18:14', '2024-12-08 13:18:14'),
(228, 'United States', 35, NULL, 6, '2024-12-08 13:18:14', '2024-12-08 13:18:14'),
(229, 'Italy', 30, NULL, 6, '2024-12-08 13:18:14', '2024-12-08 13:18:14'),
(230, 'Other', 35, NULL, 6, '2024-12-08 13:18:14', '2024-12-08 13:18:14'),
(231, '12-01-2022', 73, 1, 8, '2024-12-08 13:18:14', '2024-12-08 13:18:14'),
(232, '01-01-2023', 64, 1, 8, '2024-12-08 13:18:14', '2024-12-08 13:18:14'),
(233, '02-01-2023', 73, 1, 8, '2024-12-08 13:18:14', '2024-12-08 13:18:14'),
(234, '03-01-2023', 69, 1, 8, '2024-12-08 13:18:14', '2024-12-08 13:18:14'),
(235, '04-01-2023', 104, 1, 8, '2024-12-08 13:18:14', '2024-12-08 13:18:14'),
(236, '05-01-2023', 104, 1, 8, '2024-12-08 13:18:14', '2024-12-08 13:18:14'),
(237, '06-01-2023', 164, 1, 8, '2024-12-08 13:18:14', '2024-12-08 13:18:14'),
(238, '07-01-2023', 164, 1, 8, '2024-12-08 13:18:14', '2024-12-08 13:18:14'),
(239, '08-01-2023', 120, 1, 8, '2024-12-08 13:18:14', '2024-12-08 13:18:14'),
(240, '09-01-2023', 120, 1, 8, '2024-12-08 13:18:14', '2024-12-08 13:18:14'),
(241, '10-01-2023', 120, 1, 8, '2024-12-08 13:18:14', '2024-12-08 13:18:14'),
(242, '11-01-2023', 148, 1, 8, '2024-12-08 13:18:14', '2024-12-08 13:18:14'),
(243, '12-01-2023', 142, 1, 8, '2024-12-08 13:18:14', '2024-12-08 13:18:14'),
(244, '01-01-2024', 104, 1, 8, '2024-12-08 13:18:14', '2024-12-08 13:18:14'),
(245, '02-01-2024', 122, 1, 8, '2024-12-08 13:18:14', '2024-12-08 13:18:14'),
(246, '03-01-2024', 110, 1, 8, '2024-12-08 13:18:14', '2024-12-08 13:18:14'),
(247, '04-01-2024', 104, 1, 8, '2024-12-08 13:18:14', '2024-12-08 13:18:14'),
(248, '05-01-2024', 152, 1, 8, '2024-12-08 13:18:14', '2024-12-08 13:18:14'),
(249, '06-01-2024', 166, 1, 8, '2024-12-08 13:18:14', '2024-12-08 13:18:14'),
(250, '07-01-2024', 233, 1, 8, '2024-12-08 13:18:14', '2024-12-08 13:18:14'),
(251, '08-01-2024', 268, 1, 8, '2024-12-08 13:18:14', '2024-12-08 13:18:14'),
(252, '09-01-2024', 252, 1, 8, '2024-12-08 13:18:14', '2024-12-08 13:18:14'),
(253, '10-01-2024', 284, 1, 8, '2024-12-08 13:18:14', '2024-12-08 13:18:14'),
(254, '11-01-2024', 284, 1, 8, '2024-12-08 13:18:14', '2024-12-08 13:18:14'),
(255, '12-01-2024', 333, 1, 8, '2024-12-08 13:18:14', '2024-12-08 13:18:14'),
(256, '01-01-2025', 323, 1, 8, '2024-12-08 13:18:14', '2024-12-08 13:18:14'),
(257, NULL, 184, 2, 8, '2024-12-08 13:18:14', '2024-12-08 13:18:14'),
(258, NULL, 86, 2, 8, '2024-12-08 13:18:14', '2024-12-08 13:18:14'),
(259, NULL, 42, 2, 8, '2024-12-08 13:18:14', '2024-12-08 13:18:14'),
(260, NULL, 378, 2, 8, '2024-12-08 13:18:14', '2024-12-08 13:18:14'),
(261, NULL, 42, 2, 8, '2024-12-08 13:18:14', '2024-12-08 13:18:14'),
(262, NULL, 243, 2, 8, '2024-12-08 13:18:14', '2024-12-08 13:18:14'),
(263, NULL, 38, 2, 8, '2024-12-08 13:18:14', '2024-12-08 13:18:14'),
(264, NULL, 120, 2, 8, '2024-12-08 13:18:14', '2024-12-08 13:18:14'),
(265, NULL, 0, 2, 8, '2024-12-08 13:18:14', '2024-12-08 13:18:14'),
(266, NULL, 0, 2, 8, '2024-12-08 13:18:14', '2024-12-08 13:18:14'),
(267, NULL, 42, 2, 8, '2024-12-08 13:18:14', '2024-12-08 13:18:14'),
(268, NULL, 0, 2, 8, '2024-12-08 13:18:14', '2024-12-08 13:18:14'),
(269, NULL, 84, 2, 8, '2024-12-08 13:18:14', '2024-12-08 13:18:14'),
(270, NULL, 0, 2, 8, '2024-12-08 13:18:14', '2024-12-08 13:18:14'),
(271, NULL, 276, 2, 8, '2024-12-08 13:18:14', '2024-12-08 13:18:14'),
(272, NULL, 0, 2, 8, '2024-12-08 13:18:14', '2024-12-08 13:18:14'),
(273, NULL, 124, 2, 8, '2024-12-08 13:18:14', '2024-12-08 13:18:14'),
(274, NULL, 42, 2, 8, '2024-12-08 13:18:14', '2024-12-08 13:18:14'),
(275, NULL, 124, 2, 8, '2024-12-08 13:18:14', '2024-12-08 13:18:14'),
(276, NULL, 88, 2, 8, '2024-12-08 13:18:14', '2024-12-08 13:18:14'),
(277, NULL, 88, 2, 8, '2024-12-08 13:18:14', '2024-12-08 13:18:14'),
(278, NULL, 215, 2, 8, '2024-12-08 13:18:14', '2024-12-08 13:18:14'),
(279, NULL, 156, 2, 8, '2024-12-08 13:18:14', '2024-12-08 13:18:14'),
(280, NULL, 88, 2, 8, '2024-12-08 13:18:14', '2024-12-08 13:18:14'),
(281, NULL, 124, 2, 8, '2024-12-08 13:18:14', '2024-12-08 13:18:14'),
(282, NULL, 64, 2, 8, '2024-12-08 13:18:14', '2024-12-08 13:18:14'),
(283, NULL, 122, 3, 8, '2024-12-08 13:18:14', '2024-12-08 13:18:14'),
(284, NULL, 170, 3, 8, '2024-12-08 13:18:14', '2024-12-08 13:18:14'),
(285, NULL, 192, 3, 8, '2024-12-08 13:18:14', '2024-12-08 13:18:14'),
(286, NULL, 86, 3, 8, '2024-12-08 13:18:14', '2024-12-08 13:18:14'),
(287, NULL, 102, 3, 8, '2024-12-08 13:18:14', '2024-12-08 13:18:14'),
(288, NULL, 124, 3, 8, '2024-12-08 13:18:14', '2024-12-08 13:18:14'),
(289, NULL, 115, 3, 8, '2024-12-08 13:18:14', '2024-12-08 13:18:14'),
(290, NULL, 115, 3, 8, '2024-12-08 13:18:14', '2024-12-08 13:18:14'),
(291, NULL, 56, 3, 8, '2024-12-08 13:18:14', '2024-12-08 13:18:14'),
(292, NULL, 104, 3, 8, '2024-12-08 13:18:14', '2024-12-08 13:18:14'),
(293, NULL, 0, 3, 8, '2024-12-08 13:18:14', '2024-12-08 13:18:14'),
(294, NULL, 72, 3, 8, '2024-12-08 13:18:14', '2024-12-08 13:18:14'),
(295, NULL, 208, 3, 8, '2024-12-08 13:18:14', '2024-12-08 13:18:14'),
(296, NULL, 186, 3, 8, '2024-12-08 13:18:14', '2024-12-08 13:18:14'),
(297, NULL, 223, 3, 8, '2024-12-08 13:18:14', '2024-12-08 13:18:14'),
(298, NULL, 188, 3, 8, '2024-12-08 13:18:14', '2024-12-08 13:18:14'),
(299, NULL, 114, 3, 8, '2024-12-08 13:18:14', '2024-12-08 13:18:14'),
(300, NULL, 162, 3, 8, '2024-12-08 13:18:14', '2024-12-08 13:18:14'),
(301, NULL, 200, 3, 8, '2024-12-08 13:18:14', '2024-12-08 13:18:14'),
(302, NULL, 150, 3, 8, '2024-12-08 13:18:14', '2024-12-08 13:18:14'),
(303, NULL, 118, 3, 8, '2024-12-08 13:18:14', '2024-12-08 13:18:14'),
(304, NULL, 118, 3, 8, '2024-12-08 13:18:14', '2024-12-08 13:18:14'),
(305, NULL, 76, 3, 8, '2024-12-08 13:18:14', '2024-12-08 13:18:14'),
(306, NULL, 122, 3, 8, '2024-12-08 13:18:14', '2024-12-08 13:18:14'),
(307, NULL, 230, 3, 8, '2024-12-08 13:18:14', '2024-12-08 13:18:14'),
(308, NULL, 268, 3, 8, '2024-12-08 13:18:15', '2024-12-08 13:18:15'),
(309, '12-01-2022', 6200, 1, 9, '2024-12-08 13:18:15', '2024-12-08 13:18:15'),
(310, '01-01-2023', 9200, 1, 9, '2024-12-08 13:18:15', '2024-12-08 13:18:15'),
(311, '02-01-2023', 6600, 1, 9, '2024-12-08 13:18:15', '2024-12-08 13:18:15'),
(312, '03-01-2023', 8800, 1, 9, '2024-12-08 13:18:15', '2024-12-08 13:18:15'),
(313, '04-01-2023', 5200, 1, 9, '2024-12-08 13:18:15', '2024-12-08 13:18:15'),
(314, '05-01-2023', 9200, 1, 9, '2024-12-08 13:18:15', '2024-12-08 13:18:15'),
(315, NULL, -4000, 2, 9, '2024-12-08 13:18:15', '2024-12-08 13:18:15'),
(316, NULL, -2600, 2, 9, '2024-12-08 13:18:15', '2024-12-08 13:18:15'),
(317, NULL, -5350, 2, 9, '2024-12-08 13:18:15', '2024-12-08 13:18:15'),
(318, NULL, -4000, 2, 9, '2024-12-08 13:18:15', '2024-12-08 13:18:15'),
(319, NULL, -7500, 2, 9, '2024-12-08 13:18:15', '2024-12-08 13:18:15'),
(320, NULL, -2000, 2, 9, '2024-12-08 13:18:15', '2024-12-08 13:18:15'),
(321, '12-01-2022', 5000, 1, 10, '2024-12-08 13:18:15', '2024-12-08 13:18:15'),
(322, '01-01-2023', 8700, 1, 10, '2024-12-08 13:18:15', '2024-12-08 13:18:15'),
(323, '02-01-2023', 7500, 1, 10, '2024-12-08 13:18:15', '2024-12-08 13:18:15'),
(324, '03-01-2023', 12000, 1, 10, '2024-12-08 13:18:15', '2024-12-08 13:18:15'),
(325, '04-01-2023', 11000, 1, 10, '2024-12-08 13:18:15', '2024-12-08 13:18:15'),
(326, '05-01-2023', 9500, 1, 10, '2024-12-08 13:18:15', '2024-12-08 13:18:15'),
(327, '06-01-2023', 10500, 1, 10, '2024-12-08 13:18:15', '2024-12-08 13:18:15'),
(328, '07-01-2023', 10000, 1, 10, '2024-12-08 13:18:15', '2024-12-08 13:18:15'),
(329, '08-01-2023', 15000, 1, 10, '2024-12-08 13:18:15', '2024-12-08 13:18:15'),
(330, '09-01-2023', 9000, 1, 10, '2024-12-08 13:18:15', '2024-12-08 13:18:15'),
(331, '10-01-2023', 10000, 1, 10, '2024-12-08 13:18:15', '2024-12-08 13:18:15'),
(332, '11-01-2023', 7000, 1, 10, '2024-12-08 13:18:15', '2024-12-08 13:18:15'),
(333, '12-01-2023', 22000, 1, 10, '2024-12-08 13:18:15', '2024-12-08 13:18:15'),
(334, '01-01-2024', 7200, 1, 10, '2024-12-08 13:18:15', '2024-12-08 13:18:15'),
(335, '02-01-2024', 9800, 1, 10, '2024-12-08 13:18:15', '2024-12-08 13:18:15'),
(336, '03-01-2024', 9000, 1, 10, '2024-12-08 13:18:15', '2024-12-08 13:18:15'),
(337, '04-01-2024', 10000, 1, 10, '2024-12-08 13:18:15', '2024-12-08 13:18:15'),
(338, '05-01-2024', 8000, 1, 10, '2024-12-08 13:18:15', '2024-12-08 13:18:15'),
(339, '06-01-2024', 15000, 1, 10, '2024-12-08 13:18:15', '2024-12-08 13:18:15'),
(340, '07-01-2024', 12000, 1, 10, '2024-12-08 13:18:15', '2024-12-08 13:18:15'),
(341, '08-01-2024', 11000, 1, 10, '2024-12-08 13:18:15', '2024-12-08 13:18:15'),
(342, '09-01-2024', 13000, 1, 10, '2024-12-08 13:18:15', '2024-12-08 13:18:15'),
(343, '10-01-2024', 11000, 1, 10, '2024-12-08 13:18:15', '2024-12-08 13:18:15'),
(344, '11-01-2024', 15000, 1, 10, '2024-12-08 13:18:15', '2024-12-08 13:18:15'),
(345, '12-01-2024', 17000, 1, 10, '2024-12-08 13:18:15', '2024-12-08 13:18:15'),
(346, '01-01-2025', 18000, 1, 10, '2024-12-08 13:18:15', '2024-12-08 13:18:15'),
(347, NULL, 8000, 2, 10, '2024-12-08 13:18:15', '2024-12-08 13:18:15'),
(348, NULL, 5000, 2, 10, '2024-12-08 13:18:15', '2024-12-08 13:18:15'),
(349, NULL, 6500, 2, 10, '2024-12-08 13:18:15', '2024-12-08 13:18:15'),
(350, NULL, 5000, 2, 10, '2024-12-08 13:18:15', '2024-12-08 13:18:15'),
(351, NULL, 6500, 2, 10, '2024-12-08 13:18:15', '2024-12-08 13:18:15'),
(352, NULL, 12000, 2, 10, '2024-12-08 13:18:15', '2024-12-08 13:18:15'),
(353, NULL, 8000, 2, 10, '2024-12-08 13:18:15', '2024-12-08 13:18:15'),
(354, NULL, 9000, 2, 10, '2024-12-08 13:18:15', '2024-12-08 13:18:15'),
(355, NULL, 8000, 2, 10, '2024-12-08 13:18:15', '2024-12-08 13:18:15'),
(356, NULL, 8000, 2, 10, '2024-12-08 13:18:15', '2024-12-08 13:18:15'),
(357, NULL, 12500, 2, 10, '2024-12-08 13:18:15', '2024-12-08 13:18:15'),
(358, NULL, 10000, 2, 10, '2024-12-08 13:18:15', '2024-12-08 13:18:15'),
(359, NULL, 10000, 2, 10, '2024-12-08 13:18:15', '2024-12-08 13:18:15'),
(360, NULL, 12000, 2, 10, '2024-12-08 13:18:15', '2024-12-08 13:18:15'),
(361, NULL, 11000, 2, 10, '2024-12-08 13:18:15', '2024-12-08 13:18:15'),
(362, NULL, 16000, 2, 10, '2024-12-08 13:18:15', '2024-12-08 13:18:15'),
(363, NULL, 12000, 2, 10, '2024-12-08 13:18:15', '2024-12-08 13:18:15'),
(364, NULL, 10000, 2, 10, '2024-12-08 13:18:15', '2024-12-08 13:18:15'),
(365, NULL, 10000, 2, 10, '2024-12-08 13:18:15', '2024-12-08 13:18:15'),
(366, NULL, 14000, 2, 10, '2024-12-08 13:18:15', '2024-12-08 13:18:15'),
(367, NULL, 9000, 2, 10, '2024-12-08 13:18:15', '2024-12-08 13:18:15'),
(368, NULL, 10000, 2, 10, '2024-12-08 13:18:15', '2024-12-08 13:18:15'),
(369, NULL, 15000, 2, 10, '2024-12-08 13:18:15', '2024-12-08 13:18:15'),
(370, NULL, 12500, 2, 10, '2024-12-08 13:18:15', '2024-12-08 13:18:15'),
(371, NULL, 14000, 2, 10, '2024-12-08 13:18:15', '2024-12-08 13:18:15'),
(372, NULL, 11000, 2, 10, '2024-12-08 13:18:15', '2024-12-08 13:18:15'),
(373, '12-01-2022', 732, NULL, 11, '2024-12-08 13:18:15', '2024-12-08 13:18:15'),
(374, '01-01-2023', 610, NULL, 11, '2024-12-08 13:18:15', '2024-12-08 13:18:15'),
(375, '02-01-2023', 610, NULL, 11, '2024-12-08 13:18:15', '2024-12-08 13:18:15'),
(376, '03-01-2023', 504, NULL, 11, '2024-12-08 13:18:15', '2024-12-08 13:18:15'),
(377, '04-01-2023', 504, NULL, 11, '2024-12-08 13:18:15', '2024-12-08 13:18:15'),
(378, '05-01-2023', 504, NULL, 11, '2024-12-08 13:18:15', '2024-12-08 13:18:15'),
(379, '06-01-2023', 349, NULL, 11, '2024-12-08 13:18:15', '2024-12-08 13:18:15'),
(380, '07-01-2023', 349, NULL, 11, '2024-12-08 13:18:15', '2024-12-08 13:18:15'),
(381, '08-01-2023', 504, NULL, 11, '2024-12-08 13:18:15', '2024-12-08 13:18:15'),
(382, '09-01-2023', 342, NULL, 11, '2024-12-08 13:18:15', '2024-12-08 13:18:15'),
(383, '10-01-2023', 504, NULL, 11, '2024-12-08 13:18:15', '2024-12-08 13:18:15'),
(384, '11-01-2023', 610, NULL, 11, '2024-12-08 13:18:15', '2024-12-08 13:18:15'),
(385, '12-01-2023', 391, NULL, 11, '2024-12-08 13:18:15', '2024-12-08 13:18:15'),
(386, '01-01-2024', 192, NULL, 11, '2024-12-08 13:18:15', '2024-12-08 13:18:15'),
(387, '02-01-2024', 154, NULL, 11, '2024-12-08 13:18:15', '2024-12-08 13:18:15'),
(388, '03-01-2024', 273, NULL, 11, '2024-12-08 13:18:15', '2024-12-08 13:18:15'),
(389, '04-01-2024', 191, NULL, 11, '2024-12-08 13:18:15', '2024-12-08 13:18:15'),
(390, '05-01-2024', 191, NULL, 11, '2024-12-08 13:18:15', '2024-12-08 13:18:15'),
(391, '06-01-2024', 126, NULL, 11, '2024-12-08 13:18:15', '2024-12-08 13:18:15'),
(392, '07-01-2024', 263, NULL, 11, '2024-12-08 13:18:15', '2024-12-08 13:18:15'),
(393, '08-01-2024', 349, NULL, 11, '2024-12-08 13:18:15', '2024-12-08 13:18:15'),
(394, '09-01-2024', 252, NULL, 11, '2024-12-08 13:18:15', '2024-12-08 13:18:15'),
(395, '10-01-2024', 423, NULL, 11, '2024-12-08 13:18:15', '2024-12-08 13:18:15'),
(396, '11-01-2024', 622, NULL, 11, '2024-12-08 13:18:15', '2024-12-08 13:18:15'),
(397, '12-01-2024', 470, NULL, 11, '2024-12-08 13:18:15', '2024-12-08 13:18:15'),
(398, '01-01-2025', 532, NULL, 11, '2024-12-08 13:18:15', '2024-12-08 13:18:15'),
(399, '12-01-2022', 5000, 1, 12, '2024-12-08 13:18:15', '2024-12-08 13:18:15'),
(400, '01-01-2023', 4000, 1, 12, '2024-12-08 13:18:15', '2024-12-08 13:18:15'),
(401, '02-01-2023', 4000, 1, 12, '2024-12-08 13:18:15', '2024-12-08 13:18:15'),
(402, '03-01-2023', 3800, 1, 12, '2024-12-08 13:18:15', '2024-12-08 13:18:15'),
(403, '04-01-2023', 5200, 1, 12, '2024-12-08 13:18:15', '2024-12-08 13:18:15'),
(404, '05-01-2023', 5100, 1, 12, '2024-12-08 13:18:15', '2024-12-08 13:18:15'),
(405, NULL, 2500, 2, 12, '2024-12-08 13:18:15', '2024-12-08 13:18:15'),
(406, NULL, 2600, 2, 12, '2024-12-08 13:18:15', '2024-12-08 13:18:15'),
(407, NULL, 4000, 2, 12, '2024-12-08 13:18:15', '2024-12-08 13:18:15'),
(408, NULL, 4000, 2, 12, '2024-12-08 13:18:15', '2024-12-08 13:18:15'),
(409, NULL, 4800, 2, 12, '2024-12-08 13:18:15', '2024-12-08 13:18:15'),
(410, NULL, 3500, 2, 12, '2024-12-08 13:18:15', '2024-12-08 13:18:15'),
(411, NULL, 2300, 3, 12, '2024-12-08 13:18:15', '2024-12-08 13:18:15'),
(412, NULL, 2000, 3, 12, '2024-12-08 13:18:15', '2024-12-08 13:18:15'),
(413, NULL, 3100, 3, 12, '2024-12-08 13:18:15', '2024-12-08 13:18:15'),
(414, NULL, 2700, 3, 12, '2024-12-08 13:18:15', '2024-12-08 13:18:15'),
(415, NULL, 1300, 3, 12, '2024-12-08 13:18:15', '2024-12-08 13:18:15'),
(416, NULL, 2600, 3, 12, '2024-12-08 13:18:15', '2024-12-08 13:18:15'),
(417, NULL, 4800, 4, 12, '2024-12-08 13:18:15', '2024-12-08 13:18:15'),
(418, NULL, 4200, 4, 12, '2024-12-08 13:18:15', '2024-12-08 13:18:15'),
(419, NULL, 4800, 4, 12, '2024-12-08 13:18:15', '2024-12-08 13:18:15'),
(420, NULL, 1800, 4, 12, '2024-12-08 13:18:15', '2024-12-08 13:18:15'),
(421, NULL, 3300, 4, 12, '2024-12-08 13:18:15', '2024-12-08 13:18:15'),
(422, NULL, 3500, 4, 12, '2024-12-08 13:18:15', '2024-12-08 13:18:15'),
(423, '02-01-2023', 8000, 1, 13, '2024-12-08 13:18:15', '2024-12-08 13:18:15'),
(424, '03-01-2023', 3800, 1, 13, '2024-12-08 13:18:15', '2024-12-08 13:18:15'),
(425, '04-01-2023', 5350, 1, 13, '2024-12-08 13:18:15', '2024-12-08 13:18:15'),
(426, '05-01-2023', 7800, 1, 13, '2024-12-08 13:18:15', '2024-12-08 13:18:15'),
(427, NULL, 4000, 2, 13, '2024-12-08 13:18:15', '2024-12-08 13:18:15'),
(428, NULL, 6500, 2, 13, '2024-12-08 13:18:15', '2024-12-08 13:18:15'),
(429, NULL, 2200, 2, 13, '2024-12-08 13:18:15', '2024-12-08 13:18:15'),
(430, NULL, 5800, 2, 13, '2024-12-08 13:18:15', '2024-12-08 13:18:15'),
(431, 'Desktop', 12, NULL, 14, '2024-12-08 13:18:15', '2024-12-08 13:18:15'),
(432, 'Mobile', 50, NULL, 14, '2024-12-08 13:18:15', '2024-12-08 13:18:15'),
(433, 'Tablet', 38, NULL, 14, '2024-12-08 13:18:15', '2024-12-08 13:18:15'),
(434, '<18', 30, NULL, 15, '2024-12-08 13:18:15', '2024-12-08 13:18:15'),
(435, '18-24', 50, NULL, 15, '2024-12-08 13:18:15', '2024-12-08 13:18:15'),
(436, '24-36', 5, NULL, 15, '2024-12-08 13:18:15', '2024-12-08 13:18:15'),
(437, '>35', 15, NULL, 15, '2024-12-08 13:18:15', '2024-12-08 13:18:15'),
(438, 'Males', 500, NULL, 16, '2024-12-08 13:18:15', '2024-12-08 13:18:15'),
(439, 'Females', 326, NULL, 16, '2024-12-08 13:18:15', '2024-12-08 13:18:15'),
(440, 'Unknown', 242, NULL, 16, '2024-12-08 13:18:15', '2024-12-08 13:18:15'),
(441, '12-01-2022', 0, 1, 17, '2024-12-08 13:18:15', '2024-12-08 13:18:15'),
(442, '01-01-2023', 2.5, 1, 17, '2024-12-08 13:18:16', '2024-12-08 13:18:16'),
(443, '02-01-2023', 2.5, 1, 17, '2024-12-08 13:18:16', '2024-12-08 13:18:16'),
(444, '03-01-2023', 4, 1, 17, '2024-12-08 13:18:16', '2024-12-08 13:18:16'),
(445, '04-01-2023', 2.5, 1, 17, '2024-12-08 13:18:16', '2024-12-08 13:18:16'),
(446, '05-01-2023', 3.8, 1, 17, '2024-12-08 13:18:16', '2024-12-08 13:18:16'),
(447, '06-01-2023', 5, 1, 17, '2024-12-08 13:18:16', '2024-12-08 13:18:16'),
(448, '07-01-2023', 9, 1, 17, '2024-12-08 13:18:16', '2024-12-08 13:18:16'),
(449, '08-01-2023', 7.5, 1, 17, '2024-12-08 13:18:16', '2024-12-08 13:18:16'),
(450, '09-01-2023', 11, 1, 17, '2024-12-08 13:18:16', '2024-12-08 13:18:16'),
(451, '10-01-2023', 14, 1, 17, '2024-12-08 13:18:16', '2024-12-08 13:18:16'),
(452, '11-01-2023', 15, 1, 17, '2024-12-08 13:18:16', '2024-12-08 13:18:16'),
(453, '12-01-2023', 17, 1, 17, '2024-12-08 13:18:16', '2024-12-08 13:18:16'),
(454, '01-01-2024', 15, 1, 17, '2024-12-08 13:18:16', '2024-12-08 13:18:16'),
(455, '02-01-2024', 14, 1, 17, '2024-12-08 13:18:16', '2024-12-08 13:18:16'),
(456, '03-01-2024', 9, 1, 17, '2024-12-08 13:18:16', '2024-12-08 13:18:16'),
(457, '04-01-2024', 15, 1, 17, '2024-12-08 13:18:16', '2024-12-08 13:18:16'),
(458, '05-01-2024', 26, 1, 17, '2024-12-08 13:18:16', '2024-12-08 13:18:16'),
(459, '06-01-2024', 16, 1, 17, '2024-12-08 13:18:16', '2024-12-08 13:18:16'),
(460, '07-01-2024', 18, 1, 17, '2024-12-08 13:18:16', '2024-12-08 13:18:16'),
(461, '08-01-2024', 15, 1, 17, '2024-12-08 13:18:16', '2024-12-08 13:18:16'),
(462, '09-01-2024', 20, 1, 17, '2024-12-08 13:18:16', '2024-12-08 13:18:16'),
(463, '10-01-2024', 18, 1, 17, '2024-12-08 13:18:16', '2024-12-08 13:18:16'),
(464, '11-01-2024', 19, 1, 17, '2024-12-08 13:18:16', '2024-12-08 13:18:16'),
(465, '12-01-2024', 19, 1, 17, '2024-12-08 13:18:16', '2024-12-08 13:18:16'),
(466, '01-01-2025', 24, 1, 17, '2024-12-08 13:18:16', '2024-12-08 13:18:16'),
(467, '02-01-2025', 29, 1, 17, '2024-12-08 13:18:16', '2024-12-08 13:18:16'),
(468, '03-01-2025', 26, 1, 17, '2024-12-08 13:18:16', '2024-12-08 13:18:16'),
(469, '04-01-2025', 39, 1, 17, '2024-12-08 13:18:16', '2024-12-08 13:18:16'),
(470, '05-01-2025', 27, 1, 17, '2024-12-08 13:18:16', '2024-12-08 13:18:16'),
(471, '06-01-2025', 35, 1, 17, '2024-12-08 13:18:16', '2024-12-08 13:18:16'),
(472, '07-01-2025', 32, 1, 17, '2024-12-08 13:18:16', '2024-12-08 13:18:16'),
(473, '08-01-2025', 29, 1, 17, '2024-12-08 13:18:16', '2024-12-08 13:18:16'),
(474, '09-01-2025', 35, 1, 17, '2024-12-08 13:18:16', '2024-12-08 13:18:16'),
(475, '10-01-2025', 36, 1, 17, '2024-12-08 13:18:16', '2024-12-08 13:18:16'),
(476, '11-01-2025', 34, 1, 17, '2024-12-08 13:18:16', '2024-12-08 13:18:16'),
(477, '12-01-2025', 39, 1, 17, '2024-12-08 13:18:16', '2024-12-08 13:18:16'),
(478, '01-01-2026', 36, 1, 17, '2024-12-08 13:18:16', '2024-12-08 13:18:16'),
(479, '02-01-2026', 41, 1, 17, '2024-12-08 13:18:16', '2024-12-08 13:18:16'),
(480, '03-01-2026', 41, 1, 17, '2024-12-08 13:18:16', '2024-12-08 13:18:16'),
(481, '04-01-2026', 48, 1, 17, '2024-12-08 13:18:16', '2024-12-08 13:18:16'),
(482, NULL, 0, 2, 17, '2024-12-08 13:18:16', '2024-12-08 13:18:16'),
(483, NULL, 1, 2, 17, '2024-12-08 13:18:16', '2024-12-08 13:18:16'),
(484, NULL, 2, 2, 17, '2024-12-08 13:18:16', '2024-12-08 13:18:16'),
(485, NULL, 3, 2, 17, '2024-12-08 13:18:16', '2024-12-08 13:18:16'),
(486, NULL, 4, 2, 17, '2024-12-08 13:18:16', '2024-12-08 13:18:16'),
(487, NULL, 5, 2, 17, '2024-12-08 13:18:16', '2024-12-08 13:18:16'),
(488, NULL, 6, 2, 17, '2024-12-08 13:18:16', '2024-12-08 13:18:16'),
(489, NULL, 7, 2, 17, '2024-12-08 13:18:16', '2024-12-08 13:18:16'),
(490, NULL, 8, 2, 17, '2024-12-08 13:18:16', '2024-12-08 13:18:16'),
(491, NULL, 9, 2, 17, '2024-12-08 13:18:16', '2024-12-08 13:18:16'),
(492, NULL, 10, 2, 17, '2024-12-08 13:18:16', '2024-12-08 13:18:16'),
(493, NULL, 11, 2, 17, '2024-12-08 13:18:16', '2024-12-08 13:18:16'),
(494, NULL, 12, 2, 17, '2024-12-08 13:18:16', '2024-12-08 13:18:16'),
(495, NULL, 13, 2, 17, '2024-12-08 13:18:16', '2024-12-08 13:18:16'),
(496, NULL, 14, 2, 17, '2024-12-08 13:18:16', '2024-12-08 13:18:16'),
(497, NULL, 15, 2, 17, '2024-12-08 13:18:16', '2024-12-08 13:18:16'),
(498, NULL, 16, 2, 17, '2024-12-08 13:18:16', '2024-12-08 13:18:16'),
(499, NULL, 17, 2, 17, '2024-12-08 13:18:16', '2024-12-08 13:18:16'),
(500, NULL, 18, 2, 17, '2024-12-08 13:18:16', '2024-12-08 13:18:16'),
(501, NULL, 19, 2, 17, '2024-12-08 13:18:16', '2024-12-08 13:18:16'),
(502, NULL, 20, 2, 17, '2024-12-08 13:18:16', '2024-12-08 13:18:16'),
(503, NULL, 21, 2, 17, '2024-12-08 13:18:16', '2024-12-08 13:18:16'),
(504, NULL, 22, 2, 17, '2024-12-08 13:18:16', '2024-12-08 13:18:16'),
(505, NULL, 23, 2, 17, '2024-12-08 13:18:16', '2024-12-08 13:18:16'),
(506, NULL, 24, 2, 17, '2024-12-08 13:18:16', '2024-12-08 13:18:16'),
(507, NULL, 25, 2, 17, '2024-12-08 13:18:16', '2024-12-08 13:18:16'),
(508, NULL, 26, 2, 17, '2024-12-08 13:18:16', '2024-12-08 13:18:16'),
(509, NULL, 27, 2, 17, '2024-12-08 13:18:16', '2024-12-08 13:18:16'),
(510, NULL, 28, 2, 17, '2024-12-08 13:18:16', '2024-12-08 13:18:16'),
(511, NULL, 29, 2, 17, '2024-12-08 13:18:16', '2024-12-08 13:18:16'),
(512, NULL, 30, 2, 17, '2024-12-08 13:18:16', '2024-12-08 13:18:16'),
(513, NULL, 31, 2, 17, '2024-12-08 13:18:16', '2024-12-08 13:18:16'),
(514, NULL, 32, 2, 17, '2024-12-08 13:18:16', '2024-12-08 13:18:16'),
(515, NULL, 33, 2, 17, '2024-12-08 13:18:16', '2024-12-08 13:18:16'),
(516, NULL, 34, 2, 17, '2024-12-08 13:18:16', '2024-12-08 13:18:16'),
(517, NULL, 35, 2, 17, '2024-12-08 13:18:16', '2024-12-08 13:18:16'),
(518, NULL, 36, 2, 17, '2024-12-08 13:18:16', '2024-12-08 13:18:16'),
(519, NULL, 37, 2, 17, '2024-12-08 13:18:16', '2024-12-08 13:18:16'),
(520, NULL, 38, 2, 17, '2024-12-08 13:18:16', '2024-12-08 13:18:16'),
(521, NULL, 39, 2, 17, '2024-12-08 13:18:16', '2024-12-08 13:18:16'),
(522, NULL, 40, 2, 17, '2024-12-08 13:18:16', '2024-12-08 13:18:16'),
(523, NULL, 0.7, 3, 17, '2024-12-08 13:18:16', '2024-12-08 13:18:16'),
(524, NULL, 3.5, 3, 17, '2024-12-08 13:18:16', '2024-12-08 13:18:16'),
(525, NULL, 4.5, 3, 17, '2024-12-08 13:18:16', '2024-12-08 13:18:16'),
(526, NULL, 3.5, 3, 17, '2024-12-08 13:18:16', '2024-12-08 13:18:16'),
(527, NULL, 4.2, 3, 17, '2024-12-08 13:18:16', '2024-12-08 13:18:16'),
(528, NULL, 4.6, 3, 17, '2024-12-08 13:18:16', '2024-12-08 13:18:16'),
(529, NULL, 6, 3, 17, '2024-12-08 13:18:16', '2024-12-08 13:18:16'),
(530, NULL, 7, 3, 17, '2024-12-08 13:18:16', '2024-12-08 13:18:16'),
(531, NULL, 6, 3, 17, '2024-12-08 13:18:16', '2024-12-08 13:18:16'),
(532, NULL, 6, 3, 17, '2024-12-08 13:18:16', '2024-12-08 13:18:16'),
(533, NULL, 11, 3, 17, '2024-12-08 13:18:16', '2024-12-08 13:18:16'),
(534, NULL, 13, 3, 17, '2024-12-08 13:18:16', '2024-12-08 13:18:16'),
(535, NULL, 14, 3, 17, '2024-12-08 13:18:16', '2024-12-08 13:18:16'),
(536, NULL, 18, 3, 17, '2024-12-08 13:18:16', '2024-12-08 13:18:16'),
(537, NULL, 17, 3, 17, '2024-12-08 13:18:16', '2024-12-08 13:18:16'),
(538, NULL, 15, 3, 17, '2024-12-08 13:18:16', '2024-12-08 13:18:16'),
(539, NULL, 13, 3, 17, '2024-12-08 13:18:16', '2024-12-08 13:18:16'),
(540, NULL, 16, 3, 17, '2024-12-08 13:18:16', '2024-12-08 13:18:16'),
(541, NULL, 20, 3, 17, '2024-12-08 13:18:16', '2024-12-08 13:18:16'),
(542, NULL, 21, 3, 17, '2024-12-08 13:18:16', '2024-12-08 13:18:16'),
(543, NULL, 24, 3, 17, '2024-12-08 13:18:16', '2024-12-08 13:18:16'),
(544, NULL, 22, 3, 17, '2024-12-08 13:18:16', '2024-12-08 13:18:16'),
(545, NULL, 20, 3, 17, '2024-12-08 13:18:16', '2024-12-08 13:18:16'),
(546, NULL, 22, 3, 17, '2024-12-08 13:18:16', '2024-12-08 13:18:16'),
(547, NULL, 25, 3, 17, '2024-12-08 13:18:16', '2024-12-08 13:18:16'),
(548, NULL, 18, 3, 17, '2024-12-08 13:18:16', '2024-12-08 13:18:16'),
(549, NULL, 21, 3, 17, '2024-12-08 13:18:16', '2024-12-08 13:18:16'),
(550, NULL, 23, 3, 17, '2024-12-08 13:18:16', '2024-12-08 13:18:16'),
(551, NULL, 24, 3, 17, '2024-12-08 13:18:16', '2024-12-08 13:18:16'),
(552, NULL, 32, 3, 17, '2024-12-08 13:18:16', '2024-12-08 13:18:16'),
(553, NULL, 28, 3, 17, '2024-12-08 13:18:16', '2024-12-08 13:18:16'),
(554, NULL, 29, 3, 17, '2024-12-08 13:18:16', '2024-12-08 13:18:16'),
(555, NULL, 35, 3, 17, '2024-12-08 13:18:16', '2024-12-08 13:18:16'),
(556, NULL, 37, 3, 17, '2024-12-08 13:18:16', '2024-12-08 13:18:16'),
(557, NULL, 42, 3, 17, '2024-12-08 13:18:16', '2024-12-08 13:18:16'),
(558, NULL, 32, 3, 17, '2024-12-08 13:18:16', '2024-12-08 13:18:16'),
(559, NULL, 32, 3, 17, '2024-12-08 13:18:16', '2024-12-08 13:18:16'),
(560, NULL, 33, 3, 17, '2024-12-08 13:18:16', '2024-12-08 13:18:16'),
(561, NULL, 33, 3, 17, '2024-12-08 13:18:16', '2024-12-08 13:18:16'),
(562, NULL, 37, 3, 17, '2024-12-08 13:18:16', '2024-12-08 13:18:16'),
(563, NULL, 32, 3, 17, '2024-12-08 13:18:17', '2024-12-08 13:18:17'),
(564, '12-01-2022', 800, 1, 18, '2024-12-08 13:18:17', '2024-12-08 13:18:17'),
(565, '01-01-2023', 2600, 1, 18, '2024-12-08 13:18:17', '2024-12-08 13:18:17'),
(566, '02-01-2023', 4000, 1, 18, '2024-12-08 13:18:17', '2024-12-08 13:18:17'),
(567, '03-01-2023', 1200, 1, 18, '2024-12-08 13:18:17', '2024-12-08 13:18:17'),
(568, '04-01-2023', 3200, 1, 18, '2024-12-08 13:18:17', '2024-12-08 13:18:17'),
(569, '05-01-2023', 1700, 1, 18, '2024-12-08 13:18:17', '2024-12-08 13:18:17'),
(570, NULL, 2800, 2, 18, '2024-12-08 13:18:17', '2024-12-08 13:18:17'),
(571, NULL, 1700, 2, 18, '2024-12-08 13:18:17', '2024-12-08 13:18:17'),
(572, NULL, 900, 2, 18, '2024-12-08 13:18:17', '2024-12-08 13:18:17'),
(573, NULL, 2900, 2, 18, '2024-12-08 13:18:17', '2024-12-08 13:18:17'),
(574, NULL, 1950, 2, 18, '2024-12-08 13:18:17', '2024-12-08 13:18:17'),
(575, NULL, 3100, 2, 18, '2024-12-08 13:18:17', '2024-12-08 13:18:17'),
(576, '02-01-2023', 4100, 1, 19, '2024-12-08 13:18:17', '2024-12-08 13:18:17'),
(577, '03-01-2023', 1900, 1, 19, '2024-12-08 13:18:17', '2024-12-08 13:18:17'),
(578, '04-01-2023', 2700, 1, 19, '2024-12-08 13:18:17', '2024-12-08 13:18:17'),
(579, '05-01-2023', 3900, 1, 19, '2024-12-08 13:18:17', '2024-12-08 13:18:17'),
(580, NULL, 2000, 2, 19, '2024-12-08 13:18:17', '2024-12-08 13:18:17'),
(581, NULL, 1000, 2, 19, '2024-12-08 13:18:17', '2024-12-08 13:18:17'),
(582, NULL, 1100, 2, 19, '2024-12-08 13:18:17', '2024-12-08 13:18:17'),
(583, NULL, 2600, 2, 19, '2024-12-08 13:18:17', '2024-12-08 13:18:17'),
(584, '09-01-2023', 1500, 1, 20, '2024-12-08 13:18:17', '2024-12-08 13:18:17'),
(585, '10-01-2023', 2000, 1, 20, '2024-12-08 13:18:17', '2024-12-08 13:18:17'),
(586, '11-01-2023', 1800, 1, 20, '2024-12-08 13:18:17', '2024-12-08 13:18:17'),
(587, '12-01-2023', 1900, 1, 20, '2024-12-08 13:18:17', '2024-12-08 13:18:17'),
(588, '01-01-2024', 1900, 1, 20, '2024-12-08 13:18:17', '2024-12-08 13:18:17'),
(589, '02-01-2024', 2400, 1, 20, '2024-12-08 13:18:17', '2024-12-08 13:18:17'),
(590, '03-01-2024', 2900, 1, 20, '2024-12-08 13:18:17', '2024-12-08 13:18:17'),
(591, '04-01-2024', 2600, 1, 20, '2024-12-08 13:18:17', '2024-12-08 13:18:17'),
(592, '05-01-2024', 3900, 1, 20, '2024-12-08 13:18:17', '2024-12-08 13:18:17'),
(593, '06-01-2024', 2700, 1, 20, '2024-12-08 13:18:17', '2024-12-08 13:18:17'),
(594, '07-01-2024', 3500, 1, 20, '2024-12-08 13:18:17', '2024-12-08 13:18:17'),
(595, '08-01-2024', 3200, 1, 20, '2024-12-08 13:18:17', '2024-12-08 13:18:17'),
(596, '09-01-2024', 2900, 1, 20, '2024-12-08 13:18:17', '2024-12-08 13:18:17'),
(597, '10-01-2024', 3500, 1, 20, '2024-12-08 13:18:17', '2024-12-08 13:18:17'),
(598, '11-01-2024', 3600, 1, 20, '2024-12-08 13:18:17', '2024-12-08 13:18:17'),
(599, '12-01-2024', 3400, 1, 20, '2024-12-08 13:18:17', '2024-12-08 13:18:17'),
(600, '01-01-2025', 3900, 1, 20, '2024-12-08 13:18:17', '2024-12-08 13:18:17'),
(601, '02-01-2025', 3600, 1, 20, '2024-12-08 13:18:17', '2024-12-08 13:18:17'),
(602, '03-01-2025', 4100, 1, 20, '2024-12-08 13:18:17', '2024-12-08 13:18:17'),
(603, '04-01-2025', 4100, 1, 20, '2024-12-08 13:18:17', '2024-12-08 13:18:17'),
(604, NULL, 2000, 2, 20, '2024-12-08 13:18:17', '2024-12-08 13:18:17'),
(605, NULL, 2100, 2, 20, '2024-12-08 13:18:17', '2024-12-08 13:18:17'),
(606, NULL, 2200, 2, 20, '2024-12-08 13:18:17', '2024-12-08 13:18:17'),
(607, NULL, 2300, 2, 20, '2024-12-08 13:18:17', '2024-12-08 13:18:17'),
(608, NULL, 2400, 2, 20, '2024-12-08 13:18:17', '2024-12-08 13:18:17'),
(609, NULL, 2500, 2, 20, '2024-12-08 13:18:17', '2024-12-08 13:18:17'),
(610, NULL, 2600, 2, 20, '2024-12-08 13:18:17', '2024-12-08 13:18:17'),
(611, NULL, 2700, 2, 20, '2024-12-08 13:18:17', '2024-12-08 13:18:17'),
(612, NULL, 2800, 2, 20, '2024-12-08 13:18:17', '2024-12-08 13:18:17'),
(613, NULL, 2900, 2, 20, '2024-12-08 13:18:17', '2024-12-08 13:18:17'),
(614, NULL, 3000, 2, 20, '2024-12-08 13:18:17', '2024-12-08 13:18:17'),
(615, NULL, 3100, 2, 20, '2024-12-08 13:18:17', '2024-12-08 13:18:17'),
(616, NULL, 3200, 2, 20, '2024-12-08 13:18:17', '2024-12-08 13:18:17'),
(617, NULL, 3300, 2, 20, '2024-12-08 13:18:17', '2024-12-08 13:18:17'),
(618, NULL, 3400, 2, 20, '2024-12-08 13:18:17', '2024-12-08 13:18:17'),
(619, NULL, 3500, 2, 20, '2024-12-08 13:18:17', '2024-12-08 13:18:17'),
(620, NULL, 3600, 2, 20, '2024-12-08 13:18:17', '2024-12-08 13:18:17'),
(621, NULL, 3700, 2, 20, '2024-12-08 13:18:17', '2024-12-08 13:18:17'),
(622, NULL, 3800, 2, 20, '2024-12-08 13:18:17', '2024-12-08 13:18:17'),
(623, NULL, 3900, 2, 20, '2024-12-08 13:18:17', '2024-12-08 13:18:17'),
(624, '2010', 0, 1, 21, '2024-12-08 13:18:17', '2024-12-08 13:18:17'),
(625, 'Age 65', 3500000, 1, 21, '2024-12-08 13:18:17', '2024-12-08 13:18:17'),
(626, NULL, 0, 2, 21, '2024-12-08 13:18:17', '2024-12-08 13:18:17'),
(627, NULL, 2000000, 2, 21, '2024-12-08 13:18:17', '2024-12-08 13:18:17'),
(628, 'Cash', 12, NULL, 22, '2024-12-08 13:18:17', '2024-12-08 13:18:17'),
(629, 'Commodities', 13, NULL, 22, '2024-12-08 13:18:17', '2024-12-08 13:18:17'),
(630, 'Bonds', 10, NULL, 22, '2024-12-08 13:18:17', '2024-12-08 13:18:17'),
(631, 'Stock', 65, NULL, 22, '2024-12-08 13:18:17', '2024-12-08 13:18:17'),
(632, '12-01-2022', 732, NULL, 23, '2024-12-08 13:18:17', '2024-12-08 13:18:17'),
(633, '01-01-2023', 610, NULL, 23, '2024-12-08 13:18:17', '2024-12-08 13:18:17'),
(634, '02-01-2023', 610, NULL, 23, '2024-12-08 13:18:17', '2024-12-08 13:18:17'),
(635, '03-01-2023', 504, NULL, 23, '2024-12-08 13:18:17', '2024-12-08 13:18:17'),
(636, '04-01-2023', 504, NULL, 23, '2024-12-08 13:18:17', '2024-12-08 13:18:17'),
(637, '05-01-2023', 504, NULL, 23, '2024-12-08 13:18:17', '2024-12-08 13:18:17'),
(638, '06-01-2023', 349, NULL, 23, '2024-12-08 13:18:17', '2024-12-08 13:18:17'),
(639, '07-01-2023', 349, NULL, 23, '2024-12-08 13:18:17', '2024-12-08 13:18:17'),
(640, '08-01-2023', 504, NULL, 23, '2024-12-08 13:18:17', '2024-12-08 13:18:17'),
(641, '09-01-2023', 342, NULL, 23, '2024-12-08 13:18:17', '2024-12-08 13:18:17'),
(642, '10-01-2023', 504, NULL, 23, '2024-12-08 13:18:17', '2024-12-08 13:18:17'),
(643, '11-01-2023', 610, NULL, 23, '2024-12-08 13:18:17', '2024-12-08 13:18:17'),
(644, '12-01-2023', 391, NULL, 23, '2024-12-08 13:18:17', '2024-12-08 13:18:17'),
(645, '01-01-2024', 192, NULL, 23, '2024-12-08 13:18:17', '2024-12-08 13:18:17'),
(646, '02-01-2024', 154, NULL, 23, '2024-12-08 13:18:17', '2024-12-08 13:18:17'),
(647, '03-01-2024', 273, NULL, 23, '2024-12-08 13:18:17', '2024-12-08 13:18:17'),
(648, '04-01-2024', 191, NULL, 23, '2024-12-08 13:18:17', '2024-12-08 13:18:17'),
(649, '05-01-2024', 191, NULL, 23, '2024-12-08 13:18:17', '2024-12-08 13:18:17'),
(650, '06-01-2024', 126, NULL, 23, '2024-12-08 13:18:17', '2024-12-08 13:18:17'),
(651, '07-01-2024', 263, NULL, 23, '2024-12-08 13:18:17', '2024-12-08 13:18:17'),
(652, '08-01-2024', 349, NULL, 23, '2024-12-08 13:18:17', '2024-12-08 13:18:17'),
(653, '09-01-2024', 252, NULL, 23, '2024-12-08 13:18:17', '2024-12-08 13:18:17'),
(654, '10-01-2024', 323, NULL, 23, '2024-12-08 13:18:17', '2024-12-08 13:18:17'),
(655, '11-01-2024', 322, NULL, 23, '2024-12-08 13:18:17', '2024-12-08 13:18:17'),
(656, '12-01-2024', 270, NULL, 23, '2024-12-08 13:18:17', '2024-12-08 13:18:17'),
(657, '01-01-2025', 232, NULL, 23, '2024-12-08 13:18:17', '2024-12-08 13:18:17'),
(658, '12-01-2022', 222, NULL, 24, '2024-12-08 13:18:17', '2024-12-08 13:18:17'),
(659, '01-01-2023', 222, NULL, 24, '2024-12-08 13:18:17', '2024-12-08 13:18:17'),
(660, '02-01-2023', 226, NULL, 24, '2024-12-08 13:18:17', '2024-12-08 13:18:17'),
(661, '03-01-2023', 271, NULL, 24, '2024-12-08 13:18:17', '2024-12-08 13:18:17'),
(662, '04-01-2023', 365, NULL, 24, '2024-12-08 13:18:17', '2024-12-08 13:18:17'),
(663, '05-01-2023', 365, NULL, 24, '2024-12-08 13:18:17', '2024-12-08 13:18:17'),
(664, '06-01-2023', 238, NULL, 24, '2024-12-08 13:18:17', '2024-12-08 13:18:17'),
(665, '07-01-2023', 324, NULL, 24, '2024-12-08 13:18:17', '2024-12-08 13:18:17'),
(666, '08-01-2023', 288, NULL, 24, '2024-12-08 13:18:17', '2024-12-08 13:18:17'),
(667, '09-01-2023', 206, NULL, 24, '2024-12-08 13:18:17', '2024-12-08 13:18:17'),
(668, '10-01-2023', 324, NULL, 24, '2024-12-08 13:18:17', '2024-12-08 13:18:17'),
(669, '11-01-2023', 324, NULL, 24, '2024-12-08 13:18:17', '2024-12-08 13:18:17'),
(670, '12-01-2023', 500, NULL, 24, '2024-12-08 13:18:17', '2024-12-08 13:18:17'),
(671, '01-01-2024', 409, NULL, 24, '2024-12-08 13:18:17', '2024-12-08 13:18:17'),
(672, '02-01-2024', 409, NULL, 24, '2024-12-08 13:18:17', '2024-12-08 13:18:17'),
(673, '03-01-2024', 273, NULL, 24, '2024-12-08 13:18:17', '2024-12-08 13:18:17');
INSERT INTO `datafeeds` (`id`, `label`, `data`, `dataset_name`, `data_type`, `created_at`, `updated_at`) VALUES
(674, '04-01-2024', 232, NULL, 24, '2024-12-08 13:18:17', '2024-12-08 13:18:17'),
(675, '05-01-2024', 273, NULL, 24, '2024-12-08 13:18:17', '2024-12-08 13:18:17'),
(676, '06-01-2024', 500, NULL, 24, '2024-12-08 13:18:17', '2024-12-08 13:18:17'),
(677, '07-01-2024', 570, NULL, 24, '2024-12-08 13:18:17', '2024-12-08 13:18:17'),
(678, '08-01-2024', 767, NULL, 24, '2024-12-08 13:18:17', '2024-12-08 13:18:17'),
(679, '09-01-2024', 808, NULL, 24, '2024-12-08 13:18:17', '2024-12-08 13:18:17'),
(680, '10-01-2024', 685, NULL, 24, '2024-12-08 13:18:17', '2024-12-08 13:18:17'),
(681, '11-01-2024', 767, NULL, 24, '2024-12-08 13:18:17', '2024-12-08 13:18:17'),
(682, '12-01-2024', 685, NULL, 24, '2024-12-08 13:18:17', '2024-12-08 13:18:17'),
(683, '01-01-2025', 685, NULL, 24, '2024-12-08 13:18:17', '2024-12-08 13:18:17'),
(684, '12-01-2022', 540, NULL, 25, '2024-12-08 13:18:17', '2024-12-08 13:18:17'),
(685, '01-01-2023', 466, NULL, 25, '2024-12-08 13:18:17', '2024-12-08 13:18:17'),
(686, '02-01-2023', 540, NULL, 25, '2024-12-08 13:18:17', '2024-12-08 13:18:17'),
(687, '03-01-2023', 466, NULL, 25, '2024-12-08 13:18:17', '2024-12-08 13:18:17'),
(688, '04-01-2023', 385, NULL, 25, '2024-12-08 13:18:17', '2024-12-08 13:18:17'),
(689, '05-01-2023', 432, NULL, 25, '2024-12-08 13:18:17', '2024-12-08 13:18:17'),
(690, '06-01-2023', 334, NULL, 25, '2024-12-08 13:18:17', '2024-12-08 13:18:17'),
(691, '07-01-2023', 334, NULL, 25, '2024-12-08 13:18:17', '2024-12-08 13:18:17'),
(692, '08-01-2023', 289, NULL, 25, '2024-12-08 13:18:17', '2024-12-08 13:18:17'),
(693, '09-01-2023', 289, NULL, 25, '2024-12-08 13:18:17', '2024-12-08 13:18:17'),
(694, '10-01-2023', 200, NULL, 25, '2024-12-08 13:18:17', '2024-12-08 13:18:17'),
(695, '11-01-2023', 289, NULL, 25, '2024-12-08 13:18:17', '2024-12-08 13:18:17'),
(696, '12-01-2023', 222, NULL, 25, '2024-12-08 13:18:17', '2024-12-08 13:18:17'),
(697, '01-01-2024', 289, NULL, 25, '2024-12-08 13:18:17', '2024-12-08 13:18:17'),
(698, '02-01-2024', 289, NULL, 25, '2024-12-08 13:18:17', '2024-12-08 13:18:17'),
(699, '03-01-2024', 403, NULL, 25, '2024-12-08 13:18:17', '2024-12-08 13:18:17'),
(700, '04-01-2024', 554, NULL, 25, '2024-12-08 13:18:18', '2024-12-08 13:18:18'),
(701, '05-01-2024', 304, NULL, 25, '2024-12-08 13:18:18', '2024-12-08 13:18:18'),
(702, '06-01-2024', 289, NULL, 25, '2024-12-08 13:18:18', '2024-12-08 13:18:18'),
(703, '07-01-2024', 270, NULL, 25, '2024-12-08 13:18:18', '2024-12-08 13:18:18'),
(704, '08-01-2024', 134, NULL, 25, '2024-12-08 13:18:18', '2024-12-08 13:18:18'),
(705, '09-01-2024', 270, NULL, 25, '2024-12-08 13:18:18', '2024-12-08 13:18:18'),
(706, '10-01-2024', 829, NULL, 25, '2024-12-08 13:18:18', '2024-12-08 13:18:18'),
(707, '11-01-2024', 644, NULL, 25, '2024-12-08 13:18:18', '2024-12-08 13:18:18'),
(708, '12-01-2024', 688, NULL, 25, '2024-12-08 13:18:18', '2024-12-08 13:18:18'),
(709, '01-01-2025', 664, NULL, 25, '2024-12-08 13:18:18', '2024-12-08 13:18:18'),
(710, '12-01-2022', 245, NULL, 26, '2024-12-08 13:18:18', '2024-12-08 13:18:18'),
(711, '01-01-2023', 288, NULL, 26, '2024-12-08 13:18:18', '2024-12-08 13:18:18'),
(712, '02-01-2023', 332, NULL, 26, '2024-12-08 13:18:18', '2024-12-08 13:18:18'),
(713, '03-01-2023', 404, NULL, 26, '2024-12-08 13:18:18', '2024-12-08 13:18:18'),
(714, '04-01-2023', 404, NULL, 26, '2024-12-08 13:18:18', '2024-12-08 13:18:18'),
(715, '05-01-2023', 314, NULL, 26, '2024-12-08 13:18:18', '2024-12-08 13:18:18'),
(716, '06-01-2023', 314, NULL, 26, '2024-12-08 13:18:18', '2024-12-08 13:18:18'),
(717, '07-01-2023', 314, NULL, 26, '2024-12-08 13:18:18', '2024-12-08 13:18:18'),
(718, '08-01-2023', 314, NULL, 26, '2024-12-08 13:18:18', '2024-12-08 13:18:18'),
(719, '09-01-2023', 314, NULL, 26, '2024-12-08 13:18:18', '2024-12-08 13:18:18'),
(720, '10-01-2023', 234, NULL, 26, '2024-12-08 13:18:18', '2024-12-08 13:18:18'),
(721, '11-01-2023', 314, NULL, 26, '2024-12-08 13:18:18', '2024-12-08 13:18:18'),
(722, '12-01-2023', 234, NULL, 26, '2024-12-08 13:18:18', '2024-12-08 13:18:18'),
(723, '01-01-2024', 234, NULL, 26, '2024-12-08 13:18:18', '2024-12-08 13:18:18'),
(724, '02-01-2024', 314, NULL, 26, '2024-12-08 13:18:18', '2024-12-08 13:18:18'),
(725, '03-01-2024', 314, NULL, 26, '2024-12-08 13:18:18', '2024-12-08 13:18:18'),
(726, '04-01-2024', 314, NULL, 26, '2024-12-08 13:18:18', '2024-12-08 13:18:18'),
(727, '05-01-2024', 388, NULL, 26, '2024-12-08 13:18:18', '2024-12-08 13:18:18'),
(728, '06-01-2024', 314, NULL, 26, '2024-12-08 13:18:18', '2024-12-08 13:18:18'),
(729, '07-01-2024', 202, NULL, 26, '2024-12-08 13:18:18', '2024-12-08 13:18:18'),
(730, '08-01-2024', 202, NULL, 26, '2024-12-08 13:18:18', '2024-12-08 13:18:18'),
(731, '09-01-2024', 202, NULL, 26, '2024-12-08 13:18:18', '2024-12-08 13:18:18'),
(732, '10-01-2024', 202, NULL, 26, '2024-12-08 13:18:18', '2024-12-08 13:18:18'),
(733, '11-01-2024', 514, NULL, 26, '2024-12-08 13:18:18', '2024-12-08 13:18:18'),
(734, '12-01-2024', 720, NULL, 26, '2024-12-08 13:18:18', '2024-12-08 13:18:18'),
(735, '01-01-2025', 642, NULL, 26, '2024-12-08 13:18:18', '2024-12-08 13:18:18'),
(736, '12-01-2022', 540, 1, 27, '2024-12-08 13:18:18', '2024-12-08 13:18:18'),
(737, '01-01-2023', 466, 1, 27, '2024-12-08 13:18:18', '2024-12-08 13:18:18'),
(738, '02-01-2023', 540, 1, 27, '2024-12-08 13:18:18', '2024-12-08 13:18:18'),
(739, '03-01-2023', 466, 1, 27, '2024-12-08 13:18:18', '2024-12-08 13:18:18'),
(740, '04-01-2023', 385, 1, 27, '2024-12-08 13:18:18', '2024-12-08 13:18:18'),
(741, '05-01-2023', 432, 1, 27, '2024-12-08 13:18:18', '2024-12-08 13:18:18'),
(742, '06-01-2023', 334, 1, 27, '2024-12-08 13:18:18', '2024-12-08 13:18:18'),
(743, '07-01-2023', 334, 1, 27, '2024-12-08 13:18:18', '2024-12-08 13:18:18'),
(744, '08-01-2023', 289, 1, 27, '2024-12-08 13:18:18', '2024-12-08 13:18:18'),
(745, '09-01-2023', 289, 1, 27, '2024-12-08 13:18:18', '2024-12-08 13:18:18'),
(746, '10-01-2023', 200, 1, 27, '2024-12-08 13:18:18', '2024-12-08 13:18:18'),
(747, '11-01-2023', 289, 1, 27, '2024-12-08 13:18:18', '2024-12-08 13:18:18'),
(748, '12-01-2023', 222, 1, 27, '2024-12-08 13:18:18', '2024-12-08 13:18:18'),
(749, '01-01-2024', 289, 1, 27, '2024-12-08 13:18:18', '2024-12-08 13:18:18'),
(750, '02-01-2024', 289, 1, 27, '2024-12-08 13:18:18', '2024-12-08 13:18:18'),
(751, '03-01-2024', 403, 1, 27, '2024-12-08 13:18:18', '2024-12-08 13:18:18'),
(752, '04-01-2024', 554, 1, 27, '2024-12-08 13:18:18', '2024-12-08 13:18:18'),
(753, '05-01-2024', 304, 1, 27, '2024-12-08 13:18:18', '2024-12-08 13:18:18'),
(754, '06-01-2024', 289, 1, 27, '2024-12-08 13:18:18', '2024-12-08 13:18:18'),
(755, '07-01-2024', 270, 1, 27, '2024-12-08 13:18:18', '2024-12-08 13:18:18'),
(756, '08-01-2024', 134, 1, 27, '2024-12-08 13:18:18', '2024-12-08 13:18:18'),
(757, '09-01-2024', 270, 1, 27, '2024-12-08 13:18:18', '2024-12-08 13:18:18'),
(758, '10-01-2024', 829, 1, 27, '2024-12-08 13:18:18', '2024-12-08 13:18:18'),
(759, '11-01-2024', 644, 1, 27, '2024-12-08 13:18:18', '2024-12-08 13:18:18'),
(760, '12-01-2024', 688, 1, 27, '2024-12-08 13:18:18', '2024-12-08 13:18:18'),
(761, '01-01-2025', 690, 1, 27, '2024-12-08 13:18:18', '2024-12-08 13:18:18'),
(762, NULL, 245, 2, 27, '2024-12-08 13:18:18', '2024-12-08 13:18:18'),
(763, NULL, 288, 2, 27, '2024-12-08 13:18:18', '2024-12-08 13:18:18'),
(764, NULL, 332, 2, 27, '2024-12-08 13:18:18', '2024-12-08 13:18:18'),
(765, NULL, 404, 2, 27, '2024-12-08 13:18:18', '2024-12-08 13:18:18'),
(766, NULL, 404, 2, 27, '2024-12-08 13:18:18', '2024-12-08 13:18:18'),
(767, NULL, 314, 2, 27, '2024-12-08 13:18:18', '2024-12-08 13:18:18'),
(768, NULL, 314, 2, 27, '2024-12-08 13:18:18', '2024-12-08 13:18:18'),
(769, NULL, 314, 2, 27, '2024-12-08 13:18:18', '2024-12-08 13:18:18'),
(770, NULL, 314, 2, 27, '2024-12-08 13:18:18', '2024-12-08 13:18:18'),
(771, NULL, 314, 2, 27, '2024-12-08 13:18:18', '2024-12-08 13:18:18'),
(772, NULL, 234, 2, 27, '2024-12-08 13:18:18', '2024-12-08 13:18:18'),
(773, NULL, 314, 2, 27, '2024-12-08 13:18:18', '2024-12-08 13:18:18'),
(774, NULL, 234, 2, 27, '2024-12-08 13:18:18', '2024-12-08 13:18:18'),
(775, NULL, 234, 2, 27, '2024-12-08 13:18:18', '2024-12-08 13:18:18'),
(776, NULL, 314, 2, 27, '2024-12-08 13:18:18', '2024-12-08 13:18:18'),
(777, NULL, 314, 2, 27, '2024-12-08 13:18:18', '2024-12-08 13:18:18'),
(778, NULL, 314, 2, 27, '2024-12-08 13:18:18', '2024-12-08 13:18:18'),
(779, NULL, 388, 2, 27, '2024-12-08 13:18:18', '2024-12-08 13:18:18'),
(780, NULL, 314, 2, 27, '2024-12-08 13:18:18', '2024-12-08 13:18:18'),
(781, NULL, 202, 2, 27, '2024-12-08 13:18:18', '2024-12-08 13:18:18'),
(782, NULL, 202, 2, 27, '2024-12-08 13:18:18', '2024-12-08 13:18:18'),
(783, NULL, 202, 2, 27, '2024-12-08 13:18:18', '2024-12-08 13:18:18'),
(784, NULL, 202, 2, 27, '2024-12-08 13:18:18', '2024-12-08 13:18:18'),
(785, NULL, 514, 2, 27, '2024-12-08 13:18:18', '2024-12-08 13:18:18'),
(786, NULL, 720, 2, 27, '2024-12-08 13:18:18', '2024-12-08 13:18:18'),
(787, NULL, 732, 2, 27, '2024-12-08 13:18:18', '2024-12-08 13:18:18'),
(788, NULL, 732, 3, 27, '2024-12-08 13:18:18', '2024-12-08 13:18:18'),
(789, NULL, 610, 3, 27, '2024-12-08 13:18:18', '2024-12-08 13:18:18'),
(790, NULL, 610, 3, 27, '2024-12-08 13:18:18', '2024-12-08 13:18:18'),
(791, NULL, 504, 3, 27, '2024-12-08 13:18:18', '2024-12-08 13:18:18'),
(792, NULL, 504, 3, 27, '2024-12-08 13:18:18', '2024-12-08 13:18:18'),
(793, NULL, 504, 3, 27, '2024-12-08 13:18:18', '2024-12-08 13:18:18'),
(794, NULL, 349, 3, 27, '2024-12-08 13:18:18', '2024-12-08 13:18:18'),
(795, NULL, 349, 3, 27, '2024-12-08 13:18:18', '2024-12-08 13:18:18'),
(796, NULL, 504, 3, 27, '2024-12-08 13:18:18', '2024-12-08 13:18:18'),
(797, NULL, 342, 3, 27, '2024-12-08 13:18:18', '2024-12-08 13:18:18'),
(798, NULL, 504, 3, 27, '2024-12-08 13:18:18', '2024-12-08 13:18:18'),
(799, NULL, 610, 3, 27, '2024-12-08 13:18:18', '2024-12-08 13:18:18'),
(800, NULL, 391, 3, 27, '2024-12-08 13:18:18', '2024-12-08 13:18:18'),
(801, NULL, 192, 3, 27, '2024-12-08 13:18:18', '2024-12-08 13:18:18'),
(802, NULL, 154, 3, 27, '2024-12-08 13:18:18', '2024-12-08 13:18:18'),
(803, NULL, 273, 3, 27, '2024-12-08 13:18:18', '2024-12-08 13:18:18'),
(804, NULL, 191, 3, 27, '2024-12-08 13:18:18', '2024-12-08 13:18:18'),
(805, NULL, 191, 3, 27, '2024-12-08 13:18:18', '2024-12-08 13:18:18'),
(806, NULL, 126, 3, 27, '2024-12-08 13:18:18', '2024-12-08 13:18:18'),
(807, NULL, 263, 3, 27, '2024-12-08 13:18:18', '2024-12-08 13:18:18'),
(808, NULL, 349, 3, 27, '2024-12-08 13:18:18', '2024-12-08 13:18:18'),
(809, NULL, 252, 3, 27, '2024-12-08 13:18:18', '2024-12-08 13:18:18'),
(810, NULL, 323, 3, 27, '2024-12-08 13:18:18', '2024-12-08 13:18:18'),
(811, NULL, 322, 3, 27, '2024-12-08 13:18:18', '2024-12-08 13:18:18'),
(812, NULL, 270, 3, 27, '2024-12-08 13:18:18', '2024-12-08 13:18:18'),
(813, NULL, 232, 3, 27, '2024-12-08 13:18:18', '2024-12-08 13:18:18'),
(814, NULL, 222, 4, 27, '2024-12-08 13:18:18', '2024-12-08 13:18:18'),
(815, NULL, 222, 4, 27, '2024-12-08 13:18:18', '2024-12-08 13:18:18'),
(816, NULL, 226, 4, 27, '2024-12-08 13:18:18', '2024-12-08 13:18:18'),
(817, NULL, 271, 4, 27, '2024-12-08 13:18:18', '2024-12-08 13:18:18'),
(818, NULL, 365, 4, 27, '2024-12-08 13:18:18', '2024-12-08 13:18:18'),
(819, NULL, 365, 4, 27, '2024-12-08 13:18:18', '2024-12-08 13:18:18'),
(820, NULL, 238, 4, 27, '2024-12-08 13:18:18', '2024-12-08 13:18:18'),
(821, NULL, 324, 4, 27, '2024-12-08 13:18:18', '2024-12-08 13:18:18'),
(822, NULL, 288, 4, 27, '2024-12-08 13:18:18', '2024-12-08 13:18:18'),
(823, NULL, 206, 4, 27, '2024-12-08 13:18:18', '2024-12-08 13:18:18'),
(824, NULL, 324, 4, 27, '2024-12-08 13:18:18', '2024-12-08 13:18:18'),
(825, NULL, 324, 4, 27, '2024-12-08 13:18:18', '2024-12-08 13:18:18'),
(826, NULL, 500, 4, 27, '2024-12-08 13:18:18', '2024-12-08 13:18:18'),
(827, NULL, 409, 4, 27, '2024-12-08 13:18:18', '2024-12-08 13:18:18'),
(828, NULL, 409, 4, 27, '2024-12-08 13:18:18', '2024-12-08 13:18:18'),
(829, NULL, 273, 4, 27, '2024-12-08 13:18:18', '2024-12-08 13:18:18'),
(830, NULL, 232, 4, 27, '2024-12-08 13:18:18', '2024-12-08 13:18:18'),
(831, NULL, 273, 4, 27, '2024-12-08 13:18:18', '2024-12-08 13:18:18'),
(832, NULL, 500, 4, 27, '2024-12-08 13:18:18', '2024-12-08 13:18:18'),
(833, NULL, 570, 4, 27, '2024-12-08 13:18:18', '2024-12-08 13:18:18'),
(834, NULL, 767, 4, 27, '2024-12-08 13:18:19', '2024-12-08 13:18:19'),
(835, NULL, 808, 4, 27, '2024-12-08 13:18:19', '2024-12-08 13:18:19'),
(836, NULL, 685, 4, 27, '2024-12-08 13:18:19', '2024-12-08 13:18:19'),
(837, NULL, 767, 4, 27, '2024-12-08 13:18:19', '2024-12-08 13:18:19'),
(838, NULL, 685, 4, 27, '2024-12-08 13:18:19', '2024-12-08 13:18:19'),
(839, NULL, 688, 4, 27, '2024-12-08 13:18:19', '2024-12-08 13:18:19'),
(840, NULL, 632, 5, 27, '2024-12-08 13:18:19', '2024-12-08 13:18:19'),
(841, NULL, 510, 5, 27, '2024-12-08 13:18:19', '2024-12-08 13:18:19'),
(842, NULL, 610, 5, 27, '2024-12-08 13:18:19', '2024-12-08 13:18:19'),
(843, NULL, 404, 5, 27, '2024-12-08 13:18:19', '2024-12-08 13:18:19'),
(844, NULL, 504, 5, 27, '2024-12-08 13:18:19', '2024-12-08 13:18:19'),
(845, NULL, 404, 5, 27, '2024-12-08 13:18:19', '2024-12-08 13:18:19'),
(846, NULL, 449, 5, 27, '2024-12-08 13:18:19', '2024-12-08 13:18:19'),
(847, NULL, 349, 5, 27, '2024-12-08 13:18:19', '2024-12-08 13:18:19'),
(848, NULL, 404, 5, 27, '2024-12-08 13:18:19', '2024-12-08 13:18:19'),
(849, NULL, 542, 5, 27, '2024-12-08 13:18:19', '2024-12-08 13:18:19'),
(850, NULL, 404, 5, 27, '2024-12-08 13:18:19', '2024-12-08 13:18:19'),
(851, NULL, 410, 5, 27, '2024-12-08 13:18:19', '2024-12-08 13:18:19'),
(852, NULL, 491, 5, 27, '2024-12-08 13:18:19', '2024-12-08 13:18:19'),
(853, NULL, 392, 5, 27, '2024-12-08 13:18:19', '2024-12-08 13:18:19'),
(854, NULL, 254, 5, 27, '2024-12-08 13:18:19', '2024-12-08 13:18:19'),
(855, NULL, 273, 5, 27, '2024-12-08 13:18:19', '2024-12-08 13:18:19'),
(856, NULL, 291, 5, 27, '2024-12-08 13:18:19', '2024-12-08 13:18:19'),
(857, NULL, 191, 5, 27, '2024-12-08 13:18:19', '2024-12-08 13:18:19'),
(858, NULL, 226, 5, 27, '2024-12-08 13:18:19', '2024-12-08 13:18:19'),
(859, NULL, 363, 5, 27, '2024-12-08 13:18:19', '2024-12-08 13:18:19'),
(860, NULL, 449, 5, 27, '2024-12-08 13:18:19', '2024-12-08 13:18:19'),
(861, NULL, 252, 5, 27, '2024-12-08 13:18:19', '2024-12-08 13:18:19'),
(862, NULL, 223, 5, 27, '2024-12-08 13:18:19', '2024-12-08 13:18:19'),
(863, NULL, 222, 5, 27, '2024-12-08 13:18:19', '2024-12-08 13:18:19'),
(864, NULL, 170, 5, 27, '2024-12-08 13:18:19', '2024-12-08 13:18:19'),
(865, NULL, 132, 5, 27, '2024-12-08 13:18:19', '2024-12-08 13:18:19');

-- --------------------------------------------------------

--
-- Table structure for table `failed_jobs`
--

CREATE TABLE `failed_jobs` (
  `id` bigint(20) UNSIGNED NOT NULL,
  `uuid` varchar(255) NOT NULL,
  `connection` text NOT NULL,
  `queue` text NOT NULL,
  `payload` longtext NOT NULL,
  `exception` longtext NOT NULL,
  `failed_at` timestamp NOT NULL DEFAULT current_timestamp()
) ENGINE=InnoDB DEFAULT CHARSET=utf8mb4 COLLATE=utf8mb4_unicode_ci;

-- --------------------------------------------------------

--
-- Table structure for table `faqs`
--

CREATE TABLE `faqs` (
  `id` bigint(20) UNSIGNED NOT NULL,
  `question` text NOT NULL,
  `answer` text NOT NULL,
  `created_at` timestamp NULL DEFAULT NULL,
  `updated_at` timestamp NULL DEFAULT NULL
) ENGINE=InnoDB DEFAULT CHARSET=utf8mb4 COLLATE=utf8mb4_unicode_ci;

--
-- Dumping data for table `faqs`
--

INSERT INTO `faqs` (`id`, `question`, `answer`, `created_at`, `updated_at`) VALUES
(1, 'What types of driving courses do you offer?', 'We offer training for trucks, forklifts, school buses/BRT, and regular vehicles.', '2024-12-08 13:18:20', '2024-12-08 13:18:20'),
(2, 'How long does each driving course take?', 'Course durations vary by vehicle type; most can be completed in a few months.', '2024-12-08 13:18:20', '2024-12-08 13:18:20'),
(3, 'Are your instructors certified?', 'Yes, all instructors are highly qualified and certified for professional training.', '2024-12-08 13:18:20', '2024-12-08 13:18:20'),
(4, 'Can I learn on weekends?', 'Yes, we offer weekend classes for added flexibility.', '2024-12-08 13:18:20', '2024-12-08 13:18:20'),
(5, 'What are the age requirements for each program?', 'For truck and forklift training, you must be 18 or older; for others, 16+.', '2024-12-08 13:18:20', '2024-12-08 13:18:20'),
(6, 'Do you provide training for commercial driver’s licenses (CDL)?', 'Yes, we provide CDL training for truck and bus driving courses.', '2024-12-08 13:18:20', '2024-12-08 13:18:20'),
(7, 'Is job placement assistance available after training?', 'We offer job placement assistance for those completing our commercial driving programs.', '2024-12-08 13:18:20', '2024-12-08 13:18:20'),
(8, 'Do I need prior experience to start training?', 'No prior experience is required. Our programs are designed for all skill levels.', '2024-12-08 13:18:20', '2024-12-08 13:18:20'),
(9, 'What safety measures are in place during training?', 'We strictly follow safety protocols and use well-maintained, standard vehicles.', '2024-12-08 13:18:20', '2024-12-08 13:18:20'),
(10, 'How are the training vehicles maintained?', 'Our vehicles are regularly inspected and maintained for optimal safety and reliability.', '2024-12-08 13:18:20', '2024-12-08 13:18:20'),
(11, 'Is there a payment plan option for the courses?', 'Yes, we offer flexible payment plans to make training affordable.', '2024-12-08 13:18:20', '2024-12-08 13:18:20'),
(12, 'What is the process for enrolling in a course?', 'Simply contact us or fill out the online form to start the enrollment process.', '2024-12-08 13:18:20', '2024-12-08 13:18:20'),
(13, 'Are there online or virtual classes available?', 'Theory classes are available online, but practical driving requires in-person training.', '2024-12-08 13:18:20', '2024-12-08 13:18:20'),
(14, 'Do you offer refresher courses for experienced drivers?', 'Yes, we have refresher courses for drivers looking to improve or update their skills.', '2024-12-08 13:18:20', '2024-12-08 13:18:20'),
(15, 'Is there a written exam as part of the training?', 'Yes, each course includes a written test covering safety and road rules.', '2024-12-08 13:18:20', '2024-12-08 13:18:20'),
(16, 'Can I bring my own vehicle for regular driving training?', 'Yes, you may bring your own vehicle if it meets our safety requirements.', '2024-12-08 13:18:20', '2024-12-08 13:18:20'),
(17, 'What happens if I don’t pass my driving test?', 'We offer additional practice sessions at no extra cost until you pass.', '2024-12-08 13:18:20', '2024-12-08 13:18:20'),
(18, 'Do you offer certification upon completion?', 'Yes, upon completing your course, we provide a certificate and guidance for licensing.', '2024-12-08 13:18:20', '2024-12-08 13:18:20');

-- --------------------------------------------------------

--
-- Table structure for table `founder`
--

CREATE TABLE `founder` (
  `id` bigint(20) UNSIGNED NOT NULL,
  `founder_name` varchar(255) NOT NULL,
  `signature` varchar(255) DEFAULT NULL,
  `speech_title` varchar(255) NOT NULL,
  `speech_content` text NOT NULL,
  `facebook_handle` varchar(255) DEFAULT NULL,
  `twitter_handle` varchar(255) DEFAULT NULL,
  `linkedin_handle` varchar(255) DEFAULT NULL,
  `instagram_handle` varchar(255) DEFAULT NULL,
  `founder_picture` varchar(255) NOT NULL,
  `secondary_picture` varchar(255) NOT NULL,
  `created_at` timestamp NULL DEFAULT NULL,
  `updated_at` timestamp NULL DEFAULT NULL
) ENGINE=InnoDB DEFAULT CHARSET=utf8mb4 COLLATE=utf8mb4_unicode_ci;

--
-- Dumping data for table `founder`
--

INSERT INTO `founder` (`id`, `founder_name`, `signature`, `speech_title`, `speech_content`, `facebook_handle`, `twitter_handle`, `linkedin_handle`, `instagram_handle`, `founder_picture`, `secondary_picture`, `created_at`, `updated_at`) VALUES
(1, 'Adekola Adedapo', 'founder/RgFdOLjLZSD5ERZV4ZSiil7oxN64JIdRHd49xuk6.png', 'A perfect driving school with latest vehicles', 'With 15+ years in trucking and logistics, We are driven to prepare drivers for the road and help them build sustainable, rewarding careers. Our focus is on meeting the growing demand for skilled drivers while addressing safety and efficiency challenges in today’s logistics landscape. Our school has earned industry respect for its comprehensive curriculum and hands-on training, covering everything from safe driving techniques to complex logistics.', 'https://www.facebook.com/', 'https://www.twitter.com/', 'https://www.linkedin.com/', 'https://www.instagram.com/', 'founder/qw5P3Gy5uJ2ljaF1Rifw5wahs6tjAupAwhXGtUog.jpg', 'founder/TJLjIn3gOYAC0LiiTIIx95kjBcCJzkjXmvv1u8q8.jpg', '2024-12-08 13:18:20', '2024-12-10 04:49:47');

-- --------------------------------------------------------

--
-- Table structure for table `invoices`
--

CREATE TABLE `invoices` (
  `id` bigint(20) UNSIGNED NOT NULL,
  `invoice` varchar(255) NOT NULL,
  `total` varchar(255) NOT NULL,
  `status` varchar(255) NOT NULL,
  `customer` varchar(255) NOT NULL,
  `issued_date` date NOT NULL,
  `paid_date` date DEFAULT NULL,
  `type` varchar(255) NOT NULL,
  `created_at` timestamp NULL DEFAULT NULL,
  `updated_at` timestamp NULL DEFAULT NULL
) ENGINE=InnoDB DEFAULT CHARSET=utf8mb4 COLLATE=utf8mb4_unicode_ci;

--
-- Dumping data for table `invoices`
--

INSERT INTO `invoices` (`id`, `invoice`, `total`, `status`, `customer`, `issued_date`, `paid_date`, `type`, `created_at`, `updated_at`) VALUES
(1, '#123567', '$129.00', 'Overdue', 'Dominik Lamakani', '2024-07-22', NULL, 'Subscription', '2024-12-08 13:18:19', '2024-12-08 13:18:19'),
(2, '#779912', '$59.00', 'Paid', 'Mark Cameron', '2024-07-19', '2024-07-20', 'Subscription', '2024-12-08 13:18:19', '2024-12-08 13:18:19'),
(3, '#889924', '$89.00', 'Paid', 'Sergio Gonnelli', '2024-07-17', '2024-07-19', 'One-time', '2024-12-08 13:18:19', '2024-12-08 13:18:19'),
(4, '#897726', '$129.00', 'Due', 'Manuel Garbaya', '2024-07-04', NULL, 'Subscription', '2024-12-08 13:18:19', '2024-12-08 13:18:19'),
(5, '#123567', '$129.00', 'Due', 'Cool Robot', '2024-07-04', NULL, 'Subscription', '2024-12-08 13:18:19', '2024-12-08 13:18:19'),
(6, '#896644', '$129.00', 'Paid', 'Mark Cameron', '2024-07-04', '2024-07-09', 'One-time', '2024-12-08 13:18:19', '2024-12-08 13:18:19'),
(7, '#136988', '$69.00', 'Paid', 'Glenn Thomas', '2024-07-01', '2024-07-01', 'One-time', '2024-12-08 13:18:19', '2024-12-08 13:18:19'),
(8, '#442206', '$129.00', 'Overdue', 'Dominik Lamakani', '2024-06-22', NULL, 'Subscription', '2024-12-08 13:18:19', '2024-12-08 13:18:19'),
(9, '#764321', '$89.00', 'Paid', 'Brian Halligan', '2024-06-21', '2024-06-29', 'One-time', '2024-12-08 13:18:19', '2024-12-08 13:18:19'),
(10, '#908764', '$129.00', 'Due', 'Carolyn McNeail', '2024-06-17', NULL, 'Subscription', '2024-12-08 13:18:19', '2024-12-08 13:18:19'),
(11, '#897726', '$129.00', 'Due', 'Manuel Garbaya', '2024-07-04', NULL, 'Subscription', '2024-12-08 13:18:19', '2024-12-08 13:18:19'),
(12, '#123567', '$129.00', 'Due', 'Cool Robot', '2024-07-04', NULL, 'Subscription', '2024-12-08 13:18:19', '2024-12-08 13:18:19'),
(13, '#896644', '$129.00', 'Paid', 'Mark Cameron', '2024-07-04', '2024-07-09', 'One-time', '2024-12-08 13:18:19', '2024-12-08 13:18:19'),
(14, '#136988', '$69.00', 'Paid', 'Glenn Thomas', '2024-07-01', '2024-07-01', 'One-time', '2024-12-08 13:18:19', '2024-12-08 13:18:19'),
(15, '#442206', '$129.00', 'Overdue', 'Dominik Lamakani', '2024-06-22', NULL, 'Subscription', '2024-12-08 13:18:19', '2024-12-08 13:18:19');

-- --------------------------------------------------------

--
-- Table structure for table `jobs`
--

CREATE TABLE `jobs` (
  `id` bigint(20) UNSIGNED NOT NULL,
  `image` varchar(2048) DEFAULT NULL,
  `company` varchar(255) NOT NULL,
  `role` varchar(255) NOT NULL,
  `details` varchar(255) NOT NULL,
  `type` varchar(255) DEFAULT NULL,
  `fav` tinyint(1) NOT NULL DEFAULT 0,
  `created_at` timestamp NULL DEFAULT NULL,
  `updated_at` timestamp NULL DEFAULT NULL
) ENGINE=InnoDB DEFAULT CHARSET=utf8mb4 COLLATE=utf8mb4_unicode_ci;

--
-- Dumping data for table `jobs`
--

INSERT INTO `jobs` (`id`, `image`, `company`, `role`, `details`, `type`, `fav`, `created_at`, `updated_at`) VALUES
(1, 'company-icon-05.svg', 'Company 01', 'Senior Web App Designer', 'Contract / Remote / New York, NYC', 'Featured', 0, '2024-12-08 13:18:19', '2024-12-08 13:18:19'),
(2, 'company-icon-05.svg', 'Company 02', 'Senior Full Stack Engineer', 'Contract / Remote / New York, NYC', 'New', 1, '2024-12-08 13:18:19', '2024-12-08 13:18:19'),
(3, 'company-icon-06.svg', 'Company 03', 'Ruby on Rails Engineer', 'Contract / Remote / New York, NYC', 'New', 0, '2024-12-08 13:18:19', '2024-12-08 13:18:19'),
(4, 'company-icon-03.svg', 'Company 04', 'Senior Software Engineer Backend', 'Full-time / Remote / Anywhere', 'New', 0, '2024-12-08 13:18:19', '2024-12-08 13:18:19'),
(5, 'company-icon-07.svg', 'Company 05', 'React.js Software Developer', 'Full-time / Remote / London, UK', 'New', 1, '2024-12-08 13:18:19', '2024-12-08 13:18:19'),
(6, 'company-icon-08.svg', 'Company 06', 'Senior Full Stack Rails Developer', 'Part-time / Remote / Milan, IT', 'New', 0, '2024-12-08 13:18:19', '2024-12-08 13:18:19'),
(7, 'company-icon-01.svg', 'Company 07', 'Principal Software Engineer', 'Freelance / Remote / London, UK', 'New', 0, '2024-12-08 13:18:19', '2024-12-08 13:18:19'),
(8, 'company-icon-07.svg', 'Company 08', 'Contract React Native Engineer', 'Contract / Remote / Miami, FL', 'New', 0, '2024-12-08 13:18:19', '2024-12-08 13:18:19'),
(9, 'company-icon-08.svg', 'Company 09', 'Senior Client Engineer (React & React Native)', 'Full-time / Remote / Lincoln, NE', 'New', 0, '2024-12-08 13:18:19', '2024-12-08 13:18:19'),
(10, 'company-icon-02.svg', 'Company 10', 'QA Automation Engineer', 'Contract / Remote / Anywhere', 'New', 0, '2024-12-08 13:18:19', '2024-12-08 13:18:19'),
(11, 'company-icon-08.svg', 'Company 06', 'Senior Full Stack Rails Developer', 'Part-time / Remote / Milan, IT', 'New', 0, '2024-12-08 13:18:19', '2024-12-08 13:18:19'),
(12, 'company-icon-01.svg', 'Company 07', 'Principal Software Engineer', 'Freelance / Remote / London, UK', 'New', 0, '2024-12-08 13:18:19', '2024-12-08 13:18:19');

-- --------------------------------------------------------

--
-- Table structure for table `marketers`
--

CREATE TABLE `marketers` (
  `id` bigint(20) UNSIGNED NOT NULL,
  `image` varchar(2048) DEFAULT NULL,
  `name` varchar(255) NOT NULL,
  `link` varchar(255) NOT NULL,
  `created_at` timestamp NULL DEFAULT NULL,
  `updated_at` timestamp NULL DEFAULT NULL
) ENGINE=InnoDB DEFAULT CHARSET=utf8mb4 COLLATE=utf8mb4_unicode_ci;

--
-- Dumping data for table `marketers`
--

INSERT INTO `marketers` (`id`, `image`, `name`, `link`, `created_at`, `updated_at`) VALUES
(1, 'user-28-01.jpg', 'User 01', '#0', '2024-12-08 13:18:20', '2024-12-08 13:18:20'),
(2, 'user-28-02.jpg', 'User 02', '#0', '2024-12-08 13:18:20', '2024-12-08 13:18:20'),
(3, 'user-28-03.jpg', 'User 03', '#0', '2024-12-08 13:18:20', '2024-12-08 13:18:20'),
(4, 'user-28-04.jpg', 'User 04', '#0', '2024-12-08 13:18:20', '2024-12-08 13:18:20'),
(5, 'user-28-05.jpg', 'User 05', '#0', '2024-12-08 13:18:20', '2024-12-08 13:18:20'),
(6, 'user-28-06.jpg', 'User 06', '#0', '2024-12-08 13:18:20', '2024-12-08 13:18:20'),
(7, 'user-28-07.jpg', 'User 07', '#0', '2024-12-08 13:18:20', '2024-12-08 13:18:20'),
(8, 'user-28-08.jpg', 'User 08', '#0', '2024-12-08 13:18:20', '2024-12-08 13:18:20'),
(9, 'user-28-09.jpg', 'User 09', '#0', '2024-12-08 13:18:20', '2024-12-08 13:18:20'),
(10, 'user-28-10.jpg', 'User 10', '#0', '2024-12-08 13:18:20', '2024-12-08 13:18:20');

-- --------------------------------------------------------

--
-- Table structure for table `medicals`
--

CREATE TABLE `medicals` (
  `id` bigint(20) UNSIGNED NOT NULL,
  `user_id` bigint(20) UNSIGNED NOT NULL,
  `weight` decimal(8,2) DEFAULT NULL,
  `height` decimal(8,2) DEFAULT NULL,
  `visual_impairment` varchar(255) DEFAULT NULL,
  `hearing_aid` varchar(255) DEFAULT NULL,
  `physical_disability` varchar(255) DEFAULT NULL,
  `weed` varchar(255) NOT NULL DEFAULT 'No',
  `alcohol` varchar(255) NOT NULL DEFAULT 'Casually',
  `prescribed_medication` text DEFAULT NULL,
  `failed_drug_test` text DEFAULT NULL,
  `attachments` varchar(255) DEFAULT NULL,
  `created_at` timestamp NULL DEFAULT NULL,
  `updated_at` timestamp NULL DEFAULT NULL
) ENGINE=InnoDB DEFAULT CHARSET=utf8mb4 COLLATE=utf8mb4_unicode_ci;

--
-- Dumping data for table `medicals`
--

INSERT INTO `medicals` (`id`, `user_id`, `weight`, `height`, `visual_impairment`, `hearing_aid`, `physical_disability`, `weed`, `alcohol`, `prescribed_medication`, `failed_drug_test`, `attachments`, `created_at`, `updated_at`) VALUES
(1, 1, 72.00, 6.20, 'None', 'None', 'None', 'No', 'No', 'NIL', 'NIL', NULL, '2024-12-08 13:21:23', '2024-12-08 13:21:23'),
(2, 2, 75.00, 6.00, 'None', 'None', 'None', 'No', 'No', 'NIL', 'NIL', NULL, '2024-12-13 05:27:58', '2024-12-13 05:27:58'),
(3, 3, 83.00, 5.60, 'None', 'None', 'None', 'No', 'No', 'NIL', 'NIL', NULL, '2024-12-13 05:56:13', '2024-12-13 05:56:13'),
(4, 4, 65.00, 5.10, 'None', 'None', 'None', 'No', 'No', 'NIL', 'NIL', NULL, '2024-12-13 05:59:07', '2024-12-13 05:59:07');

-- --------------------------------------------------------

--
-- Table structure for table `members`
--

CREATE TABLE `members` (
  `id` bigint(20) UNSIGNED NOT NULL,
  `image` varchar(2048) DEFAULT NULL,
  `name` varchar(255) NOT NULL,
  `link` varchar(255) DEFAULT NULL,
  `location` varchar(255) DEFAULT NULL,
  `content` longtext DEFAULT NULL,
  `created_at` timestamp NULL DEFAULT NULL,
  `updated_at` timestamp NULL DEFAULT NULL
) ENGINE=InnoDB DEFAULT CHARSET=utf8mb4 COLLATE=utf8mb4_unicode_ci;

--
-- Dumping data for table `members`
--

INSERT INTO `members` (`id`, `image`, `name`, `link`, `location`, `content`, `created_at`, `updated_at`) VALUES
(1, 'user-64-01.jpg', 'Dominik McNeail', '#0', '🇮🇹', 'Fitness Fanatic, Design Enthusiast, Mentor, Meetup Organizer & PHP Lover.', '2024-12-08 13:18:19', '2024-12-08 13:18:19'),
(2, 'user-64-02.jpg', 'Ivan Mesaros', '#0', '🇫🇷', 'Fitness Fanatic, Design Enthusiast, Mentor, Meetup Organizer & PHP Lover.', '2024-12-08 13:18:19', '2024-12-08 13:18:19'),
(3, 'user-64-03.jpg', 'Tisha Yanchev', '#0', '🇩🇪', 'Fitness Fanatic, Design Enthusiast, Mentor, Meetup Organizer & PHP Lover.', '2024-12-08 13:18:19', '2024-12-08 13:18:19'),
(4, 'user-64-04.jpg', 'Sergio Gonnelli', '#0', '🇮🇹', 'Fitness Fanatic, Design Enthusiast, Mentor, Meetup Organizer & PHP Lover.', '2024-12-08 13:18:19', '2024-12-08 13:18:19'),
(5, 'user-64-05.jpg', 'Jerzy Wierzy', '#0', '🇪🇸', 'Fitness Fanatic, Design Enthusiast, Mentor, Meetup Organizer & PHP Lover.', '2024-12-08 13:18:19', '2024-12-08 13:18:19'),
(6, 'user-64-06.jpg', 'Mirko Grubisic', '#0', '🇩🇪', 'Fitness Fanatic, Design Enthusiast, Mentor, Meetup Organizer & PHP Lover.', '2024-12-08 13:18:19', '2024-12-08 13:18:19'),
(7, 'user-64-07.jpg', 'Alisha Acharya', '#0', '🇬🇧', 'Fitness Fanatic, Design Enthusiast, Mentor, Meetup Organizer & PHP Lover.', '2024-12-08 13:18:19', '2024-12-08 13:18:19'),
(8, 'user-64-08.jpg', 'Brian Halligan', '#0', '🇺🇸', 'Fitness Fanatic, Design Enthusiast, Mentor, Meetup Organizer & PHP Lover.', '2024-12-08 13:18:19', '2024-12-08 13:18:19'),
(9, 'user-64-09.jpg', 'Patricia Semklo', '#0', '🇮🇳', 'Fitness Fanatic, Design Enthusiast, Mentor, Meetup Organizer & PHP Lover.', '2024-12-08 13:18:19', '2024-12-08 13:18:19'),
(10, 'user-64-10.jpg', 'Maria Martinez', '#0', '🇮🇹', 'Fitness Fanatic, Design Enthusiast, Mentor, Meetup Organizer & PHP Lover.', '2024-12-08 13:18:19', '2024-12-08 13:18:19'),
(11, 'user-64-11.jpg', 'Vedad Siljak', '#0', '🇮🇹🇨🇦', 'Fitness Fanatic, Design Enthusiast, Mentor, Meetup Organizer & PHP Lover.', '2024-12-08 13:18:19', '2024-12-08 13:18:19'),
(12, 'user-64-12.jpg', 'Dominik Lamakani', '#0', '🇧🇪', 'Fitness Fanatic, Design Enthusiast, Mentor, Meetup Organizer & PHP Lover.', '2024-12-08 13:18:19', '2024-12-08 13:18:19');

-- --------------------------------------------------------

--
-- Table structure for table `migrations`
--

CREATE TABLE `migrations` (
  `id` int(10) UNSIGNED NOT NULL,
  `migration` varchar(255) NOT NULL,
  `batch` int(11) NOT NULL
) ENGINE=InnoDB DEFAULT CHARSET=utf8mb4 COLLATE=utf8mb4_unicode_ci;

--
-- Dumping data for table `migrations`
--

INSERT INTO `migrations` (`id`, `migration`, `batch`) VALUES
(1, '2014_10_12_000000_create_users_table', 1),
(2, '2014_10_12_100000_create_password_reset_tokens_table', 1),
(3, '2014_10_12_200000_add_two_factor_columns_to_users_table', 1),
(4, '2019_08_19_000000_create_failed_jobs_table', 1),
(5, '2019_12_14_000001_create_personal_access_tokens_table', 1),
(6, '2022_03_23_163443_create_sessions_table', 1),
(7, '2022_05_11_154250_create_datafeeds_table', 1),
(8, '2022_07_04_131100_create_customers_table', 1),
(9, '2022_07_04_151619_create_orders_table', 1),
(10, '2022_07_06_104457_create_invoices_table', 1),
(11, '2022_07_06_132214_create_members_table', 1),
(12, '2022_07_07_125834_create_transactions_table', 1),
(13, '2022_07_07_134715_create_jobs_table', 1),
(14, '2022_07_08_143725_create_campaigns_table', 1),
(15, '2022_07_08_151254_create_marketers_table', 1),
(16, '2022_07_08_153041_create_campaign_marketer_table', 1),
(17, '2024_11_25_123640_create_medicals_table', 1),
(18, '2024_11_25_123640_create_subscriptions_table', 1),
(19, '2024_11_25_133921_create_training_objective_table', 1),
(20, '2024_12_05_051758_create_settings_table', 1),
(21, '2024_12_08_053622_create_faqs_table', 1),
(22, '2024_12_08_103031_create_sliders_table', 1),
(23, '2024_12_08_131112_create_founder_table', 1),
(24, '2024_12_09_052658_create_services_table', 2),
(25, '2024_12_09_105108_create_clients_table', 3),
(26, '2024_12_09_150245_create_about_company_table', 4),
(27, '2024_12_10_113731_create_achievements_table', 5),
(28, '2024_12_18_041151_create_roles_table', 6),
(29, '2024_12_18_041307_create_permissions_table', 6),
(30, '2024_12_18_041352_create_role_permission_table', 6);

-- --------------------------------------------------------

--
-- Table structure for table `orders`
--

CREATE TABLE `orders` (
  `id` bigint(20) UNSIGNED NOT NULL,
  `image` varchar(2048) DEFAULT NULL,
  `order` varchar(255) NOT NULL,
  `date` date NOT NULL,
  `customer` varchar(255) NOT NULL,
  `total` varchar(255) NOT NULL,
  `status` varchar(255) NOT NULL,
  `items` int(11) NOT NULL DEFAULT 0,
  `location` varchar(255) NOT NULL,
  `type` varchar(255) NOT NULL,
  `description` longtext NOT NULL,
  `created_at` timestamp NULL DEFAULT NULL,
  `updated_at` timestamp NULL DEFAULT NULL
) ENGINE=InnoDB DEFAULT CHARSET=utf8mb4 COLLATE=utf8mb4_unicode_ci;

--
-- Dumping data for table `orders`
--

INSERT INTO `orders` (`id`, `image`, `order`, `date`, `customer`, `total`, `status`, `items`, `location`, `type`, `description`, `created_at`, `updated_at`) VALUES
(1, 'icon-01.svg', '#123567', '2024-01-22', 'Patricia Semklo', '$129.00', 'Refunded', 1, '🇨🇳 Shanghai, CN', 'Subscription', 'Excepteur sint occaecat cupidatat non proident, sunt in culpa qui officia deserunt mollit anim id est laborum.', '2024-12-08 13:18:19', '2024-12-08 13:18:19'),
(2, 'icon-01.svg', '#779912', '2024-01-22', 'Dominik Lamakani', '$89.00', 'Approved', 2, '🇲🇽 Mexico City, MX', 'Subscription', 'Excepteur sint occaecat cupidatat non proident, sunt in culpa qui officia deserunt mollit anim id est laborum.', '2024-12-08 13:18:19', '2024-12-08 13:18:19'),
(3, 'icon-02.svg', '#889924', '2024-01-22', 'Ivan Mesaros', '$89.00', 'Approved', 2, '🇮🇹 Milan, IT', 'One-time', 'Excepteur sint occaecat cupidatat non proident, sunt in culpa qui officia deserunt mollit anim id est laborum.', '2024-12-08 13:18:19', '2024-12-08 13:18:19'),
(4, 'icon-01.svg', '#897726', '2024-01-22', 'Maria Martinez', '$59.00', 'Pending', 1, '🇮🇹 Bologna, IT', 'One-time', 'Excepteur sint occaecat cupidatat non proident, sunt in culpa qui officia deserunt mollit anim id est laborum.', '2024-12-08 13:18:19', '2024-12-08 13:18:19'),
(5, 'icon-03.svg', '#123567', '2024-01-22', 'Vicky Jung', '$39.00', 'Refunded', 1, '🇬🇧 London, UK', 'Subscription', 'Excepteur sint occaecat cupidatat non proident, sunt in culpa qui officia deserunt mollit anim id est laborum.', '2024-12-08 13:18:19', '2024-12-08 13:18:19'),
(6, 'icon-01.svg', '#896644', '2024-01-21', 'Tisho Yanchev', '$59.00', 'Approved', 1, '🇫🇷 Paris, FR', 'One-time', 'Excepteur sint occaecat cupidatat non proident, sunt in culpa qui officia deserunt mollit anim id est laborum.', '2024-12-08 13:18:19', '2024-12-08 13:18:19'),
(7, 'icon-03.svg', '#136988', '2024-01-21', 'James Cameron', '$89.00', 'Approved', 1, '🇫🇷 Marseille, FR', 'Subscription', 'Excepteur sint occaecat cupidatat non proident, sunt in culpa qui officia deserunt mollit anim id est laborum.', '2024-12-08 13:18:19', '2024-12-08 13:18:19'),
(8, 'icon-03.svg', '#442206', '2024-01-21', 'Haruki Masuno', '$129.00', 'Approved', 2, '🇺🇸 New York, USA', 'Subscription', 'Excepteur sint occaecat cupidatat non proident, sunt in culpa qui officia deserunt mollit anim id est laborum.', '2024-12-08 13:18:19', '2024-12-08 13:18:19'),
(9, 'icon-02.svg', '#764321', '2024-01-21', 'Joe Huang', '$89.00', 'Pending', 2, '🇨🇳 Shanghai, CN', 'One-time', 'Excepteur sint occaecat cupidatat non proident, sunt in culpa qui officia deserunt mollit anim id est laborum.', '2024-12-08 13:18:19', '2024-12-08 13:18:19'),
(10, 'icon-01.svg', '#908764', '2024-01-21', 'Carolyn McNeail', '$59.00', 'Refunded', 1, '🇬🇧 Sheffield, UK', 'Subscription', 'Excepteur sint occaecat cupidatat non proident, sunt in culpa qui officia deserunt mollit anim id est laborum.', '2024-12-08 13:18:19', '2024-12-08 13:18:19'),
(11, 'icon-03.svg', '#123567', '2024-01-22', 'Vicky Jung', '$39.00', 'Refunded', 1, '🇬🇧 London, UK', 'Subscription', 'Excepteur sint occaecat cupidatat non proident, sunt in culpa qui officia deserunt mollit anim id est laborum.', '2024-12-08 13:18:19', '2024-12-08 13:18:19'),
(12, 'icon-01.svg', '#896644', '2024-01-21', 'Tisho Yanchev', '$59.00', 'Approved', 1, '🇫🇷 Paris, FR', 'One-time', 'Excepteur sint occaecat cupidatat non proident, sunt in culpa qui officia deserunt mollit anim id est laborum.', '2024-12-08 13:18:19', '2024-12-08 13:18:19'),
(13, 'icon-02.svg', '#764321', '2024-01-21', 'Joe Huang', '$89.00', 'Pending', 2, '🇨🇳 Shanghai, CN', 'One-time', 'Excepteur sint occaecat cupidatat non proident, sunt in culpa qui officia deserunt mollit anim id est laborum.', '2024-12-08 13:18:19', '2024-12-08 13:18:19');

-- --------------------------------------------------------

--
-- Table structure for table `password_reset_tokens`
--

CREATE TABLE `password_reset_tokens` (
  `email` varchar(255) NOT NULL,
  `token` varchar(255) NOT NULL,
  `created_at` timestamp NULL DEFAULT NULL
) ENGINE=InnoDB DEFAULT CHARSET=utf8mb4 COLLATE=utf8mb4_unicode_ci;

-- --------------------------------------------------------

--
-- Table structure for table `permissions`
--

CREATE TABLE `permissions` (
  `id` bigint(20) UNSIGNED NOT NULL,
  `name` varchar(255) NOT NULL,
  `created_at` timestamp NULL DEFAULT NULL,
  `updated_at` timestamp NULL DEFAULT NULL
) ENGINE=InnoDB DEFAULT CHARSET=utf8mb4 COLLATE=utf8mb4_unicode_ci;

--
-- Dumping data for table `permissions`
--

INSERT INTO `permissions` (`id`, `name`, `created_at`, `updated_at`) VALUES
(1, 'read_management_navigation', '2024-12-22 11:28:43', '2024-12-22 11:28:43'),
(2, 'update_website_management', '2024-12-22 11:31:21', '2024-12-22 11:31:21'),
(3, 'update_roles_and_permissions', '2024-12-22 11:35:54', '2024-12-22 11:35:54'),
(4, 'create_user_accounts', '2024-12-22 11:37:04', '2024-12-22 11:37:04'),
(5, 'read_user_accounts', '2024-12-22 11:37:04', '2024-12-22 11:37:04'),
(6, 'update_user_accounts', '2024-12-22 11:37:04', '2024-12-22 11:37:04'),
(7, 'delete_user_accounts', '2024-12-22 11:37:04', '2024-12-22 11:37:04'),
(8, 'read_dashboard_user_card', '2024-12-22 11:56:35', '2024-12-22 11:56:35'),
(9, 'read_dashboard_revenue_card', '2024-12-22 11:57:44', '2024-12-22 11:57:44');

-- --------------------------------------------------------

--
-- Table structure for table `personal_access_tokens`
--

CREATE TABLE `personal_access_tokens` (
  `id` bigint(20) UNSIGNED NOT NULL,
  `tokenable_type` varchar(255) NOT NULL,
  `tokenable_id` bigint(20) UNSIGNED NOT NULL,
  `name` varchar(255) NOT NULL,
  `token` varchar(64) NOT NULL,
  `abilities` text DEFAULT NULL,
  `last_used_at` timestamp NULL DEFAULT NULL,
  `expires_at` timestamp NULL DEFAULT NULL,
  `created_at` timestamp NULL DEFAULT NULL,
  `updated_at` timestamp NULL DEFAULT NULL
) ENGINE=InnoDB DEFAULT CHARSET=utf8mb4 COLLATE=utf8mb4_unicode_ci;

-- --------------------------------------------------------

--
-- Table structure for table `roles`
--

CREATE TABLE `roles` (
  `id` bigint(20) UNSIGNED NOT NULL,
  `name` varchar(255) NOT NULL,
  `description` varchar(255) NOT NULL,
  `created_at` timestamp NULL DEFAULT NULL,
  `updated_at` timestamp NULL DEFAULT NULL
) ENGINE=InnoDB DEFAULT CHARSET=utf8mb4 COLLATE=utf8mb4_unicode_ci;

--
-- Dumping data for table `roles`
--

INSERT INTO `roles` (`id`, `name`, `description`, `created_at`, `updated_at`) VALUES
(1, 'SuperAdmin', 'Organization owner, inherits all privileges to the platform without limitation.', '2024-12-22 11:26:01', '2024-12-22 11:26:01'),
(2, 'Admin', 'The one who oversees the entire affair of the organization in representation of the organization owner.', '2024-12-22 11:26:01', '2024-12-22 11:26:01'),
(3, 'Instructor', 'The ones who trains the students their subscribed courses.', '2024-12-22 11:26:01', '2024-12-22 11:26:01'),
(4, 'Student', 'These are the students who enrolled for trainings.', '2024-12-22 11:26:01', '2024-12-22 11:26:01');

-- --------------------------------------------------------

--
-- Table structure for table `role_permission`
--

CREATE TABLE `role_permission` (
  `id` bigint(20) UNSIGNED NOT NULL,
  `role_id` bigint(20) UNSIGNED NOT NULL,
  `permission_id` bigint(20) UNSIGNED NOT NULL,
  `created_at` timestamp NULL DEFAULT NULL,
  `updated_at` timestamp NULL DEFAULT NULL
) ENGINE=InnoDB DEFAULT CHARSET=utf8mb4 COLLATE=utf8mb4_unicode_ci;

--
-- Dumping data for table `role_permission`
--

INSERT INTO `role_permission` (`id`, `role_id`, `permission_id`, `created_at`, `updated_at`) VALUES
(1, 1, 1, '2024-12-22 11:28:43', '2024-12-22 11:28:43'),
(2, 1, 2, '2024-12-22 11:31:21', '2024-12-22 11:31:21'),
(3, 1, 3, '2024-12-22 11:35:54', '2024-12-22 11:35:54'),
(4, 1, 4, '2024-12-22 11:37:04', '2024-12-22 11:37:04'),
(5, 1, 5, '2024-12-22 11:37:04', '2024-12-22 11:37:04'),
(6, 1, 6, '2024-12-22 11:37:04', '2024-12-22 11:37:04'),
(7, 1, 7, '2024-12-22 11:37:04', '2024-12-22 11:37:04'),
(8, 1, 8, '2024-12-22 11:56:35', '2024-12-22 11:56:35'),
(9, 1, 9, '2024-12-22 11:57:44', '2024-12-22 11:57:44');

-- --------------------------------------------------------

--
-- Table structure for table `services`
--

CREATE TABLE `services` (
  `id` bigint(20) UNSIGNED NOT NULL,
  `service_name` varchar(255) NOT NULL,
  `service_description` varchar(255) NOT NULL,
  `service_picture` varchar(255) NOT NULL,
  `created_at` timestamp NULL DEFAULT NULL,
  `updated_at` timestamp NULL DEFAULT NULL
) ENGINE=InnoDB DEFAULT CHARSET=utf8mb4 COLLATE=utf8mb4_unicode_ci;

--
-- Dumping data for table `services`
--

INSERT INTO `services` (`id`, `service_name`, `service_description`, `service_picture`, `created_at`, `updated_at`) VALUES
(1, 'Driving Course', 'Comprehensive driver education tailored to your need.', 'custom-services/y9xGr0ir5Gjcr7ndp8PqKALxQ6rSwuCbrxU1pofG.jpg', '2024-12-09 04:42:44', '2024-12-09 05:54:09'),
(2, 'Truck & Commercial Training', 'Specialized skills for truck and commercial vehicle driving.', 'custom-services/qPRc8RWzfPYtSIYOwdz06jz9oRhJhAzDjxJDZvVA.jpg', '2024-12-09 04:42:44', '2024-12-10 05:05:41'),
(3, 'School Bus and BRT Training', 'Focused training for safe, professional bus driving.', 'custom-services/8xEvIn7QJ6PYjGFoT2L8NL2yoEJLzbuCeLqj7mEA.jpg', '2024-12-09 04:42:44', '2024-12-09 05:55:09'),
(4, 'Conventional Driving Training', 'In-depth training for standard vehicle operations.', 'custom-services/s80kI7GlZl4DXLW8LjYNd5EW6Puy8xbWHPWZUCmn.png', '2024-12-09 04:42:45', '2024-12-10 05:42:31'),
(5, 'Safety and Compliance', 'Expert consultation and advice to ensure full safety compliance.', 'custom-services/OzG21r3YohLkBexAVZKYD6cNNWiXJvDb6txWEzsZ.jpg', '2024-12-09 04:42:45', '2024-12-09 05:55:26'),
(6, 'Driving License', 'Guidance to obtain your driving license swiftly.', 'custom-services/avtozyhESe8tYMtgCFVz1TSvUWMUSVHa2BaemeoN.jpg', '2024-12-09 04:42:45', '2024-12-09 05:55:42'),
(13, 'Test', 'Test Description', 'custom-services/ugpG3t02X5mSgPbwjc5AvGBLNFuukG56a7PSAeAH.png', '2024-12-09 06:12:54', '2024-12-09 06:12:54');

-- --------------------------------------------------------

--
-- Table structure for table `sessions`
--

CREATE TABLE `sessions` (
  `id` varchar(255) NOT NULL,
  `user_id` bigint(20) UNSIGNED DEFAULT NULL,
  `ip_address` varchar(45) DEFAULT NULL,
  `user_agent` text DEFAULT NULL,
  `payload` text NOT NULL,
  `last_activity` int(11) NOT NULL
) ENGINE=InnoDB DEFAULT CHARSET=utf8mb4 COLLATE=utf8mb4_unicode_ci;

--
-- Dumping data for table `sessions`
--

INSERT INTO `sessions` (`id`, `user_id`, `ip_address`, `user_agent`, `payload`, `last_activity`) VALUES
('fCnIWFPWxLBRTWRf4PAJoWeOQP4BDSvsl570ctPD', 1, '127.0.0.1', 'Mozilla/5.0 (X11; Linux x86_64) AppleWebKit/537.36 (KHTML, like Gecko) Chrome/129.0.0.0 Safari/537.36', 'YTo0OntzOjY6Il90b2tlbiI7czo0MDoiMERoUWphTE5pTFdNZDVZSnlvcGs2TnhZTE12M3JXcFVuMWk4Q1E5aCI7czo5OiJfcHJldmlvdXMiO2E6MTp7czozOiJ1cmwiO3M6NDI6Imh0dHA6Ly8xMjcuMC4wLjE6ODAwMC9jb21tdW5pdHkvdXNlci10aWxlcyI7fXM6NjoiX2ZsYXNoIjthOjI6e3M6Mzoib2xkIjthOjA6e31zOjM6Im5ldyI7YTowOnt9fXM6NTA6ImxvZ2luX3dlYl81OWJhMzZhZGRjMmIyZjk0MDE1ODBmMDE0YzdmNThlYTRlMzA5ODlkIjtpOjE7fQ==', 1734962696),
('kmAsL7wL7pPIgLbFnerJnjCbPHHWXyxYxSP0Dm63', 1, '127.0.0.1', 'Mozilla/5.0 (X11; Linux x86_64) AppleWebKit/537.36 (KHTML, like Gecko) Chrome/129.0.0.0 Safari/537.36', 'YTo1OntzOjY6Il90b2tlbiI7czo0MDoiQ1A0N1BCZ3B5RExzaEN3Mmd1eXREZ2NqS2NFYWdERWIzd012TVJVSSI7czozOiJ1cmwiO2E6MTp7czo4OiJpbnRlbmRlZCI7czozMjoiaHR0cDovLzEyNy4wLjAuMTo4MDAwL3VzZXItcm9sZXMiO31zOjk6Il9wcmV2aW91cyI7YToxOntzOjM6InVybCI7czozNDoiaHR0cDovLzEyNy4wLjAuMTo4MDAwL3VzZXItcHJvZmlsZSI7fXM6NjoiX2ZsYXNoIjthOjI6e3M6Mzoib2xkIjthOjA6e31zOjM6Im5ldyI7YTowOnt9fXM6NTA6ImxvZ2luX3dlYl81OWJhMzZhZGRjMmIyZjk0MDE1ODBmMDE0YzdmNThlYTRlMzA5ODlkIjtpOjE7fQ==', 1735070980),
('XoqhSYxcaMxl1kT755mTqsNNH9rSpd8yxOk0Fe7O', NULL, '127.0.0.1', 'Mozilla/5.0 (X11; Linux x86_64) AppleWebKit/537.36 (KHTML, like Gecko) Chrome/129.0.0.0 Safari/537.36', 'YTo0OntzOjY6Il90b2tlbiI7czo0MDoiZmFVWUlnN1owazBIelZYV1d0eDBIc1Z3VWl2aHVyWjlMQ1FqY0NKUyI7czozOiJ1cmwiO2E6MTp7czo4OiJpbnRlbmRlZCI7czozNDoiaHR0cDovLzEyNy4wLjAuMTo4MDAwL3VzZXItcHJvZmlsZSI7fXM6OToiX3ByZXZpb3VzIjthOjE6e3M6MzoidXJsIjtzOjI3OiJodHRwOi8vMTI3LjAuMC4xOjgwMDAvbG9naW4iO31zOjY6Il9mbGFzaCI7YToyOntzOjM6Im9sZCI7YTowOnt9czozOiJuZXciO2E6MDp7fX19', 1735114938);

-- --------------------------------------------------------

--
-- Table structure for table `settings`
--

CREATE TABLE `settings` (
  `id` bigint(20) UNSIGNED NOT NULL,
  `site_name` varchar(255) NOT NULL,
  `site_tagline` varchar(255) DEFAULT NULL,
  `site_description` text NOT NULL,
  `site_keywords` text NOT NULL,
  `headquarters` text NOT NULL,
  `business_email` varchar(255) NOT NULL,
  `secondary_email` varchar(255) DEFAULT NULL,
  `business_contact` varchar(255) NOT NULL,
  `secondary_contact` varchar(255) DEFAULT NULL,
  `dark_theme_logo` varchar(255) NOT NULL,
  `light_theme_logo` varchar(255) NOT NULL,
  `favicon` varchar(255) NOT NULL,
  `facebook_handle` varchar(255) DEFAULT NULL,
  `twitter_handle` varchar(255) DEFAULT NULL,
  `instagram_handle` varchar(255) DEFAULT NULL,
  `youtube_handle` varchar(255) DEFAULT NULL,
  `tiktok_handle` varchar(255) DEFAULT NULL,
  `linkedin_handle` varchar(255) DEFAULT NULL,
  `created_at` timestamp NULL DEFAULT NULL,
  `updated_at` timestamp NULL DEFAULT NULL
) ENGINE=InnoDB DEFAULT CHARSET=utf8mb4 COLLATE=utf8mb4_unicode_ci;

--
-- Dumping data for table `settings`
--

INSERT INTO `settings` (`id`, `site_name`, `site_tagline`, `site_description`, `site_keywords`, `headquarters`, `business_email`, `secondary_email`, `business_contact`, `secondary_contact`, `dark_theme_logo`, `light_theme_logo`, `favicon`, `facebook_handle`, `twitter_handle`, `instagram_handle`, `youtube_handle`, `tiktok_handle`, `linkedin_handle`, `created_at`, `updated_at`) VALUES
(1, 'BigRig International Truck Driving School', NULL, 'Kickstart your career with confidence at BigRig International Truck Driving School! We specialize in professional CDL training designed to equip aspiring truck drivers with the skills, knowledge, and hands-on experience needed to excel in the transportation industry. Whether you\'re a beginner or looking to enhance your driving expertise, our certified instructors and modern fleet ensure a top-tier learning environment. Join us to navigate the road to success and drive your future forward!', 'Truck driving school, CDL training, Commercial driver’s license, Professional truck driver training, CDL certification, Class A CDL training, Trucking career, CDL test preparation, Hands-on truck driving experience, Transportation industry training, Big rig driving school, International truck driving training, CDL license school, Start a trucking career, Truck driver education', 'No 6, Blue Gate Estate, Opposite Liberty Stadium, Ring Road, Ibadan, Oyo State.', 'info@bigrigdrivingschool.ng', NULL, '+1 (913) 705-0526', NULL, 'logo/y1PcIeleQL6BYW6A9tC9dV5JsueNTIerEgOeipaP.png', 'logo/MMTlZiH7K4Dx7QaEeJqRV5EKpBQDrz2Whvzsw9L0.png', 'logo/rb1mGnRa1WHd2nbd1KdQViCS8G0uURWc7lIgPX3E.ico', NULL, NULL, 'https://www.instagram.com/bigrig_truckdrivingschool/', NULL, NULL, NULL, '2024-12-08 13:18:20', '2024-12-22 06:14:24');

-- --------------------------------------------------------

--
-- Table structure for table `sliders`
--

CREATE TABLE `sliders` (
  `id` bigint(20) UNSIGNED NOT NULL,
  `title` varchar(255) NOT NULL,
  `text` text NOT NULL,
  `button_name` varchar(255) DEFAULT NULL,
  `button_url` varchar(255) DEFAULT NULL,
  `image_url` varchar(255) NOT NULL,
  `created_at` timestamp NULL DEFAULT NULL,
  `updated_at` timestamp NULL DEFAULT NULL
) ENGINE=InnoDB DEFAULT CHARSET=utf8mb4 COLLATE=utf8mb4_unicode_ci;

--
-- Dumping data for table `sliders`
--

INSERT INTO `sliders` (`id`, `title`, `text`, `button_name`, `button_url`, `image_url`, `created_at`, `updated_at`) VALUES
(1, 'Fast Track Driving Lessons', 'Join our dedicated team and get hand-on experience with truck, forklift, school bus and regular vehicles,', 'Register Now', '/register', 'sliders/ZSF1h9seMLxKSqK5UslUMml45QglDUqgsh8ehaH3.jpg', '2024-12-10 07:15:05', '2024-12-10 07:15:05'),
(2, 'Master the Road with Confidence', 'Learn from expert instructors committed to your success on the road. Enroll today and drive your future forward!', 'Already A Member?', '/login', 'sliders/1JpQ8GAeFp0qYGgScBku0Am5rekNINzL6oKUyRj3.jpg', '2024-12-10 07:18:48', '2024-12-10 07:18:48'),
(4, 'Driving Education, Step Ahead', 'Join a trusted driving school that prepares you for challenges and opportunities behind the wheel.', 'Join Now', '/register', 'sliders/ELcMB4S6MClBSZFljzxZskgfuH0zKqj5aYaOaof9.png', '2024-12-10 09:48:42', '2024-12-10 09:48:42'),
(5, 'Start Here, Drive to Expertise', 'Build skills for a lifetime with top-tier driving programs designed to make you a confident, professional driver.', 'Learn More About Us', '/about-us', 'sliders/3toKObDnFjeV6XTw84KVzC7r13461b5ei0yph6oc.png', '2024-12-10 09:52:58', '2024-12-10 09:52:58');

-- --------------------------------------------------------

--
-- Table structure for table `subscriptions`
--

CREATE TABLE `subscriptions` (
  `id` bigint(20) UNSIGNED NOT NULL,
  `user_id` bigint(20) UNSIGNED NOT NULL,
  `payment_reference` varchar(255) DEFAULT NULL,
  `objectives` longtext CHARACTER SET utf8mb4 COLLATE utf8mb4_bin NOT NULL CHECK (json_valid(`objectives`)),
  `subtotal` decimal(10,2) NOT NULL DEFAULT 0.00,
  `tax` decimal(10,2) NOT NULL DEFAULT 0.00,
  `total_amount` decimal(10,2) NOT NULL DEFAULT 0.00,
  `payment_status` enum('pending','completed','failed') NOT NULL DEFAULT 'pending',
  `payment_method` varchar(255) DEFAULT NULL,
  `created_at` timestamp NULL DEFAULT NULL,
  `updated_at` timestamp NULL DEFAULT NULL
) ENGINE=InnoDB DEFAULT CHARSET=utf8mb4 COLLATE=utf8mb4_unicode_ci;

--
-- Dumping data for table `subscriptions`
--

INSERT INTO `subscriptions` (`id`, `user_id`, `payment_reference`, `objectives`, `subtotal`, `tax`, `total_amount`, `payment_status`, `payment_method`, `created_at`, `updated_at`) VALUES
(1, 1, 'yKoIp9z1gjrQw82HxFDieY5gd', '\"[\\\"2\\\",\\\"4\\\"]\"', 500.00, 37.50, 537.50, 'completed', 'Paystack', '2024-12-08 13:21:23', '2024-12-08 13:22:28'),
(2, 2, 'usGSQU8I6h4zxcPzD0MmZU6UW', '\"[\\\"4\\\"]\"', 149.99, 11.25, 161.24, 'completed', 'Paystack', '2024-12-13 05:27:58', '2024-12-13 05:28:50'),
(3, 3, '5BwVsNDdwbnB1LX1xledwlacK', '\"[\\\"4\\\"]\"', 149.99, 11.25, 161.24, 'completed', 'Paystack', '2024-12-13 05:56:13', '2024-12-13 05:56:57'),
(4, 4, 'SisGu1Q2YPhBriABFPAVmgBYk', '\"[\\\"4\\\"]\"', 149.99, 11.25, 161.24, 'completed', 'Paystack', '2024-12-13 05:59:07', '2024-12-13 05:59:29');

-- --------------------------------------------------------

--
-- Table structure for table `training_objectives`
--

CREATE TABLE `training_objectives` (
  `id` bigint(20) UNSIGNED NOT NULL,
  `objective` varchar(255) NOT NULL,
  `requirement` text NOT NULL,
  `price` decimal(8,2) NOT NULL,
  `duration` int(11) NOT NULL,
  `image_url` varchar(255) DEFAULT NULL,
  `created_at` timestamp NULL DEFAULT NULL,
  `updated_at` timestamp NULL DEFAULT NULL
) ENGINE=InnoDB DEFAULT CHARSET=utf8mb4 COLLATE=utf8mb4_unicode_ci;

--
-- Dumping data for table `training_objectives`
--

INSERT INTO `training_objectives` (`id`, `objective`, `requirement`, `price`, `duration`, `image_url`, `created_at`, `updated_at`) VALUES
(1, 'Truck Driving', 'You must possess a valid drivers license, have a minimum of 6 months of regular driving experience, and be free from any physical disabilities that could affect driving.', 449.99, 14, 'objectives/Z8T1a7mmfeEspyUAT3QYDeEVjJMkX4FQS984i4nc.jpg', '2024-12-08 13:18:20', '2024-12-10 05:59:31'),
(2, 'Forklift Driving', 'You must possess a valid drivers license, have a minimum of 3 months of regular driving experience, and be free from any physical disabilities that could affect driving.', 349.99, 12, 'objectives/NpkpNLMBE1I7ApLw1t6fDmlTxXYWaOm7OCTUcW4i.png', '2024-12-08 13:18:20', '2024-12-10 05:59:22'),
(3, 'Bus/BRT Driving', 'You must have a minimum of 6 months of regular driving experience.', 249.99, 10, 'objectives/BslpLNbTtZSR3uRhIn89UKFwkgeC8Xd2vQWYsci7.jpg', '2024-12-08 13:18:20', '2024-12-10 05:59:11'),
(4, 'Conventional Vehicle Driving', 'No requirement needed for enrolment.', 149.99, 8, 'objectives/kH2yfvAVQcdm5wDUh71ZedBdzGVb8R2oXhItT55R.png', '2024-12-08 13:18:20', '2024-12-10 06:05:32');

-- --------------------------------------------------------

--
-- Table structure for table `transactions`
--

CREATE TABLE `transactions` (
  `id` bigint(20) UNSIGNED NOT NULL,
  `image` varchar(2048) DEFAULT NULL,
  `name` varchar(255) NOT NULL,
  `status` varchar(255) NOT NULL,
  `amount` varchar(255) NOT NULL,
  `created_at` timestamp NULL DEFAULT NULL,
  `updated_at` timestamp NULL DEFAULT NULL
) ENGINE=InnoDB DEFAULT CHARSET=utf8mb4 COLLATE=utf8mb4_unicode_ci;

--
-- Dumping data for table `transactions`
--

INSERT INTO `transactions` (`id`, `image`, `name`, `status`, `amount`, `created_at`, `updated_at`) VALUES
(1, 'transactions-image-01.svg', 'Form Builder CP', 'Pending', '-$1,299.22', '2024-12-08 13:18:19', '2024-12-08 13:18:19'),
(2, 'transactions-image-02.svg', 'Imperial Hotel ****', 'Completed', '-$1,029.77', '2024-12-08 13:18:19', '2024-12-08 13:18:19'),
(3, 'user-36-05.jpg', 'Aprilynne Pills', 'Pending', '+$499.99', '2024-12-08 13:18:19', '2024-12-08 13:18:19'),
(4, 'transactions-image-03.svg', 'Google Limited UK', 'Completed', '-$1,029.77', '2024-12-08 13:18:19', '2024-12-08 13:18:19'),
(5, 'transactions-image-04.svg', 'Acme LTD UK', 'Pending', '+$2,179.36', '2024-12-08 13:18:19', '2024-12-08 13:18:19'),
(6, 'transactions-image-03.svg', 'Google Limited UK', 'Canceled', '-$1,029.77', '2024-12-08 13:18:19', '2024-12-08 13:18:19'),
(7, 'transactions-image-05.svg', 'Uber', 'Completed', '-$272.88', '2024-12-08 13:18:19', '2024-12-08 13:18:19'),
(8, 'transactions-image-06.svg', 'PublicOne Inc.', 'Completed', '-$199.87', '2024-12-08 13:18:19', '2024-12-08 13:18:19'),
(9, 'transactions-image-07.svg', 'Github Inc.', 'Completed', '-$42.87', '2024-12-08 13:18:19', '2024-12-08 13:18:19'),
(10, 'transactions-image-08.svg', 'Form Builder PRO', 'Completed', '-$112.44', '2024-12-08 13:18:19', '2024-12-08 13:18:19'),
(11, 'transactions-image-05.svg', 'Google Limited UK', 'Canceled', '-$1,029.77', '2024-12-08 13:18:19', '2024-12-08 13:18:19'),
(12, 'transactions-image-06.svg', 'Uber', 'Completed', '-$272.88', '2024-12-08 13:18:19', '2024-12-08 13:18:19');

-- --------------------------------------------------------

--
-- Table structure for table `users`
--

CREATE TABLE `users` (
  `id` bigint(20) UNSIGNED NOT NULL,
  `firstName` varchar(255) NOT NULL,
  `middleName` varchar(255) DEFAULT NULL,
  `lastName` varchar(255) NOT NULL,
  `gender` enum('Male','Female') NOT NULL,
  `mobileNumber` varchar(255) NOT NULL,
  `email` varchar(255) NOT NULL,
  `email_verified_at` timestamp NULL DEFAULT NULL,
  `password` varchar(255) NOT NULL,
  `two_factor_secret` text DEFAULT NULL,
  `two_factor_recovery_codes` text DEFAULT NULL,
  `two_factor_confirmed_at` timestamp NULL DEFAULT NULL,
  `remember_token` varchar(100) DEFAULT NULL,
  `current_team_id` bigint(20) UNSIGNED DEFAULT NULL,
  `role_id` bigint(20) UNSIGNED DEFAULT NULL,
  `profile_photo_path` varchar(2048) DEFAULT NULL,
  `user_visibility` tinyint(1) NOT NULL DEFAULT 0,
  `created_at` timestamp NULL DEFAULT NULL,
  `updated_at` timestamp NULL DEFAULT NULL
) ENGINE=InnoDB DEFAULT CHARSET=utf8mb4 COLLATE=utf8mb4_unicode_ci;

--
-- Dumping data for table `users`
--

INSERT INTO `users` (`id`, `firstName`, `middleName`, `lastName`, `gender`, `mobileNumber`, `email`, `email_verified_at`, `password`, `two_factor_secret`, `two_factor_recovery_codes`, `two_factor_confirmed_at`, `remember_token`, `current_team_id`, `role_id`, `profile_photo_path`, `user_visibility`, `created_at`, `updated_at`) VALUES
(1, 'Rilwan', '', 'Adelaja', 'Male', '+234 814 468 2898', 'admin@bigrigdrivingschool.ng', '2024-12-13 04:37:10', '$2y$12$4vyZtQOTNnFjM8NhiHI2H.3ztaH2eC24f3/KpbKzMsVIGvBTDlJf.', NULL, NULL, NULL, NULL, NULL, 1, 'profile-photos/lwj9SQxN1NPlRtm5Jn9mOD8dsesdXRY7cCELDlLb.jpg', 1, '2024-12-08 13:21:23', '2024-12-13 06:14:18'),
(2, 'Precious', NULL, 'Adesoji', 'Female', '08136773856', 'preckylyndy@gmail.com', '2024-12-13 05:47:53', '$2y$12$AQc4gZ68nl/znlRKXSdBtehrxyyI9VwRhN2iPEO8KTkgiz.VijZfq', NULL, NULL, NULL, NULL, NULL, 2, 'profile-photos/LtNjyBGrBK2jGBvbLnV5IXrmC9nKYQY0oPnz5vtR.jpg', 1, '2024-12-12 05:27:58', '2024-12-18 04:15:41'),
(3, 'Remilekun', NULL, 'Adeyemo', 'Female', '07019898522', 'remi@leefakino.com', NULL, '$2y$12$DuFphvlKKyHzqzzb8TA9oukEZYQQDXEeCqhEt6RzE7VWSdWwxwjTG', NULL, NULL, NULL, NULL, NULL, 2, 'users/avatar.png', 1, '2024-12-13 05:56:13', '2024-12-13 05:56:57'),
(4, 'Wahab', NULL, 'Gbadegeshin', 'Male', '08155923643', 'youngadelaja@gmail.com', NULL, '$2y$12$0ZzGKjRtWhtDIbU3LefPO.uAlJDZLblP7g8gtqmlGxRdn3i2l0tbO', NULL, NULL, NULL, NULL, NULL, 2, 'users/avatar.png', 1, '2024-12-13 05:59:07', '2024-12-13 05:59:29');

--
-- Indexes for dumped tables
--

--
-- Indexes for table `about_company`
--
ALTER TABLE `about_company`
  ADD PRIMARY KEY (`id`);

--
-- Indexes for table `achievements`
--
ALTER TABLE `achievements`
  ADD PRIMARY KEY (`id`);

--
-- Indexes for table `campaigns`
--
ALTER TABLE `campaigns`
  ADD PRIMARY KEY (`id`);

--
-- Indexes for table `campaign_marketer`
--
ALTER TABLE `campaign_marketer`
  ADD PRIMARY KEY (`id`);

--
-- Indexes for table `clients`
--
ALTER TABLE `clients`
  ADD PRIMARY KEY (`id`);

--
-- Indexes for table `customers`
--
ALTER TABLE `customers`
  ADD PRIMARY KEY (`id`);

--
-- Indexes for table `datafeeds`
--
ALTER TABLE `datafeeds`
  ADD PRIMARY KEY (`id`);

--
-- Indexes for table `failed_jobs`
--
ALTER TABLE `failed_jobs`
  ADD PRIMARY KEY (`id`),
  ADD UNIQUE KEY `failed_jobs_uuid_unique` (`uuid`);

--
-- Indexes for table `faqs`
--
ALTER TABLE `faqs`
  ADD PRIMARY KEY (`id`);

--
-- Indexes for table `founder`
--
ALTER TABLE `founder`
  ADD PRIMARY KEY (`id`);

--
-- Indexes for table `invoices`
--
ALTER TABLE `invoices`
  ADD PRIMARY KEY (`id`);

--
-- Indexes for table `jobs`
--
ALTER TABLE `jobs`
  ADD PRIMARY KEY (`id`);

--
-- Indexes for table `marketers`
--
ALTER TABLE `marketers`
  ADD PRIMARY KEY (`id`);

--
-- Indexes for table `medicals`
--
ALTER TABLE `medicals`
  ADD PRIMARY KEY (`id`),
  ADD KEY `medicals_user_id_foreign` (`user_id`);

--
-- Indexes for table `members`
--
ALTER TABLE `members`
  ADD PRIMARY KEY (`id`);

--
-- Indexes for table `migrations`
--
ALTER TABLE `migrations`
  ADD PRIMARY KEY (`id`);

--
-- Indexes for table `orders`
--
ALTER TABLE `orders`
  ADD PRIMARY KEY (`id`);

--
-- Indexes for table `password_reset_tokens`
--
ALTER TABLE `password_reset_tokens`
  ADD PRIMARY KEY (`email`);

--
-- Indexes for table `permissions`
--
ALTER TABLE `permissions`
  ADD PRIMARY KEY (`id`),
  ADD UNIQUE KEY `permissions_name_unique` (`name`);

--
-- Indexes for table `personal_access_tokens`
--
ALTER TABLE `personal_access_tokens`
  ADD PRIMARY KEY (`id`),
  ADD UNIQUE KEY `personal_access_tokens_token_unique` (`token`),
  ADD KEY `personal_access_tokens_tokenable_type_tokenable_id_index` (`tokenable_type`,`tokenable_id`);

--
-- Indexes for table `roles`
--
ALTER TABLE `roles`
  ADD PRIMARY KEY (`id`),
  ADD UNIQUE KEY `roles_name_unique` (`name`);

--
-- Indexes for table `role_permission`
--
ALTER TABLE `role_permission`
  ADD PRIMARY KEY (`id`),
  ADD KEY `role_permission_role_id_foreign` (`role_id`),
  ADD KEY `role_permission_permission_id_foreign` (`permission_id`);

--
-- Indexes for table `services`
--
ALTER TABLE `services`
  ADD PRIMARY KEY (`id`);

--
-- Indexes for table `sessions`
--
ALTER TABLE `sessions`
  ADD PRIMARY KEY (`id`),
  ADD KEY `sessions_user_id_index` (`user_id`),
  ADD KEY `sessions_last_activity_index` (`last_activity`);

--
-- Indexes for table `settings`
--
ALTER TABLE `settings`
  ADD PRIMARY KEY (`id`);

--
-- Indexes for table `sliders`
--
ALTER TABLE `sliders`
  ADD PRIMARY KEY (`id`);

--
-- Indexes for table `subscriptions`
--
ALTER TABLE `subscriptions`
  ADD PRIMARY KEY (`id`),
  ADD KEY `subscriptions_user_id_foreign` (`user_id`);

--
-- Indexes for table `training_objectives`
--
ALTER TABLE `training_objectives`
  ADD PRIMARY KEY (`id`);

--
-- Indexes for table `transactions`
--
ALTER TABLE `transactions`
  ADD PRIMARY KEY (`id`);

--
-- Indexes for table `users`
--
ALTER TABLE `users`
  ADD PRIMARY KEY (`id`),
  ADD UNIQUE KEY `users_mobilenumber_unique` (`mobileNumber`),
  ADD UNIQUE KEY `users_email_unique` (`email`);

--
-- AUTO_INCREMENT for dumped tables
--

--
-- AUTO_INCREMENT for table `about_company`
--
ALTER TABLE `about_company`
  MODIFY `id` bigint(20) UNSIGNED NOT NULL AUTO_INCREMENT, AUTO_INCREMENT=2;

--
-- AUTO_INCREMENT for table `achievements`
--
ALTER TABLE `achievements`
  MODIFY `id` bigint(20) UNSIGNED NOT NULL AUTO_INCREMENT, AUTO_INCREMENT=3;

--
-- AUTO_INCREMENT for table `campaigns`
--
ALTER TABLE `campaigns`
  MODIFY `id` bigint(20) UNSIGNED NOT NULL AUTO_INCREMENT, AUTO_INCREMENT=13;

--
-- AUTO_INCREMENT for table `campaign_marketer`
--
ALTER TABLE `campaign_marketer`
  MODIFY `id` int(10) UNSIGNED NOT NULL AUTO_INCREMENT, AUTO_INCREMENT=31;

--
-- AUTO_INCREMENT for table `clients`
--
ALTER TABLE `clients`
  MODIFY `id` bigint(20) UNSIGNED NOT NULL AUTO_INCREMENT, AUTO_INCREMENT=36;

--
-- AUTO_INCREMENT for table `customers`
--
ALTER TABLE `customers`
  MODIFY `id` bigint(20) UNSIGNED NOT NULL AUTO_INCREMENT, AUTO_INCREMENT=13;

--
-- AUTO_INCREMENT for table `datafeeds`
--
ALTER TABLE `datafeeds`
  MODIFY `id` bigint(20) UNSIGNED NOT NULL AUTO_INCREMENT, AUTO_INCREMENT=866;

--
-- AUTO_INCREMENT for table `failed_jobs`
--
ALTER TABLE `failed_jobs`
  MODIFY `id` bigint(20) UNSIGNED NOT NULL AUTO_INCREMENT;

--
-- AUTO_INCREMENT for table `faqs`
--
ALTER TABLE `faqs`
  MODIFY `id` bigint(20) UNSIGNED NOT NULL AUTO_INCREMENT, AUTO_INCREMENT=19;

--
-- AUTO_INCREMENT for table `founder`
--
ALTER TABLE `founder`
  MODIFY `id` bigint(20) UNSIGNED NOT NULL AUTO_INCREMENT, AUTO_INCREMENT=2;

--
-- AUTO_INCREMENT for table `invoices`
--
ALTER TABLE `invoices`
  MODIFY `id` bigint(20) UNSIGNED NOT NULL AUTO_INCREMENT, AUTO_INCREMENT=16;

--
-- AUTO_INCREMENT for table `jobs`
--
ALTER TABLE `jobs`
  MODIFY `id` bigint(20) UNSIGNED NOT NULL AUTO_INCREMENT, AUTO_INCREMENT=13;

--
-- AUTO_INCREMENT for table `marketers`
--
ALTER TABLE `marketers`
  MODIFY `id` bigint(20) UNSIGNED NOT NULL AUTO_INCREMENT, AUTO_INCREMENT=11;

--
-- AUTO_INCREMENT for table `medicals`
--
ALTER TABLE `medicals`
  MODIFY `id` bigint(20) UNSIGNED NOT NULL AUTO_INCREMENT, AUTO_INCREMENT=5;

--
-- AUTO_INCREMENT for table `members`
--
ALTER TABLE `members`
  MODIFY `id` bigint(20) UNSIGNED NOT NULL AUTO_INCREMENT, AUTO_INCREMENT=13;

--
-- AUTO_INCREMENT for table `migrations`
--
ALTER TABLE `migrations`
  MODIFY `id` int(10) UNSIGNED NOT NULL AUTO_INCREMENT, AUTO_INCREMENT=31;

--
-- AUTO_INCREMENT for table `orders`
--
ALTER TABLE `orders`
  MODIFY `id` bigint(20) UNSIGNED NOT NULL AUTO_INCREMENT, AUTO_INCREMENT=14;

--
-- AUTO_INCREMENT for table `permissions`
--
ALTER TABLE `permissions`
  MODIFY `id` bigint(20) UNSIGNED NOT NULL AUTO_INCREMENT, AUTO_INCREMENT=10;

--
-- AUTO_INCREMENT for table `personal_access_tokens`
--
ALTER TABLE `personal_access_tokens`
  MODIFY `id` bigint(20) UNSIGNED NOT NULL AUTO_INCREMENT;

--
-- AUTO_INCREMENT for table `roles`
--
ALTER TABLE `roles`
  MODIFY `id` bigint(20) UNSIGNED NOT NULL AUTO_INCREMENT, AUTO_INCREMENT=5;

--
-- AUTO_INCREMENT for table `role_permission`
--
ALTER TABLE `role_permission`
  MODIFY `id` bigint(20) UNSIGNED NOT NULL AUTO_INCREMENT, AUTO_INCREMENT=10;

--
-- AUTO_INCREMENT for table `services`
--
ALTER TABLE `services`
  MODIFY `id` bigint(20) UNSIGNED NOT NULL AUTO_INCREMENT, AUTO_INCREMENT=14;

--
-- AUTO_INCREMENT for table `settings`
--
ALTER TABLE `settings`
  MODIFY `id` bigint(20) UNSIGNED NOT NULL AUTO_INCREMENT, AUTO_INCREMENT=2;

--
-- AUTO_INCREMENT for table `sliders`
--
ALTER TABLE `sliders`
  MODIFY `id` bigint(20) UNSIGNED NOT NULL AUTO_INCREMENT, AUTO_INCREMENT=6;

--
-- AUTO_INCREMENT for table `subscriptions`
--
ALTER TABLE `subscriptions`
  MODIFY `id` bigint(20) UNSIGNED NOT NULL AUTO_INCREMENT, AUTO_INCREMENT=5;

--
-- AUTO_INCREMENT for table `training_objectives`
--
ALTER TABLE `training_objectives`
  MODIFY `id` bigint(20) UNSIGNED NOT NULL AUTO_INCREMENT, AUTO_INCREMENT=5;

--
-- AUTO_INCREMENT for table `transactions`
--
ALTER TABLE `transactions`
  MODIFY `id` bigint(20) UNSIGNED NOT NULL AUTO_INCREMENT, AUTO_INCREMENT=13;

--
-- AUTO_INCREMENT for table `users`
--
ALTER TABLE `users`
  MODIFY `id` bigint(20) UNSIGNED NOT NULL AUTO_INCREMENT, AUTO_INCREMENT=5;

--
-- Constraints for dumped tables
--

--
-- Constraints for table `medicals`
--
ALTER TABLE `medicals`
  ADD CONSTRAINT `medicals_user_id_foreign` FOREIGN KEY (`user_id`) REFERENCES `users` (`id`) ON DELETE CASCADE;

--
-- Constraints for table `role_permission`
--
ALTER TABLE `role_permission`
  ADD CONSTRAINT `role_permission_permission_id_foreign` FOREIGN KEY (`permission_id`) REFERENCES `permissions` (`id`) ON DELETE CASCADE,
  ADD CONSTRAINT `role_permission_role_id_foreign` FOREIGN KEY (`role_id`) REFERENCES `roles` (`id`) ON DELETE CASCADE;

--
-- Constraints for table `subscriptions`
--
ALTER TABLE `subscriptions`
  ADD CONSTRAINT `subscriptions_user_id_foreign` FOREIGN KEY (`user_id`) REFERENCES `users` (`id`) ON DELETE CASCADE;
COMMIT;

/*!40101 SET CHARACTER_SET_CLIENT=@OLD_CHARACTER_SET_CLIENT */;
/*!40101 SET CHARACTER_SET_RESULTS=@OLD_CHARACTER_SET_RESULTS */;
/*!40101 SET COLLATION_CONNECTION=@OLD_COLLATION_CONNECTION */;
