-- phpMyAdmin SQL Dump
-- version 5.2.1
-- https://www.phpmyadmin.net/
--
-- Host: 127.0.0.1
-- Generation Time: Aug 11, 2025 at 06:49 PM
-- Server version: 10.4.32-MariaDB
-- PHP Version: 8.2.12

SET SQL_MODE = "NO_AUTO_VALUE_ON_ZERO";
START TRANSACTION;
SET time_zone = "+00:00";


/*!40101 SET @OLD_CHARACTER_SET_CLIENT=@@CHARACTER_SET_CLIENT */;
/*!40101 SET @OLD_CHARACTER_SET_RESULTS=@@CHARACTER_SET_RESULTS */;
/*!40101 SET @OLD_COLLATION_CONNECTION=@@COLLATION_CONNECTION */;
/*!40101 SET NAMES utf8mb4 */;

--
-- Database: `bigrig`
--

-- --------------------------------------------------------

--
-- Table structure for table `about_company`
--

CREATE TABLE `about_company` (
  `id` bigint(20) UNSIGNED NOT NULL,
  `banner_title` varchar(255) NOT NULL,
  `banner_picture` varchar(255) NOT NULL,
  `history_title` varchar(255) NOT NULL,
  `training_hours` float DEFAULT NULL,
  `company_history` text NOT NULL,
  `mission_statement` text NOT NULL,
  `students_count` int(11) DEFAULT NULL,
  `years_of_existence` int(11) DEFAULT NULL,
  `instructors_count` int(11) DEFAULT NULL,
  `pass_rate` float NOT NULL,
  `created_at` timestamp NULL DEFAULT NULL,
  `updated_at` timestamp NULL DEFAULT NULL
) ENGINE=InnoDB DEFAULT CHARSET=utf8mb4 COLLATE=utf8mb4_unicode_ci;

--
-- Dumping data for table `about_company`
--

INSERT INTO `about_company` (`id`, `banner_title`, `banner_picture`, `history_title`, `training_hours`, `company_history`, `mission_statement`, `students_count`, `years_of_existence`, `instructors_count`, `pass_rate`, `created_at`, `updated_at`) VALUES
(1, 'About Our Driving School', 'banners/gQD9shYdL4rMwaXY1BfYserc6aLX6FTOVMu6VH9b.jpg', 'Driving Excellence: The BigRig Advantage', 86.5, '<p>At BigRig Driving School, we are dedicated to empowering aspiring professional drivers with the skills and knowledge needed to excel in the transportation industry. Our mission is to deliver high-quality, comprehensive training tailored to the needs of both beginners and experienced drivers seeking to upgrade their qualifications. With a state-of-the-art fleet of trucks and highly experienced instructors, we provide hands-on learning in a supportive and safe environment. Our curriculum emphasizes safety, technical proficiency, and real-world applications, ensuring our graduates are confident and road-ready. We take pride in fostering a community where students not only achieve their driving goals but also build lasting careers. Whether you&rsquo;re preparing for your commercial driver&rsquo;s license (CDL) or aiming to specialize in advanced operations, BigRig Driving School is your partner in professional growth. Join us to embark on a transformative journey and become a trusted name in the trucking industry. At BigRig Driving School, your success is our destination!</p>', '<p>BigRig Driving School helps aspiring drivers gain the skills, confidence, and knowledge needed for professional driving. With expert instructors and a safe learning environment, we train responsible drivers to ensure safer roads and a better transportation industry.</p>', 1752, 12, 27, 92.5, NULL, '2025-03-25 11:15:59');

-- --------------------------------------------------------

--
-- Table structure for table `achievements`
--

CREATE TABLE `achievements` (
  `id` bigint(20) UNSIGNED NOT NULL,
  `title` varchar(255) NOT NULL,
  `year` varchar(255) NOT NULL,
  `description` text NOT NULL,
  `picture` varchar(255) NOT NULL,
  `created_at` timestamp NULL DEFAULT NULL,
  `updated_at` timestamp NULL DEFAULT NULL
) ENGINE=InnoDB DEFAULT CHARSET=utf8mb4 COLLATE=utf8mb4_unicode_ci;

--
-- Dumping data for table `achievements`
--

INSERT INTO `achievements` (`id`, `title`, `year`, `description`, `picture`, `created_at`, `updated_at`) VALUES
(1, 'Pioneering Road Safety Initiative', '2024', '<p>In 2024, <strong>BigRig Driving School</strong> proudly launched its Pioneering Road Safety Initiative, a program designed to enhance driver awareness and reduce road accidents nationwide. The initiative focused on comprehensive safety workshops, simulated driving scenarios, and hands-on training sessions led by industry experts. Over the course of the year, we successfully trained over 1,000 participants, equipping them with advanced safety strategies and fostering a culture of responsibility on the road. This milestone reflects our unwavering dedication to creating safer roads for everyone.</p>', 'achievements/gSwq6WoHYHCFZwSdX18AeHhK7wQ5e8FKW4gOxX6C.jpg', '2025-03-25 11:17:43', '2025-03-25 11:17:43'),
(2, 'Award of Excellence', '2025', '<p>In 2022, <strong>BigRig Driving School</strong> proudly launched its Pioneering Road Safety Initiative, a program designed to enhance driver awareness and reduce road accidents nationwide. The initiative focused on comprehensive safety workshops, simulated driving scenarios, and hands-on training sessions led by industry experts. Over the course of the year, we successfully trained over 1,000 participants, equipping them with advanced safety strategies and fostering a culture of responsibility on the road. This milestone reflects our unwavering dedication to creating safer roads for everyone.</p>', 'achievements/BSOhkAshL1MgWY8Xt6gHCevIsbwh7D8iTCRVvB6A.jpg', '2025-03-25 11:18:46', '2025-03-25 11:18:46'),
(3, 'Best Truck Driving Institution', '2025', '<p>In 2025, <strong>BigRig Driving School</strong> proudly launched its Pioneering Road Safety Initiative, a program designed to enhance driver awareness and reduce road accidents nationwide. The initiative focused on comprehensive safety workshops, simulated driving scenarios, and hands-on training sessions led by industry experts. Over the course of the year, we successfully trained over 1,000 participants, equipping them with advanced safety strategies and fostering a culture of responsibility on the road. This milestone reflects our unwavering dedication to creating safer roads for everyone.</p>', 'achievements/aR6SZCo6omRevPJNrfsf1aoq4Sd1SEj7wonQldAp.jpg', '2025-03-25 11:19:37', '2025-03-25 11:19:37');

-- --------------------------------------------------------

--
-- Table structure for table `campaigns`
--

CREATE TABLE `campaigns` (
  `id` bigint(20) UNSIGNED NOT NULL,
  `category` varchar(255) NOT NULL,
  `title` varchar(255) NOT NULL,
  `content` longtext NOT NULL,
  `start_date` date NOT NULL,
  `end_date` date NOT NULL,
  `type` varchar(255) NOT NULL,
  `created_at` timestamp NULL DEFAULT NULL,
  `updated_at` timestamp NULL DEFAULT NULL
) ENGINE=InnoDB DEFAULT CHARSET=utf8mb4 COLLATE=utf8mb4_unicode_ci;

--
-- Dumping data for table `campaigns`
--

INSERT INTO `campaigns` (`id`, `category`, `title`, `content`, `start_date`, `end_date`, `type`, `created_at`, `updated_at`) VALUES
(1, '1', 'Monitor progress in Real Time Value', 'Lorem ipsum is placeholder text commonly used in the graphic, print, and publishing industries for previewing layouts.', '2024-01-20', '2024-01-27', 'One-Time', '2025-03-10 15:27:26', '2025-03-10 15:27:26'),
(2, '2', 'Monitor progress in Real Time Value', 'Lorem ipsum is placeholder text commonly used in the graphic, print, and publishing industries for previewing layouts.', '2024-01-20', '2024-01-27', 'Off-Track', '2025-03-10 15:27:26', '2025-03-10 15:27:26'),
(3, '3', 'Monitor progress in Real Time Value', 'Lorem ipsum is placeholder text commonly used in the graphic, print, and publishing industries for previewing layouts.', '2024-01-20', '2024-01-27', 'At Risk', '2025-03-10 15:27:26', '2025-03-10 15:27:26'),
(4, '1', 'Monitor progress in Real Time Value', 'Lorem ipsum is placeholder text commonly used in the graphic, print, and publishing industries for previewing layouts.', '2024-01-20', '2024-01-27', 'At Risk', '2025-03-10 15:27:27', '2025-03-10 15:27:27'),
(5, '4', 'Monitor progress in Real Time Value', 'Lorem ipsum is placeholder text commonly used in the graphic, print, and publishing industries for previewing layouts.', '2024-01-20', '2024-01-27', 'One-Time', '2025-03-10 15:27:27', '2025-03-10 15:27:27'),
(6, '2', 'Monitor progress in Real Time Value', 'Lorem ipsum is placeholder text commonly used in the graphic, print, and publishing industries for previewing layouts.', '2024-01-20', '2024-01-27', 'At Risk', '2025-03-10 15:27:27', '2025-03-10 15:27:27'),
(7, '4', 'Monitor progress in Real Time Value', 'Lorem ipsum is placeholder text commonly used in the graphic, print, and publishing industries for previewing layouts.', '2024-01-20', '2024-01-27', 'One-Time', '2025-03-10 15:27:27', '2025-03-10 15:27:27'),
(8, '1', 'Monitor progress in Real Time Value', 'Lorem ipsum is placeholder text commonly used in the graphic, print, and publishing industries for previewing layouts.', '2024-01-20', '2024-01-27', 'Off-Track', '2025-03-10 15:27:27', '2025-03-10 15:27:27'),
(9, '3', 'Monitor progress in Real Time Value', 'Lorem ipsum is placeholder text commonly used in the graphic, print, and publishing industries for previewing layouts.', '2024-01-20', '2024-01-27', 'One-Time', '2025-03-10 15:27:27', '2025-03-10 15:27:27'),
(10, '4', 'Monitor progress in Real Time Value', 'Lorem ipsum is placeholder text commonly used in the graphic, print, and publishing industries for previewing layouts.', '2024-01-20', '2024-01-27', 'Off-Track', '2025-03-10 15:27:27', '2025-03-10 15:27:27'),
(11, '2', 'Monitor progress in Real Time Value', 'Lorem ipsum is placeholder text commonly used in the graphic, print, and publishing industries for previewing layouts.', '2024-01-20', '2024-01-27', 'Off-Track', '2025-03-10 15:27:27', '2025-03-10 15:27:27'),
(12, '3', 'Monitor progress in Real Time Value', 'Lorem ipsum is placeholder text commonly used in the graphic, print, and publishing industries for previewing layouts.', '2024-01-20', '2024-01-27', 'At Risk', '2025-03-10 15:27:27', '2025-03-10 15:27:27');

-- --------------------------------------------------------

--
-- Table structure for table `campaign_marketer`
--

CREATE TABLE `campaign_marketer` (
  `id` int(10) UNSIGNED NOT NULL,
  `campaign_id` int(10) UNSIGNED NOT NULL,
  `marketer_id` int(10) UNSIGNED NOT NULL
) ENGINE=InnoDB DEFAULT CHARSET=utf8mb4 COLLATE=utf8mb4_unicode_ci;

--
-- Dumping data for table `campaign_marketer`
--

INSERT INTO `campaign_marketer` (`id`, `campaign_id`, `marketer_id`) VALUES
(1, 1, 1),
(2, 1, 2),
(3, 1, 3),
(4, 2, 4),
(5, 2, 5),
(6, 3, 7),
(7, 3, 8),
(8, 3, 9),
(9, 4, 10),
(10, 5, 11),
(11, 5, 5),
(12, 5, 12),
(13, 6, 7),
(14, 6, 4),
(15, 6, 11),
(16, 7, 1),
(17, 7, 2),
(18, 7, 6),
(19, 8, 9),
(20, 8, 1),
(21, 9, 7),
(22, 9, 8),
(23, 9, 9),
(24, 9, 6),
(25, 10, 6),
(26, 10, 11),
(27, 11, 5),
(28, 12, 7),
(29, 12, 8),
(30, 12, 9);

-- --------------------------------------------------------

--
-- Table structure for table `clients`
--

CREATE TABLE `clients` (
  `id` bigint(20) UNSIGNED NOT NULL,
  `name` varchar(255) NOT NULL,
  `logo` varchar(255) DEFAULT NULL,
  `type` enum('client','partner') NOT NULL,
  `created_at` timestamp NULL DEFAULT NULL,
  `updated_at` timestamp NULL DEFAULT NULL
) ENGINE=InnoDB DEFAULT CHARSET=utf8mb4 COLLATE=utf8mb4_unicode_ci;

--
-- Dumping data for table `clients`
--

INSERT INTO `clients` (`id`, `name`, `logo`, `type`, `created_at`, `updated_at`) VALUES
(3, 'Federal Road Safety Corps', NULL, 'partner', '2025-04-08 21:56:45', '2025-04-08 21:56:45');

-- --------------------------------------------------------

--
-- Table structure for table `course_materials`
--

CREATE TABLE `course_materials` (
  `id` bigint(20) UNSIGNED NOT NULL,
  `objective_id` bigint(20) UNSIGNED NOT NULL,
  `file_name` varchar(255) NOT NULL,
  `file_url` varchar(255) NOT NULL,
  `created_at` timestamp NULL DEFAULT NULL,
  `updated_at` timestamp NULL DEFAULT NULL
) ENGINE=InnoDB DEFAULT CHARSET=utf8mb4 COLLATE=utf8mb4_unicode_ci;

--
-- Dumping data for table `course_materials`
--

INSERT INTO `course_materials` (`id`, `objective_id`, `file_name`, `file_url`, `created_at`, `updated_at`) VALUES
(1, 1, 'TSDA Week 1 - Assignment.docx', 'course_materials/uwr7gWLJpfNLN0brMC5HNdwcKUOYQcDOUCRMeYyD.docx', '2025-04-04 15:46:16', '2025-04-04 15:46:16'),
(2, 1, 'Abiodun Afuwape.pdf', 'course_materials/b9YBiSzGv1qxMK59uzoRUFFLlqqojrxXwzBUc5LL.pdf', '2025-04-04 15:54:03', '2025-04-04 15:54:03');

-- --------------------------------------------------------

--
-- Table structure for table `curriculum`
--

CREATE TABLE `curriculum` (
  `id` bigint(20) UNSIGNED NOT NULL,
  `objective_id` bigint(20) UNSIGNED NOT NULL,
  `topic` varchar(255) NOT NULL,
  `summary` text NOT NULL,
  `created_at` timestamp NULL DEFAULT NULL,
  `updated_at` timestamp NULL DEFAULT NULL
) ENGINE=InnoDB DEFAULT CHARSET=utf8mb4 COLLATE=utf8mb4_unicode_ci;

--
-- Dumping data for table `curriculum`
--

INSERT INTO `curriculum` (`id`, `objective_id`, `topic`, `summary`, `created_at`, `updated_at`) VALUES
(1, 1, 'Pre-Trip Inspection', 'Pre-Trip Inspection', '2025-04-04 15:56:45', '2025-04-04 15:56:45'),
(2, 1, 'Airbrakes Practical and Safety Inspections', 'Airbrakes Practical and Safety Inspections', '2025-04-04 15:57:03', '2025-04-04 15:57:03'),
(3, 1, 'Defensive Driving', 'Defensive Driving', '2025-04-04 15:57:13', '2025-04-04 15:57:13'),
(4, 1, 'Route ​​Planning', 'Route ​​Planning', '2025-04-04 15:57:25', '2025-04-04 15:57:25'),
(5, 1, 'Cargo/ Load Security', 'Cargo/ Load Security', '2025-04-04 15:57:41', '2025-04-04 15:57:41'),
(6, 1, 'Regulatory and legal requirements in Canada and the US Highway Training', 'Regulatory and legal requirements in Canada and the US Highway Training', '2025-04-04 15:58:08', '2025-04-04 15:58:08'),
(7, 1, 'Turns, Backing, Shifting, Coupling & Uncoupling', 'Turns, Backing, Shifting, Coupling & Uncoupling', '2025-04-04 15:58:24', '2025-04-04 15:58:24');

-- --------------------------------------------------------

--
-- Table structure for table `customers`
--

CREATE TABLE `customers` (
  `id` bigint(20) UNSIGNED NOT NULL,
  `image` varchar(2048) DEFAULT NULL,
  `name` varchar(255) NOT NULL,
  `email` varchar(255) NOT NULL,
  `location` varchar(255) NOT NULL,
  `orders` int(11) NOT NULL,
  `last_order` varchar(255) NOT NULL,
  `spent` varchar(255) NOT NULL,
  `refunds` int(11) NOT NULL DEFAULT 0,
  `fav` tinyint(1) NOT NULL DEFAULT 0,
  `created_at` timestamp NULL DEFAULT NULL,
  `updated_at` timestamp NULL DEFAULT NULL
) ENGINE=InnoDB DEFAULT CHARSET=utf8mb4 COLLATE=utf8mb4_unicode_ci;

--
-- Dumping data for table `customers`
--

INSERT INTO `customers` (`id`, `image`, `name`, `email`, `location`, `orders`, `last_order`, `spent`, `refunds`, `fav`, `created_at`, `updated_at`) VALUES
(1, 'user-40-01.jpg', 'Patricia Semklo', 'patricia.semklo@app.com', '🇬🇧 London, UK', 24, '#123567', '$2,890.66', 0, 1, '2025-03-10 15:27:26', '2025-03-10 15:27:26'),
(2, 'user-40-02.jpg', 'Dominik Lamakani', 'dominik.lamakani@gmail.com', '🇩🇪 Dortmund, DE', 77, '#779912', '$14,767.04', 4, 0, '2025-03-10 15:27:26', '2025-03-10 15:27:26'),
(3, 'user-40-03.jpg', 'Ivan Mesaros', 'imivanmes@gmail.com', '🇫🇷 Paris, FR', 44, '#889924', '$4,996.00', 1, 1, '2025-03-10 15:27:26', '2025-03-10 15:27:26'),
(4, 'user-40-04.jpg', 'Maria Martinez', 'martinezhome@gmail.com', '🇮🇹 Bologna, IT', 29, '#897726', '$3,220.66', 2, 0, '2025-03-10 15:27:26', '2025-03-10 15:27:26'),
(5, 'user-40-05.jpg', 'Vicky Jung', 'itsvicky@contact.com', '🇬🇧 London, UK', 22, '#123567', '$2,890.66', 0, 1, '2025-03-10 15:27:26', '2025-03-10 15:27:26'),
(6, 'user-40-06.jpg', 'Tisho Yanchev', 'tisho.y@kurlytech.com', '🇬🇧 London, UK', 14, '#896644', '$1,649.99', 1, 1, '2025-03-10 15:27:26', '2025-03-10 15:27:26'),
(7, 'user-40-07.jpg', 'James Cameron', 'james.ceo@james.tech', '🇫🇷 Marseille, FR', 34, '#136988', '$3,569.87', 2, 1, '2025-03-10 15:27:26', '2025-03-10 15:27:26'),
(8, 'user-40-08.jpg', 'Haruki Masuno', 'haruki@supermail.jp', '🇯🇵 Tokio, JP', 112, '#442206', '$19,246.07', 6, 0, '2025-03-10 15:27:26', '2025-03-10 15:27:26'),
(9, 'user-40-09.jpg', 'Joe Huang', 'joehuang@hotmail.com', '🇨🇳 Shanghai, CN', 64, '#764321', '$12,276.92', 0, 1, '2025-03-10 15:27:26', '2025-03-10 15:27:26'),
(10, 'user-40-10.jpg', 'Carolyn McNeail', 'carolynlove@gmail.com', '🇮🇹 Milan, IT', 19, '#908764', '$1,289.97', 2, 0, '2025-03-10 15:27:26', '2025-03-10 15:27:26'),
(11, 'user-40-03.jpg', 'Ivan Mesaros', 'imivanmes@gmail.com', '🇫🇷 Paris, FR', 44, '#889924', '$4,996.00', 1, 1, '2025-03-10 15:27:26', '2025-03-10 15:27:26'),
(12, 'user-40-04.jpg', 'Maria Martinez', 'martinezhome@gmail.com', '🇮🇹 Bologna, IT', 29, '#897726', '$3,220.66', 2, 0, '2025-03-10 15:27:26', '2025-03-10 15:27:26');

-- --------------------------------------------------------

--
-- Table structure for table `datafeeds`
--

CREATE TABLE `datafeeds` (
  `id` bigint(20) UNSIGNED NOT NULL,
  `label` varchar(255) DEFAULT NULL,
  `data` float DEFAULT NULL,
  `dataset_name` tinyint(4) DEFAULT NULL,
  `data_type` tinyint(4) NOT NULL DEFAULT 1,
  `created_at` timestamp NULL DEFAULT NULL,
  `updated_at` timestamp NULL DEFAULT NULL
) ENGINE=InnoDB DEFAULT CHARSET=utf8mb4 COLLATE=utf8mb4_unicode_ci;

--
-- Dumping data for table `datafeeds`
--

INSERT INTO `datafeeds` (`id`, `label`, `data`, `dataset_name`, `data_type`, `created_at`, `updated_at`) VALUES
(1, '12-01-2022', 732, 1, 1, '2025-03-10 15:27:19', '2025-03-10 15:27:19'),
(2, '01-01-2023', 610, 1, 1, '2025-03-10 15:27:19', '2025-03-10 15:27:19'),
(3, '02-01-2023', 610, 1, 1, '2025-03-10 15:27:19', '2025-03-10 15:27:19'),
(4, '03-01-2023', 504, 1, 1, '2025-03-10 15:27:19', '2025-03-10 15:27:19'),
(5, '04-01-2023', 504, 1, 1, '2025-03-10 15:27:19', '2025-03-10 15:27:19'),
(6, '05-01-2023', 504, 1, 1, '2025-03-10 15:27:19', '2025-03-10 15:27:19'),
(7, '06-01-2023', 349, 1, 1, '2025-03-10 15:27:19', '2025-03-10 15:27:19'),
(8, '07-01-2023', 349, 1, 1, '2025-03-10 15:27:19', '2025-03-10 15:27:19'),
(9, '08-01-2023', 504, 1, 1, '2025-03-10 15:27:19', '2025-03-10 15:27:19'),
(10, '09-01-2023', 342, 1, 1, '2025-03-10 15:27:19', '2025-03-10 15:27:19'),
(11, '10-01-2023', 504, 1, 1, '2025-03-10 15:27:19', '2025-03-10 15:27:19'),
(12, '11-01-2023', 610, 1, 1, '2025-03-10 15:27:19', '2025-03-10 15:27:19'),
(13, '12-01-2023', 391, 1, 1, '2025-03-10 15:27:19', '2025-03-10 15:27:19'),
(14, '01-01-2024', 192, 1, 1, '2025-03-10 15:27:19', '2025-03-10 15:27:19'),
(15, '02-01-2024', 154, 1, 1, '2025-03-10 15:27:19', '2025-03-10 15:27:19'),
(16, '03-01-2024', 273, 1, 1, '2025-03-10 15:27:19', '2025-03-10 15:27:19'),
(17, '04-01-2024', 191, 1, 1, '2025-03-10 15:27:19', '2025-03-10 15:27:19'),
(18, '05-01-2024', 191, 1, 1, '2025-03-10 15:27:19', '2025-03-10 15:27:19'),
(19, '06-01-2024', 126, 1, 1, '2025-03-10 15:27:19', '2025-03-10 15:27:19'),
(20, '07-01-2024', 263, 1, 1, '2025-03-10 15:27:19', '2025-03-10 15:27:19'),
(21, '08-01-2024', 349, 1, 1, '2025-03-10 15:27:19', '2025-03-10 15:27:19'),
(22, '09-01-2024', 252, 1, 1, '2025-03-10 15:27:19', '2025-03-10 15:27:19'),
(23, '10-01-2024', 423, 1, 1, '2025-03-10 15:27:19', '2025-03-10 15:27:19'),
(24, '11-01-2024', 622, 1, 1, '2025-03-10 15:27:19', '2025-03-10 15:27:19'),
(25, '12-01-2024', 470, 1, 1, '2025-03-10 15:27:19', '2025-03-10 15:27:19'),
(26, '01-01-2025', 532, 1, 1, '2025-03-10 15:27:19', '2025-03-10 15:27:19'),
(27, NULL, 532, 2, 1, '2025-03-10 15:27:19', '2025-03-10 15:27:19'),
(28, NULL, 532, 2, 1, '2025-03-10 15:27:19', '2025-03-10 15:27:19'),
(29, NULL, 532, 2, 1, '2025-03-10 15:27:19', '2025-03-10 15:27:19'),
(30, NULL, 404, 2, 1, '2025-03-10 15:27:19', '2025-03-10 15:27:19'),
(31, NULL, 404, 2, 1, '2025-03-10 15:27:19', '2025-03-10 15:27:19'),
(32, NULL, 314, 2, 1, '2025-03-10 15:27:19', '2025-03-10 15:27:19'),
(33, NULL, 314, 2, 1, '2025-03-10 15:27:19', '2025-03-10 15:27:19'),
(34, NULL, 314, 2, 1, '2025-03-10 15:27:19', '2025-03-10 15:27:19'),
(35, NULL, 314, 2, 1, '2025-03-10 15:27:19', '2025-03-10 15:27:19'),
(36, NULL, 314, 2, 1, '2025-03-10 15:27:19', '2025-03-10 15:27:19'),
(37, NULL, 234, 2, 1, '2025-03-10 15:27:19', '2025-03-10 15:27:19'),
(38, NULL, 314, 2, 1, '2025-03-10 15:27:19', '2025-03-10 15:27:19'),
(39, NULL, 234, 2, 1, '2025-03-10 15:27:19', '2025-03-10 15:27:19'),
(40, NULL, 234, 2, 1, '2025-03-10 15:27:19', '2025-03-10 15:27:19'),
(41, NULL, 314, 2, 1, '2025-03-10 15:27:19', '2025-03-10 15:27:19'),
(42, NULL, 314, 2, 1, '2025-03-10 15:27:19', '2025-03-10 15:27:19'),
(43, NULL, 314, 2, 1, '2025-03-10 15:27:19', '2025-03-10 15:27:19'),
(44, NULL, 388, 2, 1, '2025-03-10 15:27:19', '2025-03-10 15:27:19'),
(45, NULL, 314, 2, 1, '2025-03-10 15:27:19', '2025-03-10 15:27:19'),
(46, NULL, 202, 2, 1, '2025-03-10 15:27:19', '2025-03-10 15:27:19'),
(47, NULL, 202, 2, 1, '2025-03-10 15:27:19', '2025-03-10 15:27:19'),
(48, NULL, 202, 2, 1, '2025-03-10 15:27:19', '2025-03-10 15:27:19'),
(49, NULL, 202, 2, 1, '2025-03-10 15:27:19', '2025-03-10 15:27:19'),
(50, NULL, 314, 2, 1, '2025-03-10 15:27:19', '2025-03-10 15:27:19'),
(51, NULL, 720, 2, 1, '2025-03-10 15:27:19', '2025-03-10 15:27:19'),
(52, NULL, 642, 2, 1, '2025-03-10 15:27:19', '2025-03-10 15:27:19'),
(53, '12-01-2022', 622, 1, 2, '2025-03-10 15:27:19', '2025-03-10 15:27:19'),
(54, '01-01-2023', 622, 1, 2, '2025-03-10 15:27:19', '2025-03-10 15:27:19'),
(55, '02-01-2023', 426, 1, 2, '2025-03-10 15:27:19', '2025-03-10 15:27:19'),
(56, '03-01-2023', 471, 1, 2, '2025-03-10 15:27:19', '2025-03-10 15:27:19'),
(57, '04-01-2023', 365, 1, 2, '2025-03-10 15:27:19', '2025-03-10 15:27:19'),
(58, '05-01-2023', 365, 1, 2, '2025-03-10 15:27:19', '2025-03-10 15:27:19'),
(59, '06-01-2023', 238, 1, 2, '2025-03-10 15:27:19', '2025-03-10 15:27:19'),
(60, '07-01-2023', 324, 1, 2, '2025-03-10 15:27:19', '2025-03-10 15:27:19'),
(61, '08-01-2023', 288, 1, 2, '2025-03-10 15:27:19', '2025-03-10 15:27:19'),
(62, '09-01-2023', 206, 1, 2, '2025-03-10 15:27:19', '2025-03-10 15:27:19'),
(63, '10-01-2023', 324, 1, 2, '2025-03-10 15:27:19', '2025-03-10 15:27:19'),
(64, '11-01-2023', 324, 1, 2, '2025-03-10 15:27:19', '2025-03-10 15:27:19'),
(65, '12-01-2023', 500, 1, 2, '2025-03-10 15:27:19', '2025-03-10 15:27:19'),
(66, '01-01-2024', 409, 1, 2, '2025-03-10 15:27:19', '2025-03-10 15:27:19'),
(67, '02-01-2024', 409, 1, 2, '2025-03-10 15:27:19', '2025-03-10 15:27:19'),
(68, '03-01-2024', 273, 1, 2, '2025-03-10 15:27:19', '2025-03-10 15:27:19'),
(69, '04-01-2024', 232, 1, 2, '2025-03-10 15:27:19', '2025-03-10 15:27:19'),
(70, '05-01-2024', 273, 1, 2, '2025-03-10 15:27:19', '2025-03-10 15:27:19'),
(71, '06-01-2024', 500, 1, 2, '2025-03-10 15:27:19', '2025-03-10 15:27:19'),
(72, '07-01-2024', 570, 1, 2, '2025-03-10 15:27:19', '2025-03-10 15:27:19'),
(73, '08-01-2024', 767, 1, 2, '2025-03-10 15:27:19', '2025-03-10 15:27:19'),
(74, '09-01-2024', 808, 1, 2, '2025-03-10 15:27:19', '2025-03-10 15:27:19'),
(75, '10-01-2024', 685, 1, 2, '2025-03-10 15:27:19', '2025-03-10 15:27:19'),
(76, '11-01-2024', 767, 1, 2, '2025-03-10 15:27:19', '2025-03-10 15:27:19'),
(77, '12-01-2024', 685, 1, 2, '2025-03-10 15:27:19', '2025-03-10 15:27:19'),
(78, '01-01-2025', 685, 1, 2, '2025-03-10 15:27:19', '2025-03-10 15:27:19'),
(79, NULL, 732, 2, 2, '2025-03-10 15:27:19', '2025-03-10 15:27:19'),
(80, NULL, 610, 2, 2, '2025-03-10 15:27:19', '2025-03-10 15:27:19'),
(81, NULL, 610, 2, 2, '2025-03-10 15:27:19', '2025-03-10 15:27:19'),
(82, NULL, 504, 2, 2, '2025-03-10 15:27:19', '2025-03-10 15:27:19'),
(83, NULL, 504, 2, 2, '2025-03-10 15:27:19', '2025-03-10 15:27:19'),
(84, NULL, 504, 2, 2, '2025-03-10 15:27:19', '2025-03-10 15:27:19'),
(85, NULL, 349, 2, 2, '2025-03-10 15:27:19', '2025-03-10 15:27:19'),
(86, NULL, 349, 2, 2, '2025-03-10 15:27:20', '2025-03-10 15:27:20'),
(87, NULL, 504, 2, 2, '2025-03-10 15:27:20', '2025-03-10 15:27:20'),
(88, NULL, 342, 2, 2, '2025-03-10 15:27:20', '2025-03-10 15:27:20'),
(89, NULL, 504, 2, 2, '2025-03-10 15:27:20', '2025-03-10 15:27:20'),
(90, NULL, 610, 2, 2, '2025-03-10 15:27:20', '2025-03-10 15:27:20'),
(91, NULL, 391, 2, 2, '2025-03-10 15:27:20', '2025-03-10 15:27:20'),
(92, NULL, 192, 2, 2, '2025-03-10 15:27:20', '2025-03-10 15:27:20'),
(93, NULL, 154, 2, 2, '2025-03-10 15:27:20', '2025-03-10 15:27:20'),
(94, NULL, 273, 2, 2, '2025-03-10 15:27:20', '2025-03-10 15:27:20'),
(95, NULL, 191, 2, 2, '2025-03-10 15:27:20', '2025-03-10 15:27:20'),
(96, NULL, 191, 2, 2, '2025-03-10 15:27:20', '2025-03-10 15:27:20'),
(97, NULL, 126, 2, 2, '2025-03-10 15:27:20', '2025-03-10 15:27:20'),
(98, NULL, 263, 2, 2, '2025-03-10 15:27:20', '2025-03-10 15:27:20'),
(99, NULL, 349, 2, 2, '2025-03-10 15:27:20', '2025-03-10 15:27:20'),
(100, NULL, 252, 2, 2, '2025-03-10 15:27:20', '2025-03-10 15:27:20'),
(101, NULL, 423, 2, 2, '2025-03-10 15:27:20', '2025-03-10 15:27:20'),
(102, NULL, 622, 2, 2, '2025-03-10 15:27:20', '2025-03-10 15:27:20'),
(103, NULL, 470, 2, 2, '2025-03-10 15:27:20', '2025-03-10 15:27:20'),
(104, NULL, 532, 2, 2, '2025-03-10 15:27:20', '2025-03-10 15:27:20'),
(105, '12-01-2022', 540, 1, 3, '2025-03-10 15:27:20', '2025-03-10 15:27:20'),
(106, '01-01-2023', 466, 1, 3, '2025-03-10 15:27:20', '2025-03-10 15:27:20'),
(107, '02-01-2023', 540, 1, 3, '2025-03-10 15:27:20', '2025-03-10 15:27:20'),
(108, '03-01-2023', 466, 1, 3, '2025-03-10 15:27:20', '2025-03-10 15:27:20'),
(109, '04-01-2023', 385, 1, 3, '2025-03-10 15:27:20', '2025-03-10 15:27:20'),
(110, '05-01-2023', 432, 1, 3, '2025-03-10 15:27:20', '2025-03-10 15:27:20'),
(111, '06-01-2023', 334, 1, 3, '2025-03-10 15:27:20', '2025-03-10 15:27:20'),
(112, '07-01-2023', 334, 1, 3, '2025-03-10 15:27:20', '2025-03-10 15:27:20'),
(113, '08-01-2023', 289, 1, 3, '2025-03-10 15:27:20', '2025-03-10 15:27:20'),
(114, '09-01-2023', 289, 1, 3, '2025-03-10 15:27:20', '2025-03-10 15:27:20'),
(115, '10-01-2023', 200, 1, 3, '2025-03-10 15:27:20', '2025-03-10 15:27:20'),
(116, '11-01-2023', 289, 1, 3, '2025-03-10 15:27:20', '2025-03-10 15:27:20'),
(117, '12-01-2023', 222, 1, 3, '2025-03-10 15:27:20', '2025-03-10 15:27:20'),
(118, '01-01-2024', 289, 1, 3, '2025-03-10 15:27:20', '2025-03-10 15:27:20'),
(119, '02-01-2024', 289, 1, 3, '2025-03-10 15:27:20', '2025-03-10 15:27:20'),
(120, '03-01-2024', 403, 1, 3, '2025-03-10 15:27:20', '2025-03-10 15:27:20'),
(121, '04-01-2024', 554, 1, 3, '2025-03-10 15:27:20', '2025-03-10 15:27:20'),
(122, '05-01-2024', 304, 1, 3, '2025-03-10 15:27:20', '2025-03-10 15:27:20'),
(123, '06-01-2024', 289, 1, 3, '2025-03-10 15:27:20', '2025-03-10 15:27:20'),
(124, '07-01-2024', 270, 1, 3, '2025-03-10 15:27:20', '2025-03-10 15:27:20'),
(125, '08-01-2024', 134, 1, 3, '2025-03-10 15:27:20', '2025-03-10 15:27:20'),
(126, '09-01-2024', 270, 1, 3, '2025-03-10 15:27:20', '2025-03-10 15:27:20'),
(127, '10-01-2024', 829, 1, 3, '2025-03-10 15:27:20', '2025-03-10 15:27:20'),
(128, '11-01-2024', 344, 1, 3, '2025-03-10 15:27:20', '2025-03-10 15:27:20'),
(129, '12-01-2024', 388, 1, 3, '2025-03-10 15:27:20', '2025-03-10 15:27:20'),
(130, '01-01-2025', 364, 1, 3, '2025-03-10 15:27:20', '2025-03-10 15:27:20'),
(131, NULL, 689, 2, 3, '2025-03-10 15:27:20', '2025-03-10 15:27:20'),
(132, NULL, 562, 2, 3, '2025-03-10 15:27:20', '2025-03-10 15:27:20'),
(133, NULL, 477, 2, 3, '2025-03-10 15:27:20', '2025-03-10 15:27:20'),
(134, NULL, 477, 2, 3, '2025-03-10 15:27:20', '2025-03-10 15:27:20'),
(135, NULL, 477, 2, 3, '2025-03-10 15:27:20', '2025-03-10 15:27:20'),
(136, NULL, 477, 2, 3, '2025-03-10 15:27:20', '2025-03-10 15:27:20'),
(137, NULL, 458, 2, 3, '2025-03-10 15:27:20', '2025-03-10 15:27:20'),
(138, NULL, 314, 2, 3, '2025-03-10 15:27:20', '2025-03-10 15:27:20'),
(139, NULL, 430, 2, 3, '2025-03-10 15:27:20', '2025-03-10 15:27:20'),
(140, NULL, 378, 2, 3, '2025-03-10 15:27:20', '2025-03-10 15:27:20'),
(141, NULL, 430, 2, 3, '2025-03-10 15:27:20', '2025-03-10 15:27:20'),
(142, NULL, 498, 2, 3, '2025-03-10 15:27:20', '2025-03-10 15:27:20'),
(143, NULL, 642, 2, 3, '2025-03-10 15:27:20', '2025-03-10 15:27:20'),
(144, NULL, 350, 2, 3, '2025-03-10 15:27:20', '2025-03-10 15:27:20'),
(145, NULL, 145, 2, 3, '2025-03-10 15:27:20', '2025-03-10 15:27:20'),
(146, NULL, 145, 2, 3, '2025-03-10 15:27:20', '2025-03-10 15:27:20'),
(147, NULL, 354, 2, 3, '2025-03-10 15:27:20', '2025-03-10 15:27:20'),
(148, NULL, 260, 2, 3, '2025-03-10 15:27:20', '2025-03-10 15:27:20'),
(149, NULL, 188, 2, 3, '2025-03-10 15:27:20', '2025-03-10 15:27:20'),
(150, NULL, 188, 2, 3, '2025-03-10 15:27:20', '2025-03-10 15:27:20'),
(151, NULL, 300, 2, 3, '2025-03-10 15:27:20', '2025-03-10 15:27:20'),
(152, NULL, 300, 2, 3, '2025-03-10 15:27:20', '2025-03-10 15:27:20'),
(153, NULL, 282, 2, 3, '2025-03-10 15:27:20', '2025-03-10 15:27:20'),
(154, NULL, 364, 2, 3, '2025-03-10 15:27:20', '2025-03-10 15:27:20'),
(155, NULL, 660, 2, 3, '2025-03-10 15:27:20', '2025-03-10 15:27:20'),
(156, NULL, 554, 2, 3, '2025-03-10 15:27:20', '2025-03-10 15:27:20'),
(157, '12-01-2022', 800, 1, 4, '2025-03-10 15:27:20', '2025-03-10 15:27:20'),
(158, '01-01-2023', 1600, 1, 4, '2025-03-10 15:27:20', '2025-03-10 15:27:20'),
(159, '02-01-2023', 900, 1, 4, '2025-03-10 15:27:20', '2025-03-10 15:27:20'),
(160, '03-01-2023', 1300, 1, 4, '2025-03-10 15:27:20', '2025-03-10 15:27:20'),
(161, '04-01-2023', 1950, 1, 4, '2025-03-10 15:27:20', '2025-03-10 15:27:20'),
(162, '05-01-2023', 1700, 1, 4, '2025-03-10 15:27:20', '2025-03-10 15:27:20'),
(163, NULL, 4900, 2, 4, '2025-03-10 15:27:20', '2025-03-10 15:27:20'),
(164, NULL, 2600, 2, 4, '2025-03-10 15:27:20', '2025-03-10 15:27:20'),
(165, NULL, 5350, 2, 4, '2025-03-10 15:27:20', '2025-03-10 15:27:20'),
(166, NULL, 4800, 2, 4, '2025-03-10 15:27:20', '2025-03-10 15:27:20'),
(167, NULL, 5200, 2, 4, '2025-03-10 15:27:20', '2025-03-10 15:27:20'),
(168, NULL, 4800, 2, 4, '2025-03-10 15:27:20', '2025-03-10 15:27:20'),
(169, '2022-05-18 11:30:00', 57.81, 1, 5, '2025-03-10 15:27:20', '2025-03-10 15:27:20'),
(170, '2022-05-18 12:00:00', 57.75, 1, 5, '2025-03-10 15:27:20', '2025-03-10 15:27:20'),
(171, '2022-05-18 12:30:00', 55.48, 1, 5, '2025-03-10 15:27:20', '2025-03-10 15:27:20'),
(172, '2022-05-18 13:00:00', 54.28, 1, 5, '2025-03-10 15:27:20', '2025-03-10 15:27:20'),
(173, '2022-05-18 13:30:00', 53.14, 1, 5, '2025-03-10 15:27:20', '2025-03-10 15:27:20'),
(174, '2022-05-18 14:00:00', 52.25, 1, 5, '2025-03-10 15:27:20', '2025-03-10 15:27:20'),
(175, '2022-05-18 14:30:00', 51.04, 1, 5, '2025-03-10 15:27:20', '2025-03-10 15:27:20'),
(176, '2022-05-18 15:00:00', 52.49, 1, 5, '2025-03-10 15:27:20', '2025-03-10 15:27:20'),
(177, '2022-05-18 15:30:00', 55.49, 1, 5, '2025-03-10 15:27:20', '2025-03-10 15:27:20'),
(178, '2022-05-18 16:00:00', 56.87, 1, 5, '2025-03-10 15:27:20', '2025-03-10 15:27:20'),
(179, '2022-05-18 16:30:00', 53.73, 1, 5, '2025-03-10 15:27:20', '2025-03-10 15:27:20'),
(180, '2022-05-18 17:00:00', 56.42, 1, 5, '2025-03-10 15:27:20', '2025-03-10 15:27:20'),
(181, '2022-05-18 17:30:00', 58.06, 1, 5, '2025-03-10 15:27:20', '2025-03-10 15:27:20'),
(182, '2022-05-18 18:00:00', 55.62, 1, 5, '2025-03-10 15:27:20', '2025-03-10 15:27:20'),
(183, '2022-05-18 18:30:00', 58.16, 1, 5, '2025-03-10 15:27:20', '2025-03-10 15:27:20'),
(184, '2022-05-18 19:00:00', 55.22, 1, 5, '2025-03-10 15:27:20', '2025-03-10 15:27:20'),
(185, '2022-05-18 19:30:00', 58.67, 1, 5, '2025-03-10 15:27:20', '2025-03-10 15:27:20'),
(186, '2022-05-18 20:00:00', 60.18, 1, 5, '2025-03-10 15:27:20', '2025-03-10 15:27:20'),
(187, '2022-05-18 20:30:00', 61.31, 1, 5, '2025-03-10 15:27:20', '2025-03-10 15:27:20'),
(188, '2022-05-18 21:00:00', 63.25, 1, 5, '2025-03-10 15:27:20', '2025-03-10 15:27:20'),
(189, '2022-05-18 21:30:00', 65.91, 1, 5, '2025-03-10 15:27:20', '2025-03-10 15:27:20'),
(190, '2022-05-18 22:00:00', 64.44, 1, 5, '2025-03-10 15:27:20', '2025-03-10 15:27:20'),
(191, '2022-05-18 22:30:00', 65.97, 1, 5, '2025-03-10 15:27:20', '2025-03-10 15:27:20'),
(192, '2022-05-18 23:00:00', 62.27, 1, 5, '2025-03-10 15:27:20', '2025-03-10 15:27:20'),
(193, '2022-05-18 23:30:00', 60.96, 1, 5, '2025-03-10 15:27:20', '2025-03-10 15:27:20'),
(194, '2022-05-19 00:00:00', 59.34, 1, 5, '2025-03-10 15:27:20', '2025-03-10 15:27:20'),
(195, '2022-05-19 00:30:00', 55.07, 1, 5, '2025-03-10 15:27:20', '2025-03-10 15:27:20'),
(196, '2022-05-19 01:00:00', 59.85, 1, 5, '2025-03-10 15:27:20', '2025-03-10 15:27:20'),
(197, '2022-05-19 01:30:00', 53.79, 1, 5, '2025-03-10 15:27:20', '2025-03-10 15:27:20'),
(198, '2022-05-19 02:00:00', 51.92, 1, 5, '2025-03-10 15:27:20', '2025-03-10 15:27:20'),
(199, '2022-05-19 02:30:00', 50.95, 1, 5, '2025-03-10 15:27:20', '2025-03-10 15:27:20'),
(200, '2022-05-19 03:00:00', 49.65, 1, 5, '2025-03-10 15:27:20', '2025-03-10 15:27:20'),
(201, '2022-05-19 03:30:00', 48.09, 1, 5, '2025-03-10 15:27:20', '2025-03-10 15:27:20'),
(202, '2022-05-19 04:00:00', 49.81, 1, 5, '2025-03-10 15:27:20', '2025-03-10 15:27:20'),
(203, '2022-05-19 04:30:00', 47.85, 1, 5, '2025-03-10 15:27:20', '2025-03-10 15:27:20'),
(204, '2022-05-19 05:00:00', 49.52, 1, 5, '2025-03-10 15:27:20', '2025-03-10 15:27:20'),
(205, '2022-05-19 05:30:00', 50.21, 1, 5, '2025-03-10 15:27:20', '2025-03-10 15:27:20'),
(206, '2022-05-19 06:00:00', 52.22, 1, 5, '2025-03-10 15:27:20', '2025-03-10 15:27:20'),
(207, '2022-05-19 06:30:00', 54.42, 1, 5, '2025-03-10 15:27:20', '2025-03-10 15:27:20'),
(208, '2022-05-19 07:00:00', 53.42, 1, 5, '2025-03-10 15:27:20', '2025-03-10 15:27:20'),
(209, '2022-05-19 07:30:00', 50.91, 1, 5, '2025-03-10 15:27:20', '2025-03-10 15:27:20'),
(210, '2022-05-19 08:00:00', 58.52, 1, 5, '2025-03-10 15:27:20', '2025-03-10 15:27:20'),
(211, '2022-05-19 08:30:00', 53.37, 1, 5, '2025-03-10 15:27:20', '2025-03-10 15:27:20'),
(212, '2022-05-19 09:00:00', 57.58, 1, 5, '2025-03-10 15:27:20', '2025-03-10 15:27:20'),
(213, '2022-05-19 09:30:00', 59.09, 1, 5, '2025-03-10 15:27:20', '2025-03-10 15:27:20'),
(214, '2022-05-19 10:00:00', 59.36, 1, 5, '2025-03-10 15:27:20', '2025-03-10 15:27:20'),
(215, '2022-05-19 10:30:00', 58.71, 1, 5, '2025-03-10 15:27:20', '2025-03-10 15:27:20'),
(216, '2022-05-19 11:00:00', 59.42, 1, 5, '2025-03-10 15:27:20', '2025-03-10 15:27:20'),
(217, '2022-05-19 11:30:00', 55.93, 1, 5, '2025-03-10 15:27:20', '2025-03-10 15:27:20'),
(218, '2022-05-19 12:00:00', 57.71, 1, 5, '2025-03-10 15:27:21', '2025-03-10 15:27:21'),
(219, '2022-05-19 12:30:00', 50.62, 1, 5, '2025-03-10 15:27:21', '2025-03-10 15:27:21'),
(220, '2022-05-19 13:00:00', 56.28, 1, 5, '2025-03-10 15:27:21', '2025-03-10 15:27:21'),
(221, '2022-05-19 13:30:00', 57.37, 1, 5, '2025-03-10 15:27:21', '2025-03-10 15:27:21'),
(222, '2022-05-19 14:00:00', 53.08, 1, 5, '2025-03-10 15:27:21', '2025-03-10 15:27:21'),
(223, '2022-05-19 14:30:00', 55.94, 1, 5, '2025-03-10 15:27:21', '2025-03-10 15:27:21'),
(224, '2022-05-19 15:00:00', 55.82, 1, 5, '2025-03-10 15:27:21', '2025-03-10 15:27:21'),
(225, '2022-05-19 15:30:00', 53.94, 1, 5, '2025-03-10 15:27:21', '2025-03-10 15:27:21'),
(226, '2022-05-19 16:00:00', 52.65, 1, 5, '2025-03-10 15:27:21', '2025-03-10 15:27:21'),
(227, '2022-05-19 16:30:00', 50.25, 1, 5, '2025-03-10 15:27:21', '2025-03-10 15:27:21'),
(228, 'United States', 35, NULL, 6, '2025-03-10 15:27:21', '2025-03-10 15:27:21'),
(229, 'Italy', 30, NULL, 6, '2025-03-10 15:27:21', '2025-03-10 15:27:21'),
(230, 'Other', 35, NULL, 6, '2025-03-10 15:27:21', '2025-03-10 15:27:21'),
(231, '12-01-2022', 73, 1, 8, '2025-03-10 15:27:21', '2025-03-10 15:27:21'),
(232, '01-01-2023', 64, 1, 8, '2025-03-10 15:27:21', '2025-03-10 15:27:21'),
(233, '02-01-2023', 73, 1, 8, '2025-03-10 15:27:21', '2025-03-10 15:27:21'),
(234, '03-01-2023', 69, 1, 8, '2025-03-10 15:27:21', '2025-03-10 15:27:21'),
(235, '04-01-2023', 104, 1, 8, '2025-03-10 15:27:21', '2025-03-10 15:27:21'),
(236, '05-01-2023', 104, 1, 8, '2025-03-10 15:27:21', '2025-03-10 15:27:21'),
(237, '06-01-2023', 164, 1, 8, '2025-03-10 15:27:21', '2025-03-10 15:27:21'),
(238, '07-01-2023', 164, 1, 8, '2025-03-10 15:27:21', '2025-03-10 15:27:21'),
(239, '08-01-2023', 120, 1, 8, '2025-03-10 15:27:21', '2025-03-10 15:27:21'),
(240, '09-01-2023', 120, 1, 8, '2025-03-10 15:27:21', '2025-03-10 15:27:21'),
(241, '10-01-2023', 120, 1, 8, '2025-03-10 15:27:21', '2025-03-10 15:27:21'),
(242, '11-01-2023', 148, 1, 8, '2025-03-10 15:27:21', '2025-03-10 15:27:21'),
(243, '12-01-2023', 142, 1, 8, '2025-03-10 15:27:21', '2025-03-10 15:27:21'),
(244, '01-01-2024', 104, 1, 8, '2025-03-10 15:27:21', '2025-03-10 15:27:21'),
(245, '02-01-2024', 122, 1, 8, '2025-03-10 15:27:21', '2025-03-10 15:27:21'),
(246, '03-01-2024', 110, 1, 8, '2025-03-10 15:27:21', '2025-03-10 15:27:21'),
(247, '04-01-2024', 104, 1, 8, '2025-03-10 15:27:21', '2025-03-10 15:27:21'),
(248, '05-01-2024', 152, 1, 8, '2025-03-10 15:27:21', '2025-03-10 15:27:21'),
(249, '06-01-2024', 166, 1, 8, '2025-03-10 15:27:21', '2025-03-10 15:27:21'),
(250, '07-01-2024', 233, 1, 8, '2025-03-10 15:27:21', '2025-03-10 15:27:21'),
(251, '08-01-2024', 268, 1, 8, '2025-03-10 15:27:21', '2025-03-10 15:27:21'),
(252, '09-01-2024', 252, 1, 8, '2025-03-10 15:27:21', '2025-03-10 15:27:21'),
(253, '10-01-2024', 284, 1, 8, '2025-03-10 15:27:21', '2025-03-10 15:27:21'),
(254, '11-01-2024', 284, 1, 8, '2025-03-10 15:27:21', '2025-03-10 15:27:21'),
(255, '12-01-2024', 333, 1, 8, '2025-03-10 15:27:21', '2025-03-10 15:27:21'),
(256, '01-01-2025', 323, 1, 8, '2025-03-10 15:27:21', '2025-03-10 15:27:21'),
(257, NULL, 184, 2, 8, '2025-03-10 15:27:21', '2025-03-10 15:27:21'),
(258, NULL, 86, 2, 8, '2025-03-10 15:27:21', '2025-03-10 15:27:21'),
(259, NULL, 42, 2, 8, '2025-03-10 15:27:21', '2025-03-10 15:27:21'),
(260, NULL, 378, 2, 8, '2025-03-10 15:27:21', '2025-03-10 15:27:21'),
(261, NULL, 42, 2, 8, '2025-03-10 15:27:21', '2025-03-10 15:27:21'),
(262, NULL, 243, 2, 8, '2025-03-10 15:27:21', '2025-03-10 15:27:21'),
(263, NULL, 38, 2, 8, '2025-03-10 15:27:21', '2025-03-10 15:27:21'),
(264, NULL, 120, 2, 8, '2025-03-10 15:27:21', '2025-03-10 15:27:21'),
(265, NULL, 0, 2, 8, '2025-03-10 15:27:21', '2025-03-10 15:27:21'),
(266, NULL, 0, 2, 8, '2025-03-10 15:27:21', '2025-03-10 15:27:21'),
(267, NULL, 42, 2, 8, '2025-03-10 15:27:21', '2025-03-10 15:27:21'),
(268, NULL, 0, 2, 8, '2025-03-10 15:27:21', '2025-03-10 15:27:21'),
(269, NULL, 84, 2, 8, '2025-03-10 15:27:21', '2025-03-10 15:27:21'),
(270, NULL, 0, 2, 8, '2025-03-10 15:27:21', '2025-03-10 15:27:21'),
(271, NULL, 276, 2, 8, '2025-03-10 15:27:21', '2025-03-10 15:27:21'),
(272, NULL, 0, 2, 8, '2025-03-10 15:27:21', '2025-03-10 15:27:21'),
(273, NULL, 124, 2, 8, '2025-03-10 15:27:21', '2025-03-10 15:27:21'),
(274, NULL, 42, 2, 8, '2025-03-10 15:27:21', '2025-03-10 15:27:21'),
(275, NULL, 124, 2, 8, '2025-03-10 15:27:21', '2025-03-10 15:27:21'),
(276, NULL, 88, 2, 8, '2025-03-10 15:27:21', '2025-03-10 15:27:21'),
(277, NULL, 88, 2, 8, '2025-03-10 15:27:21', '2025-03-10 15:27:21'),
(278, NULL, 215, 2, 8, '2025-03-10 15:27:21', '2025-03-10 15:27:21'),
(279, NULL, 156, 2, 8, '2025-03-10 15:27:21', '2025-03-10 15:27:21'),
(280, NULL, 88, 2, 8, '2025-03-10 15:27:21', '2025-03-10 15:27:21'),
(281, NULL, 124, 2, 8, '2025-03-10 15:27:21', '2025-03-10 15:27:21'),
(282, NULL, 64, 2, 8, '2025-03-10 15:27:21', '2025-03-10 15:27:21'),
(283, NULL, 122, 3, 8, '2025-03-10 15:27:21', '2025-03-10 15:27:21'),
(284, NULL, 170, 3, 8, '2025-03-10 15:27:21', '2025-03-10 15:27:21'),
(285, NULL, 192, 3, 8, '2025-03-10 15:27:21', '2025-03-10 15:27:21'),
(286, NULL, 86, 3, 8, '2025-03-10 15:27:21', '2025-03-10 15:27:21'),
(287, NULL, 102, 3, 8, '2025-03-10 15:27:21', '2025-03-10 15:27:21'),
(288, NULL, 124, 3, 8, '2025-03-10 15:27:21', '2025-03-10 15:27:21'),
(289, NULL, 115, 3, 8, '2025-03-10 15:27:21', '2025-03-10 15:27:21'),
(290, NULL, 115, 3, 8, '2025-03-10 15:27:21', '2025-03-10 15:27:21'),
(291, NULL, 56, 3, 8, '2025-03-10 15:27:21', '2025-03-10 15:27:21'),
(292, NULL, 104, 3, 8, '2025-03-10 15:27:21', '2025-03-10 15:27:21'),
(293, NULL, 0, 3, 8, '2025-03-10 15:27:21', '2025-03-10 15:27:21'),
(294, NULL, 72, 3, 8, '2025-03-10 15:27:21', '2025-03-10 15:27:21'),
(295, NULL, 208, 3, 8, '2025-03-10 15:27:21', '2025-03-10 15:27:21'),
(296, NULL, 186, 3, 8, '2025-03-10 15:27:21', '2025-03-10 15:27:21'),
(297, NULL, 223, 3, 8, '2025-03-10 15:27:21', '2025-03-10 15:27:21'),
(298, NULL, 188, 3, 8, '2025-03-10 15:27:21', '2025-03-10 15:27:21'),
(299, NULL, 114, 3, 8, '2025-03-10 15:27:21', '2025-03-10 15:27:21'),
(300, NULL, 162, 3, 8, '2025-03-10 15:27:21', '2025-03-10 15:27:21'),
(301, NULL, 200, 3, 8, '2025-03-10 15:27:21', '2025-03-10 15:27:21'),
(302, NULL, 150, 3, 8, '2025-03-10 15:27:21', '2025-03-10 15:27:21'),
(303, NULL, 118, 3, 8, '2025-03-10 15:27:21', '2025-03-10 15:27:21'),
(304, NULL, 118, 3, 8, '2025-03-10 15:27:21', '2025-03-10 15:27:21'),
(305, NULL, 76, 3, 8, '2025-03-10 15:27:21', '2025-03-10 15:27:21'),
(306, NULL, 122, 3, 8, '2025-03-10 15:27:21', '2025-03-10 15:27:21'),
(307, NULL, 230, 3, 8, '2025-03-10 15:27:21', '2025-03-10 15:27:21'),
(308, NULL, 268, 3, 8, '2025-03-10 15:27:21', '2025-03-10 15:27:21'),
(309, '12-01-2022', 6200, 1, 9, '2025-03-10 15:27:21', '2025-03-10 15:27:21'),
(310, '01-01-2023', 9200, 1, 9, '2025-03-10 15:27:21', '2025-03-10 15:27:21'),
(311, '02-01-2023', 6600, 1, 9, '2025-03-10 15:27:21', '2025-03-10 15:27:21'),
(312, '03-01-2023', 8800, 1, 9, '2025-03-10 15:27:21', '2025-03-10 15:27:21'),
(313, '04-01-2023', 5200, 1, 9, '2025-03-10 15:27:21', '2025-03-10 15:27:21'),
(314, '05-01-2023', 9200, 1, 9, '2025-03-10 15:27:21', '2025-03-10 15:27:21'),
(315, NULL, -4000, 2, 9, '2025-03-10 15:27:21', '2025-03-10 15:27:21'),
(316, NULL, -2600, 2, 9, '2025-03-10 15:27:21', '2025-03-10 15:27:21'),
(317, NULL, -5350, 2, 9, '2025-03-10 15:27:21', '2025-03-10 15:27:21'),
(318, NULL, -4000, 2, 9, '2025-03-10 15:27:21', '2025-03-10 15:27:21'),
(319, NULL, -7500, 2, 9, '2025-03-10 15:27:21', '2025-03-10 15:27:21'),
(320, NULL, -2000, 2, 9, '2025-03-10 15:27:21', '2025-03-10 15:27:21'),
(321, '12-01-2022', 5000, 1, 10, '2025-03-10 15:27:21', '2025-03-10 15:27:21'),
(322, '01-01-2023', 8700, 1, 10, '2025-03-10 15:27:21', '2025-03-10 15:27:21'),
(323, '02-01-2023', 7500, 1, 10, '2025-03-10 15:27:21', '2025-03-10 15:27:21'),
(324, '03-01-2023', 12000, 1, 10, '2025-03-10 15:27:21', '2025-03-10 15:27:21'),
(325, '04-01-2023', 11000, 1, 10, '2025-03-10 15:27:21', '2025-03-10 15:27:21'),
(326, '05-01-2023', 9500, 1, 10, '2025-03-10 15:27:21', '2025-03-10 15:27:21'),
(327, '06-01-2023', 10500, 1, 10, '2025-03-10 15:27:21', '2025-03-10 15:27:21'),
(328, '07-01-2023', 10000, 1, 10, '2025-03-10 15:27:21', '2025-03-10 15:27:21'),
(329, '08-01-2023', 15000, 1, 10, '2025-03-10 15:27:21', '2025-03-10 15:27:21'),
(330, '09-01-2023', 9000, 1, 10, '2025-03-10 15:27:22', '2025-03-10 15:27:22'),
(331, '10-01-2023', 10000, 1, 10, '2025-03-10 15:27:22', '2025-03-10 15:27:22'),
(332, '11-01-2023', 7000, 1, 10, '2025-03-10 15:27:22', '2025-03-10 15:27:22'),
(333, '12-01-2023', 22000, 1, 10, '2025-03-10 15:27:22', '2025-03-10 15:27:22'),
(334, '01-01-2024', 7200, 1, 10, '2025-03-10 15:27:22', '2025-03-10 15:27:22'),
(335, '02-01-2024', 9800, 1, 10, '2025-03-10 15:27:22', '2025-03-10 15:27:22'),
(336, '03-01-2024', 9000, 1, 10, '2025-03-10 15:27:22', '2025-03-10 15:27:22'),
(337, '04-01-2024', 10000, 1, 10, '2025-03-10 15:27:22', '2025-03-10 15:27:22'),
(338, '05-01-2024', 8000, 1, 10, '2025-03-10 15:27:22', '2025-03-10 15:27:22'),
(339, '06-01-2024', 15000, 1, 10, '2025-03-10 15:27:22', '2025-03-10 15:27:22'),
(340, '07-01-2024', 12000, 1, 10, '2025-03-10 15:27:22', '2025-03-10 15:27:22'),
(341, '08-01-2024', 11000, 1, 10, '2025-03-10 15:27:22', '2025-03-10 15:27:22'),
(342, '09-01-2024', 13000, 1, 10, '2025-03-10 15:27:22', '2025-03-10 15:27:22'),
(343, '10-01-2024', 11000, 1, 10, '2025-03-10 15:27:22', '2025-03-10 15:27:22'),
(344, '11-01-2024', 15000, 1, 10, '2025-03-10 15:27:22', '2025-03-10 15:27:22'),
(345, '12-01-2024', 17000, 1, 10, '2025-03-10 15:27:22', '2025-03-10 15:27:22'),
(346, '01-01-2025', 18000, 1, 10, '2025-03-10 15:27:22', '2025-03-10 15:27:22'),
(347, NULL, 8000, 2, 10, '2025-03-10 15:27:22', '2025-03-10 15:27:22'),
(348, NULL, 5000, 2, 10, '2025-03-10 15:27:22', '2025-03-10 15:27:22'),
(349, NULL, 6500, 2, 10, '2025-03-10 15:27:22', '2025-03-10 15:27:22'),
(350, NULL, 5000, 2, 10, '2025-03-10 15:27:22', '2025-03-10 15:27:22'),
(351, NULL, 6500, 2, 10, '2025-03-10 15:27:22', '2025-03-10 15:27:22'),
(352, NULL, 12000, 2, 10, '2025-03-10 15:27:22', '2025-03-10 15:27:22'),
(353, NULL, 8000, 2, 10, '2025-03-10 15:27:22', '2025-03-10 15:27:22'),
(354, NULL, 9000, 2, 10, '2025-03-10 15:27:22', '2025-03-10 15:27:22'),
(355, NULL, 8000, 2, 10, '2025-03-10 15:27:22', '2025-03-10 15:27:22'),
(356, NULL, 8000, 2, 10, '2025-03-10 15:27:22', '2025-03-10 15:27:22'),
(357, NULL, 12500, 2, 10, '2025-03-10 15:27:22', '2025-03-10 15:27:22'),
(358, NULL, 10000, 2, 10, '2025-03-10 15:27:22', '2025-03-10 15:27:22'),
(359, NULL, 10000, 2, 10, '2025-03-10 15:27:22', '2025-03-10 15:27:22'),
(360, NULL, 12000, 2, 10, '2025-03-10 15:27:22', '2025-03-10 15:27:22'),
(361, NULL, 11000, 2, 10, '2025-03-10 15:27:22', '2025-03-10 15:27:22'),
(362, NULL, 16000, 2, 10, '2025-03-10 15:27:22', '2025-03-10 15:27:22'),
(363, NULL, 12000, 2, 10, '2025-03-10 15:27:22', '2025-03-10 15:27:22'),
(364, NULL, 10000, 2, 10, '2025-03-10 15:27:22', '2025-03-10 15:27:22'),
(365, NULL, 10000, 2, 10, '2025-03-10 15:27:22', '2025-03-10 15:27:22'),
(366, NULL, 14000, 2, 10, '2025-03-10 15:27:22', '2025-03-10 15:27:22'),
(367, NULL, 9000, 2, 10, '2025-03-10 15:27:22', '2025-03-10 15:27:22'),
(368, NULL, 10000, 2, 10, '2025-03-10 15:27:22', '2025-03-10 15:27:22'),
(369, NULL, 15000, 2, 10, '2025-03-10 15:27:22', '2025-03-10 15:27:22'),
(370, NULL, 12500, 2, 10, '2025-03-10 15:27:22', '2025-03-10 15:27:22'),
(371, NULL, 14000, 2, 10, '2025-03-10 15:27:22', '2025-03-10 15:27:22'),
(372, NULL, 11000, 2, 10, '2025-03-10 15:27:22', '2025-03-10 15:27:22'),
(373, '12-01-2022', 732, NULL, 11, '2025-03-10 15:27:22', '2025-03-10 15:27:22'),
(374, '01-01-2023', 610, NULL, 11, '2025-03-10 15:27:22', '2025-03-10 15:27:22'),
(375, '02-01-2023', 610, NULL, 11, '2025-03-10 15:27:22', '2025-03-10 15:27:22'),
(376, '03-01-2023', 504, NULL, 11, '2025-03-10 15:27:22', '2025-03-10 15:27:22'),
(377, '04-01-2023', 504, NULL, 11, '2025-03-10 15:27:22', '2025-03-10 15:27:22'),
(378, '05-01-2023', 504, NULL, 11, '2025-03-10 15:27:22', '2025-03-10 15:27:22'),
(379, '06-01-2023', 349, NULL, 11, '2025-03-10 15:27:22', '2025-03-10 15:27:22'),
(380, '07-01-2023', 349, NULL, 11, '2025-03-10 15:27:22', '2025-03-10 15:27:22'),
(381, '08-01-2023', 504, NULL, 11, '2025-03-10 15:27:22', '2025-03-10 15:27:22'),
(382, '09-01-2023', 342, NULL, 11, '2025-03-10 15:27:22', '2025-03-10 15:27:22'),
(383, '10-01-2023', 504, NULL, 11, '2025-03-10 15:27:22', '2025-03-10 15:27:22'),
(384, '11-01-2023', 610, NULL, 11, '2025-03-10 15:27:22', '2025-03-10 15:27:22'),
(385, '12-01-2023', 391, NULL, 11, '2025-03-10 15:27:22', '2025-03-10 15:27:22'),
(386, '01-01-2024', 192, NULL, 11, '2025-03-10 15:27:22', '2025-03-10 15:27:22'),
(387, '02-01-2024', 154, NULL, 11, '2025-03-10 15:27:22', '2025-03-10 15:27:22'),
(388, '03-01-2024', 273, NULL, 11, '2025-03-10 15:27:22', '2025-03-10 15:27:22'),
(389, '04-01-2024', 191, NULL, 11, '2025-03-10 15:27:22', '2025-03-10 15:27:22'),
(390, '05-01-2024', 191, NULL, 11, '2025-03-10 15:27:22', '2025-03-10 15:27:22'),
(391, '06-01-2024', 126, NULL, 11, '2025-03-10 15:27:22', '2025-03-10 15:27:22'),
(392, '07-01-2024', 263, NULL, 11, '2025-03-10 15:27:22', '2025-03-10 15:27:22'),
(393, '08-01-2024', 349, NULL, 11, '2025-03-10 15:27:22', '2025-03-10 15:27:22'),
(394, '09-01-2024', 252, NULL, 11, '2025-03-10 15:27:22', '2025-03-10 15:27:22'),
(395, '10-01-2024', 423, NULL, 11, '2025-03-10 15:27:22', '2025-03-10 15:27:22'),
(396, '11-01-2024', 622, NULL, 11, '2025-03-10 15:27:22', '2025-03-10 15:27:22'),
(397, '12-01-2024', 470, NULL, 11, '2025-03-10 15:27:22', '2025-03-10 15:27:22'),
(398, '01-01-2025', 532, NULL, 11, '2025-03-10 15:27:22', '2025-03-10 15:27:22'),
(399, '12-01-2022', 5000, 1, 12, '2025-03-10 15:27:22', '2025-03-10 15:27:22'),
(400, '01-01-2023', 4000, 1, 12, '2025-03-10 15:27:22', '2025-03-10 15:27:22'),
(401, '02-01-2023', 4000, 1, 12, '2025-03-10 15:27:22', '2025-03-10 15:27:22'),
(402, '03-01-2023', 3800, 1, 12, '2025-03-10 15:27:22', '2025-03-10 15:27:22'),
(403, '04-01-2023', 5200, 1, 12, '2025-03-10 15:27:22', '2025-03-10 15:27:22'),
(404, '05-01-2023', 5100, 1, 12, '2025-03-10 15:27:22', '2025-03-10 15:27:22'),
(405, NULL, 2500, 2, 12, '2025-03-10 15:27:22', '2025-03-10 15:27:22'),
(406, NULL, 2600, 2, 12, '2025-03-10 15:27:22', '2025-03-10 15:27:22'),
(407, NULL, 4000, 2, 12, '2025-03-10 15:27:22', '2025-03-10 15:27:22'),
(408, NULL, 4000, 2, 12, '2025-03-10 15:27:22', '2025-03-10 15:27:22'),
(409, NULL, 4800, 2, 12, '2025-03-10 15:27:22', '2025-03-10 15:27:22'),
(410, NULL, 3500, 2, 12, '2025-03-10 15:27:22', '2025-03-10 15:27:22'),
(411, NULL, 2300, 3, 12, '2025-03-10 15:27:22', '2025-03-10 15:27:22'),
(412, NULL, 2000, 3, 12, '2025-03-10 15:27:22', '2025-03-10 15:27:22'),
(413, NULL, 3100, 3, 12, '2025-03-10 15:27:22', '2025-03-10 15:27:22'),
(414, NULL, 2700, 3, 12, '2025-03-10 15:27:22', '2025-03-10 15:27:22'),
(415, NULL, 1300, 3, 12, '2025-03-10 15:27:22', '2025-03-10 15:27:22'),
(416, NULL, 2600, 3, 12, '2025-03-10 15:27:22', '2025-03-10 15:27:22'),
(417, NULL, 4800, 4, 12, '2025-03-10 15:27:22', '2025-03-10 15:27:22'),
(418, NULL, 4200, 4, 12, '2025-03-10 15:27:22', '2025-03-10 15:27:22'),
(419, NULL, 4800, 4, 12, '2025-03-10 15:27:22', '2025-03-10 15:27:22'),
(420, NULL, 1800, 4, 12, '2025-03-10 15:27:22', '2025-03-10 15:27:22'),
(421, NULL, 3300, 4, 12, '2025-03-10 15:27:22', '2025-03-10 15:27:22'),
(422, NULL, 3500, 4, 12, '2025-03-10 15:27:22', '2025-03-10 15:27:22'),
(423, '02-01-2023', 8000, 1, 13, '2025-03-10 15:27:22', '2025-03-10 15:27:22'),
(424, '03-01-2023', 3800, 1, 13, '2025-03-10 15:27:22', '2025-03-10 15:27:22'),
(425, '04-01-2023', 5350, 1, 13, '2025-03-10 15:27:22', '2025-03-10 15:27:22'),
(426, '05-01-2023', 7800, 1, 13, '2025-03-10 15:27:22', '2025-03-10 15:27:22'),
(427, NULL, 4000, 2, 13, '2025-03-10 15:27:22', '2025-03-10 15:27:22'),
(428, NULL, 6500, 2, 13, '2025-03-10 15:27:22', '2025-03-10 15:27:22'),
(429, NULL, 2200, 2, 13, '2025-03-10 15:27:22', '2025-03-10 15:27:22'),
(430, NULL, 5800, 2, 13, '2025-03-10 15:27:22', '2025-03-10 15:27:22'),
(431, 'Desktop', 12, NULL, 14, '2025-03-10 15:27:22', '2025-03-10 15:27:22'),
(432, 'Mobile', 50, NULL, 14, '2025-03-10 15:27:22', '2025-03-10 15:27:22'),
(433, 'Tablet', 38, NULL, 14, '2025-03-10 15:27:22', '2025-03-10 15:27:22'),
(434, '<18', 30, NULL, 15, '2025-03-10 15:27:22', '2025-03-10 15:27:22'),
(435, '18-24', 50, NULL, 15, '2025-03-10 15:27:22', '2025-03-10 15:27:22'),
(436, '24-36', 5, NULL, 15, '2025-03-10 15:27:22', '2025-03-10 15:27:22'),
(437, '>35', 15, NULL, 15, '2025-03-10 15:27:22', '2025-03-10 15:27:22'),
(438, 'Males', 500, NULL, 16, '2025-03-10 15:27:22', '2025-03-10 15:27:22'),
(439, 'Females', 326, NULL, 16, '2025-03-10 15:27:22', '2025-03-10 15:27:22'),
(440, 'Unknown', 242, NULL, 16, '2025-03-10 15:27:22', '2025-03-10 15:27:22'),
(441, '12-01-2022', 0, 1, 17, '2025-03-10 15:27:22', '2025-03-10 15:27:22'),
(442, '01-01-2023', 2.5, 1, 17, '2025-03-10 15:27:22', '2025-03-10 15:27:22'),
(443, '02-01-2023', 2.5, 1, 17, '2025-03-10 15:27:22', '2025-03-10 15:27:22'),
(444, '03-01-2023', 4, 1, 17, '2025-03-10 15:27:22', '2025-03-10 15:27:22'),
(445, '04-01-2023', 2.5, 1, 17, '2025-03-10 15:27:22', '2025-03-10 15:27:22'),
(446, '05-01-2023', 3.8, 1, 17, '2025-03-10 15:27:22', '2025-03-10 15:27:22'),
(447, '06-01-2023', 5, 1, 17, '2025-03-10 15:27:22', '2025-03-10 15:27:22'),
(448, '07-01-2023', 9, 1, 17, '2025-03-10 15:27:22', '2025-03-10 15:27:22'),
(449, '08-01-2023', 7.5, 1, 17, '2025-03-10 15:27:22', '2025-03-10 15:27:22'),
(450, '09-01-2023', 11, 1, 17, '2025-03-10 15:27:22', '2025-03-10 15:27:22'),
(451, '10-01-2023', 14, 1, 17, '2025-03-10 15:27:22', '2025-03-10 15:27:22'),
(452, '11-01-2023', 15, 1, 17, '2025-03-10 15:27:22', '2025-03-10 15:27:22'),
(453, '12-01-2023', 17, 1, 17, '2025-03-10 15:27:22', '2025-03-10 15:27:22'),
(454, '01-01-2024', 15, 1, 17, '2025-03-10 15:27:22', '2025-03-10 15:27:22'),
(455, '02-01-2024', 14, 1, 17, '2025-03-10 15:27:23', '2025-03-10 15:27:23'),
(456, '03-01-2024', 9, 1, 17, '2025-03-10 15:27:23', '2025-03-10 15:27:23'),
(457, '04-01-2024', 15, 1, 17, '2025-03-10 15:27:23', '2025-03-10 15:27:23'),
(458, '05-01-2024', 26, 1, 17, '2025-03-10 15:27:23', '2025-03-10 15:27:23'),
(459, '06-01-2024', 16, 1, 17, '2025-03-10 15:27:23', '2025-03-10 15:27:23'),
(460, '07-01-2024', 18, 1, 17, '2025-03-10 15:27:23', '2025-03-10 15:27:23'),
(461, '08-01-2024', 15, 1, 17, '2025-03-10 15:27:23', '2025-03-10 15:27:23'),
(462, '09-01-2024', 20, 1, 17, '2025-03-10 15:27:23', '2025-03-10 15:27:23'),
(463, '10-01-2024', 18, 1, 17, '2025-03-10 15:27:23', '2025-03-10 15:27:23'),
(464, '11-01-2024', 19, 1, 17, '2025-03-10 15:27:23', '2025-03-10 15:27:23'),
(465, '12-01-2024', 19, 1, 17, '2025-03-10 15:27:23', '2025-03-10 15:27:23'),
(466, '01-01-2025', 24, 1, 17, '2025-03-10 15:27:23', '2025-03-10 15:27:23'),
(467, '02-01-2025', 29, 1, 17, '2025-03-10 15:27:23', '2025-03-10 15:27:23'),
(468, '03-01-2025', 26, 1, 17, '2025-03-10 15:27:23', '2025-03-10 15:27:23'),
(469, '04-01-2025', 39, 1, 17, '2025-03-10 15:27:23', '2025-03-10 15:27:23'),
(470, '05-01-2025', 27, 1, 17, '2025-03-10 15:27:23', '2025-03-10 15:27:23'),
(471, '06-01-2025', 35, 1, 17, '2025-03-10 15:27:23', '2025-03-10 15:27:23'),
(472, '07-01-2025', 32, 1, 17, '2025-03-10 15:27:23', '2025-03-10 15:27:23'),
(473, '08-01-2025', 29, 1, 17, '2025-03-10 15:27:23', '2025-03-10 15:27:23'),
(474, '09-01-2025', 35, 1, 17, '2025-03-10 15:27:23', '2025-03-10 15:27:23'),
(475, '10-01-2025', 36, 1, 17, '2025-03-10 15:27:23', '2025-03-10 15:27:23'),
(476, '11-01-2025', 34, 1, 17, '2025-03-10 15:27:23', '2025-03-10 15:27:23'),
(477, '12-01-2025', 39, 1, 17, '2025-03-10 15:27:23', '2025-03-10 15:27:23'),
(478, '01-01-2026', 36, 1, 17, '2025-03-10 15:27:23', '2025-03-10 15:27:23'),
(479, '02-01-2026', 41, 1, 17, '2025-03-10 15:27:23', '2025-03-10 15:27:23'),
(480, '03-01-2026', 41, 1, 17, '2025-03-10 15:27:23', '2025-03-10 15:27:23'),
(481, '04-01-2026', 48, 1, 17, '2025-03-10 15:27:23', '2025-03-10 15:27:23'),
(482, NULL, 0, 2, 17, '2025-03-10 15:27:23', '2025-03-10 15:27:23'),
(483, NULL, 1, 2, 17, '2025-03-10 15:27:23', '2025-03-10 15:27:23'),
(484, NULL, 2, 2, 17, '2025-03-10 15:27:23', '2025-03-10 15:27:23'),
(485, NULL, 3, 2, 17, '2025-03-10 15:27:23', '2025-03-10 15:27:23'),
(486, NULL, 4, 2, 17, '2025-03-10 15:27:23', '2025-03-10 15:27:23'),
(487, NULL, 5, 2, 17, '2025-03-10 15:27:23', '2025-03-10 15:27:23'),
(488, NULL, 6, 2, 17, '2025-03-10 15:27:23', '2025-03-10 15:27:23'),
(489, NULL, 7, 2, 17, '2025-03-10 15:27:23', '2025-03-10 15:27:23'),
(490, NULL, 8, 2, 17, '2025-03-10 15:27:23', '2025-03-10 15:27:23'),
(491, NULL, 9, 2, 17, '2025-03-10 15:27:23', '2025-03-10 15:27:23'),
(492, NULL, 10, 2, 17, '2025-03-10 15:27:23', '2025-03-10 15:27:23'),
(493, NULL, 11, 2, 17, '2025-03-10 15:27:23', '2025-03-10 15:27:23'),
(494, NULL, 12, 2, 17, '2025-03-10 15:27:23', '2025-03-10 15:27:23'),
(495, NULL, 13, 2, 17, '2025-03-10 15:27:23', '2025-03-10 15:27:23'),
(496, NULL, 14, 2, 17, '2025-03-10 15:27:23', '2025-03-10 15:27:23'),
(497, NULL, 15, 2, 17, '2025-03-10 15:27:23', '2025-03-10 15:27:23'),
(498, NULL, 16, 2, 17, '2025-03-10 15:27:23', '2025-03-10 15:27:23'),
(499, NULL, 17, 2, 17, '2025-03-10 15:27:23', '2025-03-10 15:27:23'),
(500, NULL, 18, 2, 17, '2025-03-10 15:27:23', '2025-03-10 15:27:23'),
(501, NULL, 19, 2, 17, '2025-03-10 15:27:23', '2025-03-10 15:27:23'),
(502, NULL, 20, 2, 17, '2025-03-10 15:27:23', '2025-03-10 15:27:23'),
(503, NULL, 21, 2, 17, '2025-03-10 15:27:23', '2025-03-10 15:27:23'),
(504, NULL, 22, 2, 17, '2025-03-10 15:27:23', '2025-03-10 15:27:23'),
(505, NULL, 23, 2, 17, '2025-03-10 15:27:23', '2025-03-10 15:27:23'),
(506, NULL, 24, 2, 17, '2025-03-10 15:27:23', '2025-03-10 15:27:23'),
(507, NULL, 25, 2, 17, '2025-03-10 15:27:23', '2025-03-10 15:27:23'),
(508, NULL, 26, 2, 17, '2025-03-10 15:27:23', '2025-03-10 15:27:23'),
(509, NULL, 27, 2, 17, '2025-03-10 15:27:23', '2025-03-10 15:27:23'),
(510, NULL, 28, 2, 17, '2025-03-10 15:27:23', '2025-03-10 15:27:23'),
(511, NULL, 29, 2, 17, '2025-03-10 15:27:23', '2025-03-10 15:27:23'),
(512, NULL, 30, 2, 17, '2025-03-10 15:27:23', '2025-03-10 15:27:23'),
(513, NULL, 31, 2, 17, '2025-03-10 15:27:23', '2025-03-10 15:27:23'),
(514, NULL, 32, 2, 17, '2025-03-10 15:27:23', '2025-03-10 15:27:23'),
(515, NULL, 33, 2, 17, '2025-03-10 15:27:23', '2025-03-10 15:27:23'),
(516, NULL, 34, 2, 17, '2025-03-10 15:27:23', '2025-03-10 15:27:23'),
(517, NULL, 35, 2, 17, '2025-03-10 15:27:23', '2025-03-10 15:27:23'),
(518, NULL, 36, 2, 17, '2025-03-10 15:27:23', '2025-03-10 15:27:23'),
(519, NULL, 37, 2, 17, '2025-03-10 15:27:23', '2025-03-10 15:27:23'),
(520, NULL, 38, 2, 17, '2025-03-10 15:27:23', '2025-03-10 15:27:23'),
(521, NULL, 39, 2, 17, '2025-03-10 15:27:23', '2025-03-10 15:27:23'),
(522, NULL, 40, 2, 17, '2025-03-10 15:27:23', '2025-03-10 15:27:23'),
(523, NULL, 0.7, 3, 17, '2025-03-10 15:27:23', '2025-03-10 15:27:23'),
(524, NULL, 3.5, 3, 17, '2025-03-10 15:27:23', '2025-03-10 15:27:23'),
(525, NULL, 4.5, 3, 17, '2025-03-10 15:27:23', '2025-03-10 15:27:23'),
(526, NULL, 3.5, 3, 17, '2025-03-10 15:27:23', '2025-03-10 15:27:23'),
(527, NULL, 4.2, 3, 17, '2025-03-10 15:27:23', '2025-03-10 15:27:23'),
(528, NULL, 4.6, 3, 17, '2025-03-10 15:27:23', '2025-03-10 15:27:23'),
(529, NULL, 6, 3, 17, '2025-03-10 15:27:23', '2025-03-10 15:27:23'),
(530, NULL, 7, 3, 17, '2025-03-10 15:27:23', '2025-03-10 15:27:23'),
(531, NULL, 6, 3, 17, '2025-03-10 15:27:23', '2025-03-10 15:27:23'),
(532, NULL, 6, 3, 17, '2025-03-10 15:27:23', '2025-03-10 15:27:23'),
(533, NULL, 11, 3, 17, '2025-03-10 15:27:23', '2025-03-10 15:27:23'),
(534, NULL, 13, 3, 17, '2025-03-10 15:27:23', '2025-03-10 15:27:23'),
(535, NULL, 14, 3, 17, '2025-03-10 15:27:23', '2025-03-10 15:27:23'),
(536, NULL, 18, 3, 17, '2025-03-10 15:27:23', '2025-03-10 15:27:23'),
(537, NULL, 17, 3, 17, '2025-03-10 15:27:23', '2025-03-10 15:27:23'),
(538, NULL, 15, 3, 17, '2025-03-10 15:27:23', '2025-03-10 15:27:23'),
(539, NULL, 13, 3, 17, '2025-03-10 15:27:23', '2025-03-10 15:27:23'),
(540, NULL, 16, 3, 17, '2025-03-10 15:27:23', '2025-03-10 15:27:23'),
(541, NULL, 20, 3, 17, '2025-03-10 15:27:23', '2025-03-10 15:27:23'),
(542, NULL, 21, 3, 17, '2025-03-10 15:27:23', '2025-03-10 15:27:23'),
(543, NULL, 24, 3, 17, '2025-03-10 15:27:23', '2025-03-10 15:27:23'),
(544, NULL, 22, 3, 17, '2025-03-10 15:27:23', '2025-03-10 15:27:23'),
(545, NULL, 20, 3, 17, '2025-03-10 15:27:23', '2025-03-10 15:27:23'),
(546, NULL, 22, 3, 17, '2025-03-10 15:27:23', '2025-03-10 15:27:23'),
(547, NULL, 25, 3, 17, '2025-03-10 15:27:23', '2025-03-10 15:27:23'),
(548, NULL, 18, 3, 17, '2025-03-10 15:27:23', '2025-03-10 15:27:23'),
(549, NULL, 21, 3, 17, '2025-03-10 15:27:23', '2025-03-10 15:27:23'),
(550, NULL, 23, 3, 17, '2025-03-10 15:27:23', '2025-03-10 15:27:23'),
(551, NULL, 24, 3, 17, '2025-03-10 15:27:23', '2025-03-10 15:27:23'),
(552, NULL, 32, 3, 17, '2025-03-10 15:27:23', '2025-03-10 15:27:23'),
(553, NULL, 28, 3, 17, '2025-03-10 15:27:23', '2025-03-10 15:27:23'),
(554, NULL, 29, 3, 17, '2025-03-10 15:27:23', '2025-03-10 15:27:23'),
(555, NULL, 35, 3, 17, '2025-03-10 15:27:23', '2025-03-10 15:27:23'),
(556, NULL, 37, 3, 17, '2025-03-10 15:27:23', '2025-03-10 15:27:23'),
(557, NULL, 42, 3, 17, '2025-03-10 15:27:23', '2025-03-10 15:27:23'),
(558, NULL, 32, 3, 17, '2025-03-10 15:27:23', '2025-03-10 15:27:23'),
(559, NULL, 32, 3, 17, '2025-03-10 15:27:23', '2025-03-10 15:27:23'),
(560, NULL, 33, 3, 17, '2025-03-10 15:27:23', '2025-03-10 15:27:23'),
(561, NULL, 33, 3, 17, '2025-03-10 15:27:23', '2025-03-10 15:27:23'),
(562, NULL, 37, 3, 17, '2025-03-10 15:27:23', '2025-03-10 15:27:23'),
(563, NULL, 32, 3, 17, '2025-03-10 15:27:23', '2025-03-10 15:27:23'),
(564, '12-01-2022', 800, 1, 18, '2025-03-10 15:27:23', '2025-03-10 15:27:23'),
(565, '01-01-2023', 2600, 1, 18, '2025-03-10 15:27:23', '2025-03-10 15:27:23'),
(566, '02-01-2023', 4000, 1, 18, '2025-03-10 15:27:23', '2025-03-10 15:27:23'),
(567, '03-01-2023', 1200, 1, 18, '2025-03-10 15:27:23', '2025-03-10 15:27:23'),
(568, '04-01-2023', 3200, 1, 18, '2025-03-10 15:27:23', '2025-03-10 15:27:23'),
(569, '05-01-2023', 1700, 1, 18, '2025-03-10 15:27:23', '2025-03-10 15:27:23'),
(570, NULL, 2800, 2, 18, '2025-03-10 15:27:23', '2025-03-10 15:27:23'),
(571, NULL, 1700, 2, 18, '2025-03-10 15:27:23', '2025-03-10 15:27:23'),
(572, NULL, 900, 2, 18, '2025-03-10 15:27:23', '2025-03-10 15:27:23'),
(573, NULL, 2900, 2, 18, '2025-03-10 15:27:23', '2025-03-10 15:27:23'),
(574, NULL, 1950, 2, 18, '2025-03-10 15:27:23', '2025-03-10 15:27:23'),
(575, NULL, 3100, 2, 18, '2025-03-10 15:27:23', '2025-03-10 15:27:23'),
(576, '02-01-2023', 4100, 1, 19, '2025-03-10 15:27:23', '2025-03-10 15:27:23'),
(577, '03-01-2023', 1900, 1, 19, '2025-03-10 15:27:23', '2025-03-10 15:27:23'),
(578, '04-01-2023', 2700, 1, 19, '2025-03-10 15:27:23', '2025-03-10 15:27:23'),
(579, '05-01-2023', 3900, 1, 19, '2025-03-10 15:27:23', '2025-03-10 15:27:23'),
(580, NULL, 2000, 2, 19, '2025-03-10 15:27:23', '2025-03-10 15:27:23'),
(581, NULL, 1000, 2, 19, '2025-03-10 15:27:23', '2025-03-10 15:27:23'),
(582, NULL, 1100, 2, 19, '2025-03-10 15:27:23', '2025-03-10 15:27:23'),
(583, NULL, 2600, 2, 19, '2025-03-10 15:27:23', '2025-03-10 15:27:23'),
(584, '09-01-2023', 1500, 1, 20, '2025-03-10 15:27:24', '2025-03-10 15:27:24'),
(585, '10-01-2023', 2000, 1, 20, '2025-03-10 15:27:24', '2025-03-10 15:27:24'),
(586, '11-01-2023', 1800, 1, 20, '2025-03-10 15:27:24', '2025-03-10 15:27:24'),
(587, '12-01-2023', 1900, 1, 20, '2025-03-10 15:27:24', '2025-03-10 15:27:24'),
(588, '01-01-2024', 1900, 1, 20, '2025-03-10 15:27:24', '2025-03-10 15:27:24'),
(589, '02-01-2024', 2400, 1, 20, '2025-03-10 15:27:24', '2025-03-10 15:27:24'),
(590, '03-01-2024', 2900, 1, 20, '2025-03-10 15:27:24', '2025-03-10 15:27:24'),
(591, '04-01-2024', 2600, 1, 20, '2025-03-10 15:27:24', '2025-03-10 15:27:24'),
(592, '05-01-2024', 3900, 1, 20, '2025-03-10 15:27:24', '2025-03-10 15:27:24'),
(593, '06-01-2024', 2700, 1, 20, '2025-03-10 15:27:24', '2025-03-10 15:27:24'),
(594, '07-01-2024', 3500, 1, 20, '2025-03-10 15:27:24', '2025-03-10 15:27:24'),
(595, '08-01-2024', 3200, 1, 20, '2025-03-10 15:27:24', '2025-03-10 15:27:24'),
(596, '09-01-2024', 2900, 1, 20, '2025-03-10 15:27:24', '2025-03-10 15:27:24'),
(597, '10-01-2024', 3500, 1, 20, '2025-03-10 15:27:24', '2025-03-10 15:27:24'),
(598, '11-01-2024', 3600, 1, 20, '2025-03-10 15:27:24', '2025-03-10 15:27:24'),
(599, '12-01-2024', 3400, 1, 20, '2025-03-10 15:27:24', '2025-03-10 15:27:24'),
(600, '01-01-2025', 3900, 1, 20, '2025-03-10 15:27:24', '2025-03-10 15:27:24'),
(601, '02-01-2025', 3600, 1, 20, '2025-03-10 15:27:24', '2025-03-10 15:27:24'),
(602, '03-01-2025', 4100, 1, 20, '2025-03-10 15:27:24', '2025-03-10 15:27:24'),
(603, '04-01-2025', 4100, 1, 20, '2025-03-10 15:27:24', '2025-03-10 15:27:24'),
(604, NULL, 2000, 2, 20, '2025-03-10 15:27:24', '2025-03-10 15:27:24'),
(605, NULL, 2100, 2, 20, '2025-03-10 15:27:24', '2025-03-10 15:27:24'),
(606, NULL, 2200, 2, 20, '2025-03-10 15:27:24', '2025-03-10 15:27:24'),
(607, NULL, 2300, 2, 20, '2025-03-10 15:27:24', '2025-03-10 15:27:24'),
(608, NULL, 2400, 2, 20, '2025-03-10 15:27:24', '2025-03-10 15:27:24'),
(609, NULL, 2500, 2, 20, '2025-03-10 15:27:24', '2025-03-10 15:27:24'),
(610, NULL, 2600, 2, 20, '2025-03-10 15:27:24', '2025-03-10 15:27:24'),
(611, NULL, 2700, 2, 20, '2025-03-10 15:27:24', '2025-03-10 15:27:24'),
(612, NULL, 2800, 2, 20, '2025-03-10 15:27:24', '2025-03-10 15:27:24'),
(613, NULL, 2900, 2, 20, '2025-03-10 15:27:24', '2025-03-10 15:27:24'),
(614, NULL, 3000, 2, 20, '2025-03-10 15:27:24', '2025-03-10 15:27:24'),
(615, NULL, 3100, 2, 20, '2025-03-10 15:27:24', '2025-03-10 15:27:24'),
(616, NULL, 3200, 2, 20, '2025-03-10 15:27:24', '2025-03-10 15:27:24'),
(617, NULL, 3300, 2, 20, '2025-03-10 15:27:24', '2025-03-10 15:27:24'),
(618, NULL, 3400, 2, 20, '2025-03-10 15:27:24', '2025-03-10 15:27:24'),
(619, NULL, 3500, 2, 20, '2025-03-10 15:27:24', '2025-03-10 15:27:24'),
(620, NULL, 3600, 2, 20, '2025-03-10 15:27:24', '2025-03-10 15:27:24'),
(621, NULL, 3700, 2, 20, '2025-03-10 15:27:24', '2025-03-10 15:27:24'),
(622, NULL, 3800, 2, 20, '2025-03-10 15:27:24', '2025-03-10 15:27:24'),
(623, NULL, 3900, 2, 20, '2025-03-10 15:27:24', '2025-03-10 15:27:24'),
(624, '2010', 0, 1, 21, '2025-03-10 15:27:24', '2025-03-10 15:27:24'),
(625, 'Age 65', 3500000, 1, 21, '2025-03-10 15:27:24', '2025-03-10 15:27:24'),
(626, NULL, 0, 2, 21, '2025-03-10 15:27:24', '2025-03-10 15:27:24'),
(627, NULL, 2000000, 2, 21, '2025-03-10 15:27:24', '2025-03-10 15:27:24'),
(628, 'Cash', 12, NULL, 22, '2025-03-10 15:27:24', '2025-03-10 15:27:24'),
(629, 'Commodities', 13, NULL, 22, '2025-03-10 15:27:24', '2025-03-10 15:27:24'),
(630, 'Bonds', 10, NULL, 22, '2025-03-10 15:27:24', '2025-03-10 15:27:24'),
(631, 'Stock', 65, NULL, 22, '2025-03-10 15:27:24', '2025-03-10 15:27:24'),
(632, '12-01-2022', 732, NULL, 23, '2025-03-10 15:27:24', '2025-03-10 15:27:24'),
(633, '01-01-2023', 610, NULL, 23, '2025-03-10 15:27:24', '2025-03-10 15:27:24'),
(634, '02-01-2023', 610, NULL, 23, '2025-03-10 15:27:24', '2025-03-10 15:27:24'),
(635, '03-01-2023', 504, NULL, 23, '2025-03-10 15:27:24', '2025-03-10 15:27:24'),
(636, '04-01-2023', 504, NULL, 23, '2025-03-10 15:27:24', '2025-03-10 15:27:24'),
(637, '05-01-2023', 504, NULL, 23, '2025-03-10 15:27:24', '2025-03-10 15:27:24'),
(638, '06-01-2023', 349, NULL, 23, '2025-03-10 15:27:24', '2025-03-10 15:27:24'),
(639, '07-01-2023', 349, NULL, 23, '2025-03-10 15:27:24', '2025-03-10 15:27:24'),
(640, '08-01-2023', 504, NULL, 23, '2025-03-10 15:27:24', '2025-03-10 15:27:24'),
(641, '09-01-2023', 342, NULL, 23, '2025-03-10 15:27:24', '2025-03-10 15:27:24'),
(642, '10-01-2023', 504, NULL, 23, '2025-03-10 15:27:24', '2025-03-10 15:27:24'),
(643, '11-01-2023', 610, NULL, 23, '2025-03-10 15:27:24', '2025-03-10 15:27:24'),
(644, '12-01-2023', 391, NULL, 23, '2025-03-10 15:27:24', '2025-03-10 15:27:24'),
(645, '01-01-2024', 192, NULL, 23, '2025-03-10 15:27:24', '2025-03-10 15:27:24'),
(646, '02-01-2024', 154, NULL, 23, '2025-03-10 15:27:24', '2025-03-10 15:27:24'),
(647, '03-01-2024', 273, NULL, 23, '2025-03-10 15:27:24', '2025-03-10 15:27:24'),
(648, '04-01-2024', 191, NULL, 23, '2025-03-10 15:27:24', '2025-03-10 15:27:24'),
(649, '05-01-2024', 191, NULL, 23, '2025-03-10 15:27:24', '2025-03-10 15:27:24'),
(650, '06-01-2024', 126, NULL, 23, '2025-03-10 15:27:24', '2025-03-10 15:27:24'),
(651, '07-01-2024', 263, NULL, 23, '2025-03-10 15:27:24', '2025-03-10 15:27:24'),
(652, '08-01-2024', 349, NULL, 23, '2025-03-10 15:27:24', '2025-03-10 15:27:24'),
(653, '09-01-2024', 252, NULL, 23, '2025-03-10 15:27:24', '2025-03-10 15:27:24'),
(654, '10-01-2024', 323, NULL, 23, '2025-03-10 15:27:24', '2025-03-10 15:27:24'),
(655, '11-01-2024', 322, NULL, 23, '2025-03-10 15:27:24', '2025-03-10 15:27:24'),
(656, '12-01-2024', 270, NULL, 23, '2025-03-10 15:27:24', '2025-03-10 15:27:24'),
(657, '01-01-2025', 232, NULL, 23, '2025-03-10 15:27:24', '2025-03-10 15:27:24'),
(658, '12-01-2022', 222, NULL, 24, '2025-03-10 15:27:24', '2025-03-10 15:27:24'),
(659, '01-01-2023', 222, NULL, 24, '2025-03-10 15:27:24', '2025-03-10 15:27:24'),
(660, '02-01-2023', 226, NULL, 24, '2025-03-10 15:27:24', '2025-03-10 15:27:24'),
(661, '03-01-2023', 271, NULL, 24, '2025-03-10 15:27:24', '2025-03-10 15:27:24'),
(662, '04-01-2023', 365, NULL, 24, '2025-03-10 15:27:24', '2025-03-10 15:27:24'),
(663, '05-01-2023', 365, NULL, 24, '2025-03-10 15:27:24', '2025-03-10 15:27:24'),
(664, '06-01-2023', 238, NULL, 24, '2025-03-10 15:27:24', '2025-03-10 15:27:24'),
(665, '07-01-2023', 324, NULL, 24, '2025-03-10 15:27:24', '2025-03-10 15:27:24'),
(666, '08-01-2023', 288, NULL, 24, '2025-03-10 15:27:24', '2025-03-10 15:27:24'),
(667, '09-01-2023', 206, NULL, 24, '2025-03-10 15:27:24', '2025-03-10 15:27:24'),
(668, '10-01-2023', 324, NULL, 24, '2025-03-10 15:27:24', '2025-03-10 15:27:24'),
(669, '11-01-2023', 324, NULL, 24, '2025-03-10 15:27:24', '2025-03-10 15:27:24'),
(670, '12-01-2023', 500, NULL, 24, '2025-03-10 15:27:24', '2025-03-10 15:27:24'),
(671, '01-01-2024', 409, NULL, 24, '2025-03-10 15:27:24', '2025-03-10 15:27:24'),
(672, '02-01-2024', 409, NULL, 24, '2025-03-10 15:27:24', '2025-03-10 15:27:24'),
(673, '03-01-2024', 273, NULL, 24, '2025-03-10 15:27:24', '2025-03-10 15:27:24');
INSERT INTO `datafeeds` (`id`, `label`, `data`, `dataset_name`, `data_type`, `created_at`, `updated_at`) VALUES
(674, '04-01-2024', 232, NULL, 24, '2025-03-10 15:27:24', '2025-03-10 15:27:24'),
(675, '05-01-2024', 273, NULL, 24, '2025-03-10 15:27:24', '2025-03-10 15:27:24'),
(676, '06-01-2024', 500, NULL, 24, '2025-03-10 15:27:24', '2025-03-10 15:27:24'),
(677, '07-01-2024', 570, NULL, 24, '2025-03-10 15:27:24', '2025-03-10 15:27:24'),
(678, '08-01-2024', 767, NULL, 24, '2025-03-10 15:27:24', '2025-03-10 15:27:24'),
(679, '09-01-2024', 808, NULL, 24, '2025-03-10 15:27:24', '2025-03-10 15:27:24'),
(680, '10-01-2024', 685, NULL, 24, '2025-03-10 15:27:24', '2025-03-10 15:27:24'),
(681, '11-01-2024', 767, NULL, 24, '2025-03-10 15:27:24', '2025-03-10 15:27:24'),
(682, '12-01-2024', 685, NULL, 24, '2025-03-10 15:27:24', '2025-03-10 15:27:24'),
(683, '01-01-2025', 685, NULL, 24, '2025-03-10 15:27:24', '2025-03-10 15:27:24'),
(684, '12-01-2022', 540, NULL, 25, '2025-03-10 15:27:24', '2025-03-10 15:27:24'),
(685, '01-01-2023', 466, NULL, 25, '2025-03-10 15:27:24', '2025-03-10 15:27:24'),
(686, '02-01-2023', 540, NULL, 25, '2025-03-10 15:27:24', '2025-03-10 15:27:24'),
(687, '03-01-2023', 466, NULL, 25, '2025-03-10 15:27:24', '2025-03-10 15:27:24'),
(688, '04-01-2023', 385, NULL, 25, '2025-03-10 15:27:24', '2025-03-10 15:27:24'),
(689, '05-01-2023', 432, NULL, 25, '2025-03-10 15:27:24', '2025-03-10 15:27:24'),
(690, '06-01-2023', 334, NULL, 25, '2025-03-10 15:27:24', '2025-03-10 15:27:24'),
(691, '07-01-2023', 334, NULL, 25, '2025-03-10 15:27:24', '2025-03-10 15:27:24'),
(692, '08-01-2023', 289, NULL, 25, '2025-03-10 15:27:24', '2025-03-10 15:27:24'),
(693, '09-01-2023', 289, NULL, 25, '2025-03-10 15:27:24', '2025-03-10 15:27:24'),
(694, '10-01-2023', 200, NULL, 25, '2025-03-10 15:27:24', '2025-03-10 15:27:24'),
(695, '11-01-2023', 289, NULL, 25, '2025-03-10 15:27:24', '2025-03-10 15:27:24'),
(696, '12-01-2023', 222, NULL, 25, '2025-03-10 15:27:24', '2025-03-10 15:27:24'),
(697, '01-01-2024', 289, NULL, 25, '2025-03-10 15:27:24', '2025-03-10 15:27:24'),
(698, '02-01-2024', 289, NULL, 25, '2025-03-10 15:27:24', '2025-03-10 15:27:24'),
(699, '03-01-2024', 403, NULL, 25, '2025-03-10 15:27:24', '2025-03-10 15:27:24'),
(700, '04-01-2024', 554, NULL, 25, '2025-03-10 15:27:24', '2025-03-10 15:27:24'),
(701, '05-01-2024', 304, NULL, 25, '2025-03-10 15:27:25', '2025-03-10 15:27:25'),
(702, '06-01-2024', 289, NULL, 25, '2025-03-10 15:27:25', '2025-03-10 15:27:25'),
(703, '07-01-2024', 270, NULL, 25, '2025-03-10 15:27:25', '2025-03-10 15:27:25'),
(704, '08-01-2024', 134, NULL, 25, '2025-03-10 15:27:25', '2025-03-10 15:27:25'),
(705, '09-01-2024', 270, NULL, 25, '2025-03-10 15:27:25', '2025-03-10 15:27:25'),
(706, '10-01-2024', 829, NULL, 25, '2025-03-10 15:27:25', '2025-03-10 15:27:25'),
(707, '11-01-2024', 644, NULL, 25, '2025-03-10 15:27:25', '2025-03-10 15:27:25'),
(708, '12-01-2024', 688, NULL, 25, '2025-03-10 15:27:25', '2025-03-10 15:27:25'),
(709, '01-01-2025', 664, NULL, 25, '2025-03-10 15:27:25', '2025-03-10 15:27:25'),
(710, '12-01-2022', 245, NULL, 26, '2025-03-10 15:27:25', '2025-03-10 15:27:25'),
(711, '01-01-2023', 288, NULL, 26, '2025-03-10 15:27:25', '2025-03-10 15:27:25'),
(712, '02-01-2023', 332, NULL, 26, '2025-03-10 15:27:25', '2025-03-10 15:27:25'),
(713, '03-01-2023', 404, NULL, 26, '2025-03-10 15:27:25', '2025-03-10 15:27:25'),
(714, '04-01-2023', 404, NULL, 26, '2025-03-10 15:27:25', '2025-03-10 15:27:25'),
(715, '05-01-2023', 314, NULL, 26, '2025-03-10 15:27:25', '2025-03-10 15:27:25'),
(716, '06-01-2023', 314, NULL, 26, '2025-03-10 15:27:25', '2025-03-10 15:27:25'),
(717, '07-01-2023', 314, NULL, 26, '2025-03-10 15:27:25', '2025-03-10 15:27:25'),
(718, '08-01-2023', 314, NULL, 26, '2025-03-10 15:27:25', '2025-03-10 15:27:25'),
(719, '09-01-2023', 314, NULL, 26, '2025-03-10 15:27:25', '2025-03-10 15:27:25'),
(720, '10-01-2023', 234, NULL, 26, '2025-03-10 15:27:25', '2025-03-10 15:27:25'),
(721, '11-01-2023', 314, NULL, 26, '2025-03-10 15:27:25', '2025-03-10 15:27:25'),
(722, '12-01-2023', 234, NULL, 26, '2025-03-10 15:27:25', '2025-03-10 15:27:25'),
(723, '01-01-2024', 234, NULL, 26, '2025-03-10 15:27:25', '2025-03-10 15:27:25'),
(724, '02-01-2024', 314, NULL, 26, '2025-03-10 15:27:25', '2025-03-10 15:27:25'),
(725, '03-01-2024', 314, NULL, 26, '2025-03-10 15:27:25', '2025-03-10 15:27:25'),
(726, '04-01-2024', 314, NULL, 26, '2025-03-10 15:27:25', '2025-03-10 15:27:25'),
(727, '05-01-2024', 388, NULL, 26, '2025-03-10 15:27:25', '2025-03-10 15:27:25'),
(728, '06-01-2024', 314, NULL, 26, '2025-03-10 15:27:25', '2025-03-10 15:27:25'),
(729, '07-01-2024', 202, NULL, 26, '2025-03-10 15:27:25', '2025-03-10 15:27:25'),
(730, '08-01-2024', 202, NULL, 26, '2025-03-10 15:27:25', '2025-03-10 15:27:25'),
(731, '09-01-2024', 202, NULL, 26, '2025-03-10 15:27:25', '2025-03-10 15:27:25'),
(732, '10-01-2024', 202, NULL, 26, '2025-03-10 15:27:25', '2025-03-10 15:27:25'),
(733, '11-01-2024', 514, NULL, 26, '2025-03-10 15:27:25', '2025-03-10 15:27:25'),
(734, '12-01-2024', 720, NULL, 26, '2025-03-10 15:27:25', '2025-03-10 15:27:25'),
(735, '01-01-2025', 642, NULL, 26, '2025-03-10 15:27:25', '2025-03-10 15:27:25'),
(736, '12-01-2022', 540, 1, 27, '2025-03-10 15:27:25', '2025-03-10 15:27:25'),
(737, '01-01-2023', 466, 1, 27, '2025-03-10 15:27:25', '2025-03-10 15:27:25'),
(738, '02-01-2023', 540, 1, 27, '2025-03-10 15:27:25', '2025-03-10 15:27:25'),
(739, '03-01-2023', 466, 1, 27, '2025-03-10 15:27:25', '2025-03-10 15:27:25'),
(740, '04-01-2023', 385, 1, 27, '2025-03-10 15:27:25', '2025-03-10 15:27:25'),
(741, '05-01-2023', 432, 1, 27, '2025-03-10 15:27:25', '2025-03-10 15:27:25'),
(742, '06-01-2023', 334, 1, 27, '2025-03-10 15:27:25', '2025-03-10 15:27:25'),
(743, '07-01-2023', 334, 1, 27, '2025-03-10 15:27:25', '2025-03-10 15:27:25'),
(744, '08-01-2023', 289, 1, 27, '2025-03-10 15:27:25', '2025-03-10 15:27:25'),
(745, '09-01-2023', 289, 1, 27, '2025-03-10 15:27:25', '2025-03-10 15:27:25'),
(746, '10-01-2023', 200, 1, 27, '2025-03-10 15:27:25', '2025-03-10 15:27:25'),
(747, '11-01-2023', 289, 1, 27, '2025-03-10 15:27:25', '2025-03-10 15:27:25'),
(748, '12-01-2023', 222, 1, 27, '2025-03-10 15:27:25', '2025-03-10 15:27:25'),
(749, '01-01-2024', 289, 1, 27, '2025-03-10 15:27:25', '2025-03-10 15:27:25'),
(750, '02-01-2024', 289, 1, 27, '2025-03-10 15:27:25', '2025-03-10 15:27:25'),
(751, '03-01-2024', 403, 1, 27, '2025-03-10 15:27:25', '2025-03-10 15:27:25'),
(752, '04-01-2024', 554, 1, 27, '2025-03-10 15:27:25', '2025-03-10 15:27:25'),
(753, '05-01-2024', 304, 1, 27, '2025-03-10 15:27:25', '2025-03-10 15:27:25'),
(754, '06-01-2024', 289, 1, 27, '2025-03-10 15:27:25', '2025-03-10 15:27:25'),
(755, '07-01-2024', 270, 1, 27, '2025-03-10 15:27:25', '2025-03-10 15:27:25'),
(756, '08-01-2024', 134, 1, 27, '2025-03-10 15:27:25', '2025-03-10 15:27:25'),
(757, '09-01-2024', 270, 1, 27, '2025-03-10 15:27:25', '2025-03-10 15:27:25'),
(758, '10-01-2024', 829, 1, 27, '2025-03-10 15:27:25', '2025-03-10 15:27:25'),
(759, '11-01-2024', 644, 1, 27, '2025-03-10 15:27:25', '2025-03-10 15:27:25'),
(760, '12-01-2024', 688, 1, 27, '2025-03-10 15:27:25', '2025-03-10 15:27:25'),
(761, '01-01-2025', 690, 1, 27, '2025-03-10 15:27:25', '2025-03-10 15:27:25'),
(762, NULL, 245, 2, 27, '2025-03-10 15:27:25', '2025-03-10 15:27:25'),
(763, NULL, 288, 2, 27, '2025-03-10 15:27:25', '2025-03-10 15:27:25'),
(764, NULL, 332, 2, 27, '2025-03-10 15:27:25', '2025-03-10 15:27:25'),
(765, NULL, 404, 2, 27, '2025-03-10 15:27:25', '2025-03-10 15:27:25'),
(766, NULL, 404, 2, 27, '2025-03-10 15:27:25', '2025-03-10 15:27:25'),
(767, NULL, 314, 2, 27, '2025-03-10 15:27:25', '2025-03-10 15:27:25'),
(768, NULL, 314, 2, 27, '2025-03-10 15:27:25', '2025-03-10 15:27:25'),
(769, NULL, 314, 2, 27, '2025-03-10 15:27:25', '2025-03-10 15:27:25'),
(770, NULL, 314, 2, 27, '2025-03-10 15:27:25', '2025-03-10 15:27:25'),
(771, NULL, 314, 2, 27, '2025-03-10 15:27:25', '2025-03-10 15:27:25'),
(772, NULL, 234, 2, 27, '2025-03-10 15:27:25', '2025-03-10 15:27:25'),
(773, NULL, 314, 2, 27, '2025-03-10 15:27:25', '2025-03-10 15:27:25'),
(774, NULL, 234, 2, 27, '2025-03-10 15:27:25', '2025-03-10 15:27:25'),
(775, NULL, 234, 2, 27, '2025-03-10 15:27:25', '2025-03-10 15:27:25'),
(776, NULL, 314, 2, 27, '2025-03-10 15:27:25', '2025-03-10 15:27:25'),
(777, NULL, 314, 2, 27, '2025-03-10 15:27:25', '2025-03-10 15:27:25'),
(778, NULL, 314, 2, 27, '2025-03-10 15:27:25', '2025-03-10 15:27:25'),
(779, NULL, 388, 2, 27, '2025-03-10 15:27:25', '2025-03-10 15:27:25'),
(780, NULL, 314, 2, 27, '2025-03-10 15:27:25', '2025-03-10 15:27:25'),
(781, NULL, 202, 2, 27, '2025-03-10 15:27:25', '2025-03-10 15:27:25'),
(782, NULL, 202, 2, 27, '2025-03-10 15:27:25', '2025-03-10 15:27:25'),
(783, NULL, 202, 2, 27, '2025-03-10 15:27:25', '2025-03-10 15:27:25'),
(784, NULL, 202, 2, 27, '2025-03-10 15:27:25', '2025-03-10 15:27:25'),
(785, NULL, 514, 2, 27, '2025-03-10 15:27:25', '2025-03-10 15:27:25'),
(786, NULL, 720, 2, 27, '2025-03-10 15:27:25', '2025-03-10 15:27:25'),
(787, NULL, 732, 2, 27, '2025-03-10 15:27:25', '2025-03-10 15:27:25'),
(788, NULL, 732, 3, 27, '2025-03-10 15:27:25', '2025-03-10 15:27:25'),
(789, NULL, 610, 3, 27, '2025-03-10 15:27:25', '2025-03-10 15:27:25'),
(790, NULL, 610, 3, 27, '2025-03-10 15:27:25', '2025-03-10 15:27:25'),
(791, NULL, 504, 3, 27, '2025-03-10 15:27:25', '2025-03-10 15:27:25'),
(792, NULL, 504, 3, 27, '2025-03-10 15:27:25', '2025-03-10 15:27:25'),
(793, NULL, 504, 3, 27, '2025-03-10 15:27:25', '2025-03-10 15:27:25'),
(794, NULL, 349, 3, 27, '2025-03-10 15:27:25', '2025-03-10 15:27:25'),
(795, NULL, 349, 3, 27, '2025-03-10 15:27:25', '2025-03-10 15:27:25'),
(796, NULL, 504, 3, 27, '2025-03-10 15:27:25', '2025-03-10 15:27:25'),
(797, NULL, 342, 3, 27, '2025-03-10 15:27:25', '2025-03-10 15:27:25'),
(798, NULL, 504, 3, 27, '2025-03-10 15:27:25', '2025-03-10 15:27:25'),
(799, NULL, 610, 3, 27, '2025-03-10 15:27:25', '2025-03-10 15:27:25'),
(800, NULL, 391, 3, 27, '2025-03-10 15:27:25', '2025-03-10 15:27:25'),
(801, NULL, 192, 3, 27, '2025-03-10 15:27:25', '2025-03-10 15:27:25'),
(802, NULL, 154, 3, 27, '2025-03-10 15:27:25', '2025-03-10 15:27:25'),
(803, NULL, 273, 3, 27, '2025-03-10 15:27:25', '2025-03-10 15:27:25'),
(804, NULL, 191, 3, 27, '2025-03-10 15:27:25', '2025-03-10 15:27:25'),
(805, NULL, 191, 3, 27, '2025-03-10 15:27:25', '2025-03-10 15:27:25'),
(806, NULL, 126, 3, 27, '2025-03-10 15:27:25', '2025-03-10 15:27:25'),
(807, NULL, 263, 3, 27, '2025-03-10 15:27:25', '2025-03-10 15:27:25'),
(808, NULL, 349, 3, 27, '2025-03-10 15:27:25', '2025-03-10 15:27:25'),
(809, NULL, 252, 3, 27, '2025-03-10 15:27:25', '2025-03-10 15:27:25'),
(810, NULL, 323, 3, 27, '2025-03-10 15:27:25', '2025-03-10 15:27:25'),
(811, NULL, 322, 3, 27, '2025-03-10 15:27:25', '2025-03-10 15:27:25'),
(812, NULL, 270, 3, 27, '2025-03-10 15:27:25', '2025-03-10 15:27:25'),
(813, NULL, 232, 3, 27, '2025-03-10 15:27:25', '2025-03-10 15:27:25'),
(814, NULL, 222, 4, 27, '2025-03-10 15:27:25', '2025-03-10 15:27:25'),
(815, NULL, 222, 4, 27, '2025-03-10 15:27:25', '2025-03-10 15:27:25'),
(816, NULL, 226, 4, 27, '2025-03-10 15:27:25', '2025-03-10 15:27:25'),
(817, NULL, 271, 4, 27, '2025-03-10 15:27:25', '2025-03-10 15:27:25'),
(818, NULL, 365, 4, 27, '2025-03-10 15:27:25', '2025-03-10 15:27:25'),
(819, NULL, 365, 4, 27, '2025-03-10 15:27:25', '2025-03-10 15:27:25'),
(820, NULL, 238, 4, 27, '2025-03-10 15:27:25', '2025-03-10 15:27:25'),
(821, NULL, 324, 4, 27, '2025-03-10 15:27:25', '2025-03-10 15:27:25'),
(822, NULL, 288, 4, 27, '2025-03-10 15:27:26', '2025-03-10 15:27:26'),
(823, NULL, 206, 4, 27, '2025-03-10 15:27:26', '2025-03-10 15:27:26'),
(824, NULL, 324, 4, 27, '2025-03-10 15:27:26', '2025-03-10 15:27:26'),
(825, NULL, 324, 4, 27, '2025-03-10 15:27:26', '2025-03-10 15:27:26'),
(826, NULL, 500, 4, 27, '2025-03-10 15:27:26', '2025-03-10 15:27:26'),
(827, NULL, 409, 4, 27, '2025-03-10 15:27:26', '2025-03-10 15:27:26'),
(828, NULL, 409, 4, 27, '2025-03-10 15:27:26', '2025-03-10 15:27:26'),
(829, NULL, 273, 4, 27, '2025-03-10 15:27:26', '2025-03-10 15:27:26'),
(830, NULL, 232, 4, 27, '2025-03-10 15:27:26', '2025-03-10 15:27:26'),
(831, NULL, 273, 4, 27, '2025-03-10 15:27:26', '2025-03-10 15:27:26'),
(832, NULL, 500, 4, 27, '2025-03-10 15:27:26', '2025-03-10 15:27:26'),
(833, NULL, 570, 4, 27, '2025-03-10 15:27:26', '2025-03-10 15:27:26'),
(834, NULL, 767, 4, 27, '2025-03-10 15:27:26', '2025-03-10 15:27:26'),
(835, NULL, 808, 4, 27, '2025-03-10 15:27:26', '2025-03-10 15:27:26'),
(836, NULL, 685, 4, 27, '2025-03-10 15:27:26', '2025-03-10 15:27:26'),
(837, NULL, 767, 4, 27, '2025-03-10 15:27:26', '2025-03-10 15:27:26'),
(838, NULL, 685, 4, 27, '2025-03-10 15:27:26', '2025-03-10 15:27:26'),
(839, NULL, 688, 4, 27, '2025-03-10 15:27:26', '2025-03-10 15:27:26'),
(840, NULL, 632, 5, 27, '2025-03-10 15:27:26', '2025-03-10 15:27:26'),
(841, NULL, 510, 5, 27, '2025-03-10 15:27:26', '2025-03-10 15:27:26'),
(842, NULL, 610, 5, 27, '2025-03-10 15:27:26', '2025-03-10 15:27:26'),
(843, NULL, 404, 5, 27, '2025-03-10 15:27:26', '2025-03-10 15:27:26'),
(844, NULL, 504, 5, 27, '2025-03-10 15:27:26', '2025-03-10 15:27:26'),
(845, NULL, 404, 5, 27, '2025-03-10 15:27:26', '2025-03-10 15:27:26'),
(846, NULL, 449, 5, 27, '2025-03-10 15:27:26', '2025-03-10 15:27:26'),
(847, NULL, 349, 5, 27, '2025-03-10 15:27:26', '2025-03-10 15:27:26'),
(848, NULL, 404, 5, 27, '2025-03-10 15:27:26', '2025-03-10 15:27:26'),
(849, NULL, 542, 5, 27, '2025-03-10 15:27:26', '2025-03-10 15:27:26'),
(850, NULL, 404, 5, 27, '2025-03-10 15:27:26', '2025-03-10 15:27:26'),
(851, NULL, 410, 5, 27, '2025-03-10 15:27:26', '2025-03-10 15:27:26'),
(852, NULL, 491, 5, 27, '2025-03-10 15:27:26', '2025-03-10 15:27:26'),
(853, NULL, 392, 5, 27, '2025-03-10 15:27:26', '2025-03-10 15:27:26'),
(854, NULL, 254, 5, 27, '2025-03-10 15:27:26', '2025-03-10 15:27:26'),
(855, NULL, 273, 5, 27, '2025-03-10 15:27:26', '2025-03-10 15:27:26'),
(856, NULL, 291, 5, 27, '2025-03-10 15:27:26', '2025-03-10 15:27:26'),
(857, NULL, 191, 5, 27, '2025-03-10 15:27:26', '2025-03-10 15:27:26'),
(858, NULL, 226, 5, 27, '2025-03-10 15:27:26', '2025-03-10 15:27:26'),
(859, NULL, 363, 5, 27, '2025-03-10 15:27:26', '2025-03-10 15:27:26'),
(860, NULL, 449, 5, 27, '2025-03-10 15:27:26', '2025-03-10 15:27:26'),
(861, NULL, 252, 5, 27, '2025-03-10 15:27:26', '2025-03-10 15:27:26'),
(862, NULL, 223, 5, 27, '2025-03-10 15:27:26', '2025-03-10 15:27:26'),
(863, NULL, 222, 5, 27, '2025-03-10 15:27:26', '2025-03-10 15:27:26'),
(864, NULL, 170, 5, 27, '2025-03-10 15:27:26', '2025-03-10 15:27:26'),
(865, NULL, 132, 5, 27, '2025-03-10 15:27:26', '2025-03-10 15:27:26');

-- --------------------------------------------------------

--
-- Table structure for table `email_configs`
--

CREATE TABLE `email_configs` (
  `id` bigint(20) UNSIGNED NOT NULL,
  `from_name` varchar(255) DEFAULT NULL,
  `from_email` varchar(255) DEFAULT NULL,
  `smtp_username` varchar(255) DEFAULT NULL,
  `smtp_password` text DEFAULT NULL,
  `smtp_host` varchar(255) DEFAULT NULL,
  `smtp_port` varchar(255) DEFAULT NULL,
  `smtp_encryption` varchar(255) DEFAULT NULL,
  `created_at` timestamp NULL DEFAULT NULL,
  `updated_at` timestamp NULL DEFAULT NULL
) ENGINE=InnoDB DEFAULT CHARSET=utf8mb4 COLLATE=utf8mb4_unicode_ci;

--
-- Dumping data for table `email_configs`
--

INSERT INTO `email_configs` (`id`, `from_name`, `from_email`, `smtp_username`, `smtp_password`, `smtp_host`, `smtp_port`, `smtp_encryption`, `created_at`, `updated_at`) VALUES
(1, 'BigRig International Truck Driving School', 'no-reply@delwathon.com', 'no-reply@delwathon.com', 'eyJpdiI6Imh5UHFlaEVxd3hVZVoyM2hGWVg3SFE9PSIsInZhbHVlIjoiaWVhTWg5YnB0cXlDV00wcWttOEJSTWZITTNUSHpRRDlLQjFFeVdZTmEvcz0iLCJtYWMiOiJhZmY1ZjI5YTc0MTk1ZTA4MzRjNmZkNTkzZDc1M2IzODhmNmFkZTE4MjMzMWQ3ZjUzNzA2MDdmNjExNWYyNDM5IiwidGFnIjoiIn0=', 'delwathon.com', '465', 'ssl', '2025-06-11 11:02:40', '2025-06-11 11:02:40');

-- --------------------------------------------------------

--
-- Table structure for table `email_subscriptions`
--

CREATE TABLE `email_subscriptions` (
  `id` bigint(20) UNSIGNED NOT NULL,
  `email` varchar(255) NOT NULL,
  `created_at` timestamp NULL DEFAULT NULL,
  `updated_at` timestamp NULL DEFAULT NULL
) ENGINE=InnoDB DEFAULT CHARSET=utf8mb4 COLLATE=utf8mb4_unicode_ci;

-- --------------------------------------------------------

--
-- Table structure for table `enrolment_batches`
--

CREATE TABLE `enrolment_batches` (
  `id` bigint(20) UNSIGNED NOT NULL,
  `batch_name` varchar(255) NOT NULL,
  `c_date` date NOT NULL,
  `active_batch` tinyint(1) NOT NULL DEFAULT 0,
  `created_at` timestamp NULL DEFAULT NULL,
  `updated_at` timestamp NULL DEFAULT NULL
) ENGINE=InnoDB DEFAULT CHARSET=utf8mb4 COLLATE=utf8mb4_unicode_ci;

--
-- Dumping data for table `enrolment_batches`
--

INSERT INTO `enrolment_batches` (`id`, `batch_name`, `c_date`, `active_batch`, `created_at`, `updated_at`) VALUES
(1, '2025 Batch A', '2025-04-01', 1, '2025-03-25 11:27:57', '2025-03-25 11:27:57');

-- --------------------------------------------------------

--
-- Table structure for table `failed_jobs`
--

CREATE TABLE `failed_jobs` (
  `id` bigint(20) UNSIGNED NOT NULL,
  `uuid` varchar(255) NOT NULL,
  `connection` text NOT NULL,
  `queue` text NOT NULL,
  `payload` longtext NOT NULL,
  `exception` longtext NOT NULL,
  `failed_at` timestamp NOT NULL DEFAULT current_timestamp()
) ENGINE=InnoDB DEFAULT CHARSET=utf8mb4 COLLATE=utf8mb4_unicode_ci;

-- --------------------------------------------------------

--
-- Table structure for table `faqs`
--

CREATE TABLE `faqs` (
  `id` bigint(20) UNSIGNED NOT NULL,
  `question` text NOT NULL,
  `answer` text NOT NULL,
  `created_at` timestamp NULL DEFAULT NULL,
  `updated_at` timestamp NULL DEFAULT NULL
) ENGINE=InnoDB DEFAULT CHARSET=utf8mb4 COLLATE=utf8mb4_unicode_ci;

--
-- Dumping data for table `faqs`
--

INSERT INTO `faqs` (`id`, `question`, `answer`, `created_at`, `updated_at`) VALUES
(1, 'How long does the truck driving course take?', 'The training last for 3 months which is 12 weeks', '2025-04-08 22:15:32', '2025-04-08 22:15:32'),
(2, 'Is first aid or emergency training included?', 'Yes, it’s often mandatory for school bus drivers.', '2025-04-08 22:19:26', '2025-04-08 22:19:26'),
(3, 'Do I receive a certification after my forklift training?', 'Yes, a forklift operator certificate is issued after passing.', '2025-04-08 22:20:47', '2025-04-08 22:22:59'),
(4, 'Where is the BigRig office located?', 'No 6, Blue Gate Estate, Opposite Liberty Stadium, Ring Road, Ibadan, Oyo State.', '2025-04-08 22:25:50', '2025-04-08 22:25:50'),
(5, 'What types of licenses do you offer training for?', 'Typically Class A, B, or C (depending on the country).', '2025-04-08 22:27:17', '2025-04-08 22:27:17'),
(6, 'Do I need a driving license before enrolling for the truck driving course?', 'Yes, usually a valid regular driver’s license is required with a minimum of 6 months experience.', '2025-04-08 22:29:23', '2025-04-08 22:30:49'),
(7, 'Are there refresher courses for forklift operators?', 'Yes, refresher courses are available and recommended every 3 years to maintain certification.', '2025-04-15 03:02:21', '2025-04-15 03:02:21'),
(8, 'What qualifications do I need to become a school bus driver?', 'You need a valid CDL with a school bus endorsement, be at least 21 years old, pass a background check, and have good vision and hearing.', '2025-04-15 03:03:55', '2025-04-15 03:03:55'),
(9, 'Can I drive a school bus if I have a criminal record?', 'Criminal history checks are part of the application process, and certain offenses may disqualify you from becoming a school bus driver.', '2025-04-15 03:04:28', '2025-04-15 03:04:28');

-- --------------------------------------------------------

--
-- Table structure for table `forum_comments`
--

CREATE TABLE `forum_comments` (
  `id` bigint(20) UNSIGNED NOT NULL,
  `forum_post_id` bigint(20) UNSIGNED NOT NULL,
  `user_id` bigint(20) UNSIGNED NOT NULL,
  `body` text NOT NULL,
  `created_at` timestamp NULL DEFAULT NULL,
  `updated_at` timestamp NULL DEFAULT NULL
) ENGINE=InnoDB DEFAULT CHARSET=utf8mb4 COLLATE=utf8mb4_unicode_ci;

-- --------------------------------------------------------

--
-- Table structure for table `forum_posts`
--

CREATE TABLE `forum_posts` (
  `id` bigint(20) UNSIGNED NOT NULL,
  `user_id` bigint(20) UNSIGNED NOT NULL,
  `title` varchar(255) NOT NULL,
  `body` text NOT NULL,
  `category` varchar(255) DEFAULT NULL,
  `votes_count` int(11) NOT NULL DEFAULT 0,
  `created_at` timestamp NULL DEFAULT NULL,
  `updated_at` timestamp NULL DEFAULT NULL
) ENGINE=InnoDB DEFAULT CHARSET=utf8mb4 COLLATE=utf8mb4_unicode_ci;

-- --------------------------------------------------------

--
-- Table structure for table `founder`
--

CREATE TABLE `founder` (
  `id` bigint(20) UNSIGNED NOT NULL,
  `founder_name` varchar(255) NOT NULL,
  `signature` varchar(255) DEFAULT NULL,
  `speech_title` varchar(255) NOT NULL,
  `speech_content` text NOT NULL,
  `facebook_handle` varchar(255) DEFAULT NULL,
  `twitter_handle` varchar(255) DEFAULT NULL,
  `linkedin_handle` varchar(255) DEFAULT NULL,
  `instagram_handle` varchar(255) DEFAULT NULL,
  `founder_picture` varchar(255) NOT NULL,
  `secondary_picture` varchar(255) NOT NULL,
  `show_founder` tinyint(1) NOT NULL DEFAULT 0,
  `created_at` timestamp NULL DEFAULT NULL,
  `updated_at` timestamp NULL DEFAULT NULL
) ENGINE=InnoDB DEFAULT CHARSET=utf8mb4 COLLATE=utf8mb4_unicode_ci;

--
-- Dumping data for table `founder`
--

INSERT INTO `founder` (`id`, `founder_name`, `signature`, `speech_title`, `speech_content`, `facebook_handle`, `twitter_handle`, `linkedin_handle`, `instagram_handle`, `founder_picture`, `secondary_picture`, `show_founder`, `created_at`, `updated_at`) VALUES
(1, 'Adekola Adedapo', 'founder/V4KlnMkYOp68p93A3eiQ3crQhuU93MwfBF6aeEwc.png', 'Welcome to BigRig International Truck Driving School', '<p>At BigRig International Truck Driving School, we are committed to delivering top-tier instruction that is both comprehensive and up-to-date, ensuring our students are well-equipped for today driving environment.</p>\r\n\r\n<p>Our training goes beyond the basics, providing in-depth knowledge and practical skills that drivers can apply every time they take the wheel. From understanding traffic regulations and identifying potential hazards&mdash;such as reckless motorists and construction zones&mdash;to mastering safe driving techniques in adverse weather conditions, we prepare our students to navigate the road with confidence, responsibility, and professionalism.</p>', NULL, NULL, NULL, NULL, 'founder/3cYUT5wFNQtPmhQIxo5WdZ9FI49g98BEekRAGU2X.jpg', 'founder/s6Eg1jo77uJ5S3K9Zpctoo9a00FJjRjmk6w6V80h.jpg', 0, '2025-03-25 11:14:16', '2025-03-25 11:14:16');

-- --------------------------------------------------------

--
-- Table structure for table `invoices`
--

CREATE TABLE `invoices` (
  `id` bigint(20) UNSIGNED NOT NULL,
  `invoice` varchar(255) NOT NULL,
  `total` varchar(255) NOT NULL,
  `status` varchar(255) NOT NULL,
  `customer` varchar(255) NOT NULL,
  `issued_date` date NOT NULL,
  `paid_date` date DEFAULT NULL,
  `type` varchar(255) NOT NULL,
  `created_at` timestamp NULL DEFAULT NULL,
  `updated_at` timestamp NULL DEFAULT NULL
) ENGINE=InnoDB DEFAULT CHARSET=utf8mb4 COLLATE=utf8mb4_unicode_ci;

--
-- Dumping data for table `invoices`
--

INSERT INTO `invoices` (`id`, `invoice`, `total`, `status`, `customer`, `issued_date`, `paid_date`, `type`, `created_at`, `updated_at`) VALUES
(1, '#123567', '$129.00', 'Overdue', 'Dominik Lamakani', '2024-07-22', NULL, 'Subscription', '2025-03-10 15:27:26', '2025-03-10 15:27:26'),
(2, '#779912', '$59.00', 'Paid', 'Mark Cameron', '2024-07-19', '2024-07-20', 'Subscription', '2025-03-10 15:27:26', '2025-03-10 15:27:26'),
(3, '#889924', '$89.00', 'Paid', 'Sergio Gonnelli', '2024-07-17', '2024-07-19', 'One-time', '2025-03-10 15:27:26', '2025-03-10 15:27:26'),
(4, '#897726', '$129.00', 'Due', 'Manuel Garbaya', '2024-07-04', NULL, 'Subscription', '2025-03-10 15:27:26', '2025-03-10 15:27:26'),
(5, '#123567', '$129.00', 'Due', 'Cool Robot', '2024-07-04', NULL, 'Subscription', '2025-03-10 15:27:26', '2025-03-10 15:27:26'),
(6, '#896644', '$129.00', 'Paid', 'Mark Cameron', '2024-07-04', '2024-07-09', 'One-time', '2025-03-10 15:27:26', '2025-03-10 15:27:26'),
(7, '#136988', '$69.00', 'Paid', 'Glenn Thomas', '2024-07-01', '2024-07-01', 'One-time', '2025-03-10 15:27:26', '2025-03-10 15:27:26'),
(8, '#442206', '$129.00', 'Overdue', 'Dominik Lamakani', '2024-06-22', NULL, 'Subscription', '2025-03-10 15:27:26', '2025-03-10 15:27:26'),
(9, '#764321', '$89.00', 'Paid', 'Brian Halligan', '2024-06-21', '2024-06-29', 'One-time', '2025-03-10 15:27:26', '2025-03-10 15:27:26'),
(10, '#908764', '$129.00', 'Due', 'Carolyn McNeail', '2024-06-17', NULL, 'Subscription', '2025-03-10 15:27:26', '2025-03-10 15:27:26'),
(11, '#897726', '$129.00', 'Due', 'Manuel Garbaya', '2024-07-04', NULL, 'Subscription', '2025-03-10 15:27:26', '2025-03-10 15:27:26'),
(12, '#123567', '$129.00', 'Due', 'Cool Robot', '2024-07-04', NULL, 'Subscription', '2025-03-10 15:27:26', '2025-03-10 15:27:26'),
(13, '#896644', '$129.00', 'Paid', 'Mark Cameron', '2024-07-04', '2024-07-09', 'One-time', '2025-03-10 15:27:26', '2025-03-10 15:27:26'),
(14, '#136988', '$69.00', 'Paid', 'Glenn Thomas', '2024-07-01', '2024-07-01', 'One-time', '2025-03-10 15:27:26', '2025-03-10 15:27:26'),
(15, '#442206', '$129.00', 'Overdue', 'Dominik Lamakani', '2024-06-22', NULL, 'Subscription', '2025-03-10 15:27:26', '2025-03-10 15:27:26');

-- --------------------------------------------------------

--
-- Table structure for table `jobs`
--

CREATE TABLE `jobs` (
  `id` bigint(20) UNSIGNED NOT NULL,
  `image` varchar(2048) DEFAULT NULL,
  `company` varchar(255) NOT NULL,
  `role` varchar(255) NOT NULL,
  `details` varchar(255) NOT NULL,
  `type` varchar(255) DEFAULT NULL,
  `fav` tinyint(1) NOT NULL DEFAULT 0,
  `created_at` timestamp NULL DEFAULT NULL,
  `updated_at` timestamp NULL DEFAULT NULL
) ENGINE=InnoDB DEFAULT CHARSET=utf8mb4 COLLATE=utf8mb4_unicode_ci;

--
-- Dumping data for table `jobs`
--

INSERT INTO `jobs` (`id`, `image`, `company`, `role`, `details`, `type`, `fav`, `created_at`, `updated_at`) VALUES
(1, 'company-icon-05.svg', 'Company 01', 'Senior Web App Designer', 'Contract / Remote / New York, NYC', 'Featured', 0, '2025-03-10 15:27:26', '2025-03-10 15:27:26'),
(2, 'company-icon-05.svg', 'Company 02', 'Senior Full Stack Engineer', 'Contract / Remote / New York, NYC', 'New', 1, '2025-03-10 15:27:26', '2025-03-10 15:27:26'),
(3, 'company-icon-06.svg', 'Company 03', 'Ruby on Rails Engineer', 'Contract / Remote / New York, NYC', 'New', 0, '2025-03-10 15:27:26', '2025-03-10 15:27:26'),
(4, 'company-icon-03.svg', 'Company 04', 'Senior Software Engineer Backend', 'Full-time / Remote / Anywhere', 'New', 0, '2025-03-10 15:27:26', '2025-03-10 15:27:26'),
(5, 'company-icon-07.svg', 'Company 05', 'React.js Software Developer', 'Full-time / Remote / London, UK', 'New', 1, '2025-03-10 15:27:26', '2025-03-10 15:27:26'),
(6, 'company-icon-08.svg', 'Company 06', 'Senior Full Stack Rails Developer', 'Part-time / Remote / Milan, IT', 'New', 0, '2025-03-10 15:27:26', '2025-03-10 15:27:26'),
(7, 'company-icon-01.svg', 'Company 07', 'Principal Software Engineer', 'Freelance / Remote / London, UK', 'New', 0, '2025-03-10 15:27:26', '2025-03-10 15:27:26'),
(8, 'company-icon-07.svg', 'Company 08', 'Contract React Native Engineer', 'Contract / Remote / Miami, FL', 'New', 0, '2025-03-10 15:27:26', '2025-03-10 15:27:26'),
(9, 'company-icon-08.svg', 'Company 09', 'Senior Client Engineer (React & React Native)', 'Full-time / Remote / Lincoln, NE', 'New', 0, '2025-03-10 15:27:26', '2025-03-10 15:27:26'),
(10, 'company-icon-02.svg', 'Company 10', 'QA Automation Engineer', 'Contract / Remote / Anywhere', 'New', 0, '2025-03-10 15:27:26', '2025-03-10 15:27:26'),
(11, 'company-icon-08.svg', 'Company 06', 'Senior Full Stack Rails Developer', 'Part-time / Remote / Milan, IT', 'New', 0, '2025-03-10 15:27:26', '2025-03-10 15:27:26'),
(12, 'company-icon-01.svg', 'Company 07', 'Principal Software Engineer', 'Freelance / Remote / London, UK', 'New', 0, '2025-03-10 15:27:26', '2025-03-10 15:27:26');

-- --------------------------------------------------------

--
-- Table structure for table `marketers`
--

CREATE TABLE `marketers` (
  `id` bigint(20) UNSIGNED NOT NULL,
  `image` varchar(2048) DEFAULT NULL,
  `name` varchar(255) NOT NULL,
  `link` varchar(255) NOT NULL,
  `created_at` timestamp NULL DEFAULT NULL,
  `updated_at` timestamp NULL DEFAULT NULL
) ENGINE=InnoDB DEFAULT CHARSET=utf8mb4 COLLATE=utf8mb4_unicode_ci;

--
-- Dumping data for table `marketers`
--

INSERT INTO `marketers` (`id`, `image`, `name`, `link`, `created_at`, `updated_at`) VALUES
(1, 'user-28-01.jpg', 'User 01', '#0', '2025-03-10 15:27:27', '2025-03-10 15:27:27'),
(2, 'user-28-02.jpg', 'User 02', '#0', '2025-03-10 15:27:27', '2025-03-10 15:27:27'),
(3, 'user-28-03.jpg', 'User 03', '#0', '2025-03-10 15:27:27', '2025-03-10 15:27:27'),
(4, 'user-28-04.jpg', 'User 04', '#0', '2025-03-10 15:27:27', '2025-03-10 15:27:27'),
(5, 'user-28-05.jpg', 'User 05', '#0', '2025-03-10 15:27:27', '2025-03-10 15:27:27'),
(6, 'user-28-06.jpg', 'User 06', '#0', '2025-03-10 15:27:27', '2025-03-10 15:27:27'),
(7, 'user-28-07.jpg', 'User 07', '#0', '2025-03-10 15:27:27', '2025-03-10 15:27:27'),
(8, 'user-28-08.jpg', 'User 08', '#0', '2025-03-10 15:27:27', '2025-03-10 15:27:27'),
(9, 'user-28-09.jpg', 'User 09', '#0', '2025-03-10 15:27:27', '2025-03-10 15:27:27'),
(10, 'user-28-10.jpg', 'User 10', '#0', '2025-03-10 15:27:27', '2025-03-10 15:27:27');

-- --------------------------------------------------------

--
-- Table structure for table `medicals`
--

CREATE TABLE `medicals` (
  `id` bigint(20) UNSIGNED NOT NULL,
  `user_id` bigint(20) UNSIGNED NOT NULL,
  `weight` decimal(8,2) DEFAULT NULL,
  `height` decimal(8,2) DEFAULT NULL,
  `visual_impairment` varchar(255) DEFAULT NULL,
  `hearing_aid` varchar(255) DEFAULT NULL,
  `physical_disability` varchar(255) DEFAULT NULL,
  `weed` varchar(255) NOT NULL DEFAULT 'No',
  `alcohol` varchar(255) NOT NULL DEFAULT 'Casually',
  `prescribed_medication` text DEFAULT NULL,
  `failed_drug_test` text DEFAULT NULL,
  `attachments` varchar(255) DEFAULT NULL,
  `created_at` timestamp NULL DEFAULT NULL,
  `updated_at` timestamp NULL DEFAULT NULL
) ENGINE=InnoDB DEFAULT CHARSET=utf8mb4 COLLATE=utf8mb4_unicode_ci;

-- --------------------------------------------------------

--
-- Table structure for table `members`
--

CREATE TABLE `members` (
  `id` bigint(20) UNSIGNED NOT NULL,
  `image` varchar(2048) DEFAULT NULL,
  `name` varchar(255) NOT NULL,
  `link` varchar(255) DEFAULT NULL,
  `location` varchar(255) DEFAULT NULL,
  `content` longtext DEFAULT NULL,
  `created_at` timestamp NULL DEFAULT NULL,
  `updated_at` timestamp NULL DEFAULT NULL
) ENGINE=InnoDB DEFAULT CHARSET=utf8mb4 COLLATE=utf8mb4_unicode_ci;

--
-- Dumping data for table `members`
--

INSERT INTO `members` (`id`, `image`, `name`, `link`, `location`, `content`, `created_at`, `updated_at`) VALUES
(1, 'user-64-01.jpg', 'Dominik McNeail', '#0', '🇮🇹', 'Fitness Fanatic, Design Enthusiast, Mentor, Meetup Organizer & PHP Lover.', '2025-03-10 15:27:26', '2025-03-10 15:27:26'),
(2, 'user-64-02.jpg', 'Ivan Mesaros', '#0', '🇫🇷', 'Fitness Fanatic, Design Enthusiast, Mentor, Meetup Organizer & PHP Lover.', '2025-03-10 15:27:26', '2025-03-10 15:27:26'),
(3, 'user-64-03.jpg', 'Tisha Yanchev', '#0', '🇩🇪', 'Fitness Fanatic, Design Enthusiast, Mentor, Meetup Organizer & PHP Lover.', '2025-03-10 15:27:26', '2025-03-10 15:27:26'),
(4, 'user-64-04.jpg', 'Sergio Gonnelli', '#0', '🇮🇹', 'Fitness Fanatic, Design Enthusiast, Mentor, Meetup Organizer & PHP Lover.', '2025-03-10 15:27:26', '2025-03-10 15:27:26'),
(5, 'user-64-05.jpg', 'Jerzy Wierzy', '#0', '🇪🇸', 'Fitness Fanatic, Design Enthusiast, Mentor, Meetup Organizer & PHP Lover.', '2025-03-10 15:27:26', '2025-03-10 15:27:26'),
(6, 'user-64-06.jpg', 'Mirko Grubisic', '#0', '🇩🇪', 'Fitness Fanatic, Design Enthusiast, Mentor, Meetup Organizer & PHP Lover.', '2025-03-10 15:27:26', '2025-03-10 15:27:26'),
(7, 'user-64-07.jpg', 'Alisha Acharya', '#0', '🇬🇧', 'Fitness Fanatic, Design Enthusiast, Mentor, Meetup Organizer & PHP Lover.', '2025-03-10 15:27:26', '2025-03-10 15:27:26'),
(8, 'user-64-08.jpg', 'Brian Halligan', '#0', '🇺🇸', 'Fitness Fanatic, Design Enthusiast, Mentor, Meetup Organizer & PHP Lover.', '2025-03-10 15:27:26', '2025-03-10 15:27:26'),
(9, 'user-64-09.jpg', 'Patricia Semklo', '#0', '🇮🇳', 'Fitness Fanatic, Design Enthusiast, Mentor, Meetup Organizer & PHP Lover.', '2025-03-10 15:27:26', '2025-03-10 15:27:26'),
(10, 'user-64-10.jpg', 'Maria Martinez', '#0', '🇮🇹', 'Fitness Fanatic, Design Enthusiast, Mentor, Meetup Organizer & PHP Lover.', '2025-03-10 15:27:26', '2025-03-10 15:27:26'),
(11, 'user-64-11.jpg', 'Vedad Siljak', '#0', '🇮🇹🇨🇦', 'Fitness Fanatic, Design Enthusiast, Mentor, Meetup Organizer & PHP Lover.', '2025-03-10 15:27:26', '2025-03-10 15:27:26'),
(12, 'user-64-12.jpg', 'Dominik Lamakani', '#0', '🇧🇪', 'Fitness Fanatic, Design Enthusiast, Mentor, Meetup Organizer & PHP Lover.', '2025-03-10 15:27:26', '2025-03-10 15:27:26');

-- --------------------------------------------------------

--
-- Table structure for table `messages`
--

CREATE TABLE `messages` (
  `id` bigint(20) UNSIGNED NOT NULL,
  `sender_id` bigint(20) UNSIGNED NOT NULL,
  `receiver_id` bigint(20) UNSIGNED NOT NULL,
  `body` text NOT NULL,
  `created_at` timestamp NULL DEFAULT NULL,
  `updated_at` timestamp NULL DEFAULT NULL,
  `is_read` tinyint(1) NOT NULL DEFAULT 0
) ENGINE=InnoDB DEFAULT CHARSET=utf8mb4 COLLATE=utf8mb4_unicode_ci;

-- --------------------------------------------------------

--
-- Table structure for table `migrations`
--

CREATE TABLE `migrations` (
  `id` int(10) UNSIGNED NOT NULL,
  `migration` varchar(255) NOT NULL,
  `batch` int(11) NOT NULL
) ENGINE=InnoDB DEFAULT CHARSET=utf8mb4 COLLATE=utf8mb4_unicode_ci;

--
-- Dumping data for table `migrations`
--

INSERT INTO `migrations` (`id`, `migration`, `batch`) VALUES
(1, '2012_01_30_034123_create_enrolment_batches_table', 1),
(2, '2012_12_18_041151_create_roles_table', 1),
(3, '2014_10_12_000000_create_users_table', 1),
(4, '2014_10_12_100000_create_password_reset_tokens_table', 1),
(5, '2014_10_12_200000_add_two_factor_columns_to_users_table', 1),
(6, '2019_08_19_000000_create_failed_jobs_table', 1),
(7, '2019_12_14_000001_create_personal_access_tokens_table', 1),
(8, '2022_03_23_163443_create_sessions_table', 1),
(9, '2022_05_11_154250_create_datafeeds_table', 1),
(10, '2022_07_04_131100_create_customers_table', 1),
(11, '2022_07_04_151619_create_orders_table', 1),
(12, '2022_07_06_104457_create_invoices_table', 1),
(13, '2022_07_06_132214_create_members_table', 1),
(14, '2022_07_07_125834_create_transactions_table', 1),
(15, '2022_07_07_134715_create_jobs_table', 1),
(16, '2022_07_08_143725_create_campaigns_table', 1),
(17, '2022_07_08_151254_create_marketers_table', 1),
(18, '2022_07_08_153041_create_campaign_marketer_table', 1),
(19, '2024_11_25_123640_create_medicals_table', 1),
(20, '2024_11_25_123640_create_subscriptions_table', 1),
(21, '2024_11_25_133921_create_training_objective_table', 1),
(22, '2024_12_05_051758_create_settings_table', 1),
(23, '2024_12_08_053622_create_faqs_table', 1),
(24, '2024_12_08_103031_create_sliders_table', 1),
(25, '2024_12_08_131112_create_founder_table', 1),
(26, '2024_12_09_052658_create_services_table', 1),
(27, '2024_12_09_105108_create_clients_table', 1),
(28, '2024_12_09_150245_create_about_company_table', 1),
(29, '2024_12_10_113731_create_achievements_table', 1),
(30, '2024_12_18_041307_create_permissions_table', 1),
(31, '2024_12_18_041352_create_role_permission_table', 1),
(32, '2025_01_19_170931_create_curriculum_table', 1),
(33, '2025_01_21_125717_create_course_materials_table', 1),
(35, '2025_03_18_145255_create_student_instructor_distributions_table', 2),
(37, '2025_03_19_134710_create_role_courses_table', 3),
(38, '2025_01_23_120007_create_training_schedules_table', 4),
(39, '2025_04_02_125452_create_testimonials_table', 5),
(40, '2025_04_04_152052_create_email_subscriptions_table', 6),
(41, '2025_05_27_070913_create_role_user_table', 7),
(42, '2025_05_30_225535_create_messages_table', 7),
(43, '2025_05_31_012743_add_is_read_to_messages_table', 7),
(44, '2025_06_01_192507_create_email_configs_table', 7),
(45, '2025_06_01_202934_create_payment_gateway_configs_table', 7),
(46, '2025_06_11_131008_create_forum_posts_table', 7),
(47, '2025_06_11_131047_create_forum_comments_table', 7);

-- --------------------------------------------------------

--
-- Table structure for table `orders`
--

CREATE TABLE `orders` (
  `id` bigint(20) UNSIGNED NOT NULL,
  `image` varchar(2048) DEFAULT NULL,
  `order` varchar(255) NOT NULL,
  `date` date NOT NULL,
  `customer` varchar(255) NOT NULL,
  `total` varchar(255) NOT NULL,
  `status` varchar(255) NOT NULL,
  `items` int(11) NOT NULL DEFAULT 0,
  `location` varchar(255) NOT NULL,
  `type` varchar(255) NOT NULL,
  `description` longtext NOT NULL,
  `created_at` timestamp NULL DEFAULT NULL,
  `updated_at` timestamp NULL DEFAULT NULL
) ENGINE=InnoDB DEFAULT CHARSET=utf8mb4 COLLATE=utf8mb4_unicode_ci;

--
-- Dumping data for table `orders`
--

INSERT INTO `orders` (`id`, `image`, `order`, `date`, `customer`, `total`, `status`, `items`, `location`, `type`, `description`, `created_at`, `updated_at`) VALUES
(1, 'icon-01.svg', '#123567', '2024-01-22', 'Patricia Semklo', '$129.00', 'Refunded', 1, '🇨🇳 Shanghai, CN', 'Subscription', 'Excepteur sint occaecat cupidatat non proident, sunt in culpa qui officia deserunt mollit anim id est laborum.', '2025-03-10 15:27:26', '2025-03-10 15:27:26'),
(2, 'icon-01.svg', '#779912', '2024-01-22', 'Dominik Lamakani', '$89.00', 'Approved', 2, '🇲🇽 Mexico City, MX', 'Subscription', 'Excepteur sint occaecat cupidatat non proident, sunt in culpa qui officia deserunt mollit anim id est laborum.', '2025-03-10 15:27:26', '2025-03-10 15:27:26'),
(3, 'icon-02.svg', '#889924', '2024-01-22', 'Ivan Mesaros', '$89.00', 'Approved', 2, '🇮🇹 Milan, IT', 'One-time', 'Excepteur sint occaecat cupidatat non proident, sunt in culpa qui officia deserunt mollit anim id est laborum.', '2025-03-10 15:27:26', '2025-03-10 15:27:26'),
(4, 'icon-01.svg', '#897726', '2024-01-22', 'Maria Martinez', '$59.00', 'Pending', 1, '🇮🇹 Bologna, IT', 'One-time', 'Excepteur sint occaecat cupidatat non proident, sunt in culpa qui officia deserunt mollit anim id est laborum.', '2025-03-10 15:27:26', '2025-03-10 15:27:26'),
(5, 'icon-03.svg', '#123567', '2024-01-22', 'Vicky Jung', '$39.00', 'Refunded', 1, '🇬🇧 London, UK', 'Subscription', 'Excepteur sint occaecat cupidatat non proident, sunt in culpa qui officia deserunt mollit anim id est laborum.', '2025-03-10 15:27:26', '2025-03-10 15:27:26'),
(6, 'icon-01.svg', '#896644', '2024-01-21', 'Tisho Yanchev', '$59.00', 'Approved', 1, '🇫🇷 Paris, FR', 'One-time', 'Excepteur sint occaecat cupidatat non proident, sunt in culpa qui officia deserunt mollit anim id est laborum.', '2025-03-10 15:27:26', '2025-03-10 15:27:26'),
(7, 'icon-03.svg', '#136988', '2024-01-21', 'James Cameron', '$89.00', 'Approved', 1, '🇫🇷 Marseille, FR', 'Subscription', 'Excepteur sint occaecat cupidatat non proident, sunt in culpa qui officia deserunt mollit anim id est laborum.', '2025-03-10 15:27:26', '2025-03-10 15:27:26'),
(8, 'icon-03.svg', '#442206', '2024-01-21', 'Haruki Masuno', '$129.00', 'Approved', 2, '🇺🇸 New York, USA', 'Subscription', 'Excepteur sint occaecat cupidatat non proident, sunt in culpa qui officia deserunt mollit anim id est laborum.', '2025-03-10 15:27:26', '2025-03-10 15:27:26'),
(9, 'icon-02.svg', '#764321', '2024-01-21', 'Joe Huang', '$89.00', 'Pending', 2, '🇨🇳 Shanghai, CN', 'One-time', 'Excepteur sint occaecat cupidatat non proident, sunt in culpa qui officia deserunt mollit anim id est laborum.', '2025-03-10 15:27:26', '2025-03-10 15:27:26'),
(10, 'icon-01.svg', '#908764', '2024-01-21', 'Carolyn McNeail', '$59.00', 'Refunded', 1, '🇬🇧 Sheffield, UK', 'Subscription', 'Excepteur sint occaecat cupidatat non proident, sunt in culpa qui officia deserunt mollit anim id est laborum.', '2025-03-10 15:27:26', '2025-03-10 15:27:26'),
(11, 'icon-03.svg', '#123567', '2024-01-22', 'Vicky Jung', '$39.00', 'Refunded', 1, '🇬🇧 London, UK', 'Subscription', 'Excepteur sint occaecat cupidatat non proident, sunt in culpa qui officia deserunt mollit anim id est laborum.', '2025-03-10 15:27:26', '2025-03-10 15:27:26'),
(12, 'icon-01.svg', '#896644', '2024-01-21', 'Tisho Yanchev', '$59.00', 'Approved', 1, '🇫🇷 Paris, FR', 'One-time', 'Excepteur sint occaecat cupidatat non proident, sunt in culpa qui officia deserunt mollit anim id est laborum.', '2025-03-10 15:27:26', '2025-03-10 15:27:26'),
(13, 'icon-02.svg', '#764321', '2024-01-21', 'Joe Huang', '$89.00', 'Pending', 2, '🇨🇳 Shanghai, CN', 'One-time', 'Excepteur sint occaecat cupidatat non proident, sunt in culpa qui officia deserunt mollit anim id est laborum.', '2025-03-10 15:27:26', '2025-03-10 15:27:26');

-- --------------------------------------------------------

--
-- Table structure for table `password_reset_tokens`
--

CREATE TABLE `password_reset_tokens` (
  `email` varchar(255) NOT NULL,
  `token` varchar(255) NOT NULL,
  `created_at` timestamp NULL DEFAULT NULL
) ENGINE=InnoDB DEFAULT CHARSET=utf8mb4 COLLATE=utf8mb4_unicode_ci;

-- --------------------------------------------------------

--
-- Table structure for table `payment_gateway_configs`
--

CREATE TABLE `payment_gateway_configs` (
  `id` bigint(20) UNSIGNED NOT NULL,
  `name` varchar(255) NOT NULL,
  `public_key` varchar(255) DEFAULT NULL,
  `secret_key` text DEFAULT NULL,
  `merchant_email` varchar(255) DEFAULT NULL,
  `sandbox` tinyint(1) NOT NULL DEFAULT 1,
  `is_active` tinyint(1) NOT NULL DEFAULT 0,
  `created_at` timestamp NULL DEFAULT NULL,
  `updated_at` timestamp NULL DEFAULT NULL
) ENGINE=InnoDB DEFAULT CHARSET=utf8mb4 COLLATE=utf8mb4_unicode_ci;

--
-- Dumping data for table `payment_gateway_configs`
--

INSERT INTO `payment_gateway_configs` (`id`, `name`, `public_key`, `secret_key`, `merchant_email`, `sandbox`, `is_active`, `created_at`, `updated_at`) VALUES
(1, 'Paystack', 'pk_test_bc6584c6ff611cc2d594ba74ea5f81c5c29c1b2c', 'eyJpdiI6InFic3RPcjNOVklHeEdsOTB1SmFWeGc9PSIsInZhbHVlIjoiWUhiL0lUc2FkRFFvY3FacnBhTlJUWjBiVHNJWkF4cm94UWo0T1YvVDg4ejZKempWUjQ0T0x3MG8zNzRxVTNLUkw0M3NrY0pFNUdZQUpDSE1PSVFFcHc9PSIsIm1hYyI6ImNkYjI5NWVmYmNhMThmNGM3MzZkMWNiYWRiYjY2NjkwM2U4NGNmZGU0MDM3MDQzNDg3MGQyMzFjYTg4NTNjZjgiLCJ0YWciOiIifQ==', 'delwathon@gmail.com', 1, 1, '2025-06-02 16:08:07', '2025-06-11 11:02:50'),
(2, 'Flutterwave', NULL, NULL, NULL, 1, 0, '2025-06-02 16:08:07', '2025-06-02 16:08:07'),
(3, 'Autocredit', NULL, NULL, NULL, 1, 0, '2025-06-02 16:08:07', '2025-06-02 16:08:07');

-- --------------------------------------------------------

--
-- Table structure for table `permissions`
--

CREATE TABLE `permissions` (
  `id` bigint(20) UNSIGNED NOT NULL,
  `name` varchar(255) NOT NULL,
  `created_at` timestamp NULL DEFAULT NULL,
  `updated_at` timestamp NULL DEFAULT NULL
) ENGINE=InnoDB DEFAULT CHARSET=utf8mb4 COLLATE=utf8mb4_unicode_ci;

--
-- Dumping data for table `permissions`
--

INSERT INTO `permissions` (`id`, `name`, `created_at`, `updated_at`) VALUES
(1, 'read_calendar', '2025-06-02 16:08:06', '2025-06-02 16:08:06'),
(2, 'read_chats', '2025-06-02 16:08:06', '2025-06-02 16:08:06'),
(3, 'read_course_management', '2025-06-02 16:08:06', '2025-06-02 16:08:06'),
(4, 'update_course_management', '2025-06-02 16:08:06', '2025-06-02 16:08:06'),
(5, 'create_forum', '2025-06-02 16:08:06', '2025-06-02 16:08:06'),
(6, 'delete_forum', '2025-06-02 16:08:06', '2025-06-02 16:08:06'),
(7, 'read_forum', '2025-06-02 16:08:06', '2025-06-02 16:08:06'),
(8, 'update_forum', '2025-06-02 16:08:06', '2025-06-02 16:08:06'),
(9, 'create_instructors', '2025-06-02 16:08:06', '2025-06-02 16:08:06'),
(10, 'delete_instructors', '2025-06-02 16:08:06', '2025-06-02 16:08:06'),
(11, 'read_instructors', '2025-06-02 16:08:06', '2025-06-02 16:08:06'),
(12, 'update_instructors', '2025-06-02 16:08:06', '2025-06-02 16:08:06'),
(13, 'read_dashboard_instructor_card', '2025-06-02 16:08:06', '2025-06-02 16:08:06'),
(14, 'read_dashboard_revenue_card', '2025-06-02 16:08:06', '2025-06-02 16:08:06'),
(15, 'read_dashboard_user_card', '2025-06-02 16:08:06', '2025-06-02 16:08:06'),
(16, 'read_management_navigation', '2025-06-02 16:08:06', '2025-06-02 16:08:06'),
(17, 'create_newsletter', '2025-06-02 16:08:06', '2025-06-02 16:08:06'),
(18, 'read_newsletter', '2025-06-02 16:08:06', '2025-06-02 16:08:06'),
(19, 'update_email_configuration', '2025-06-02 16:08:06', '2025-06-02 16:08:06'),
(20, 'update_payment_configuration', '2025-06-02 16:08:06', '2025-06-02 16:08:06'),
(21, 'create_payments', '2025-06-02 16:08:06', '2025-06-02 16:08:06'),
(22, 'read_payments', '2025-06-02 16:08:06', '2025-06-02 16:08:06'),
(23, 'read_roles_and_permissions', '2025-06-02 16:08:06', '2025-06-02 16:08:06'),
(24, 'create_roles_and_permissions', '2025-06-02 16:08:06', '2025-06-02 16:08:06'),
(25, 'delete_roles_and_permissions', '2025-06-02 16:08:06', '2025-06-02 16:08:06'),
(26, 'update_roles_and_permissions', '2025-06-02 16:08:06', '2025-06-02 16:08:06'),
(27, 'update_role_course_permission', '2025-06-02 16:08:06', '2025-06-02 16:08:06'),
(28, 'read_student_accounts', '2025-06-02 16:08:06', '2025-06-02 16:08:06'),
(29, 'create_testimonials', '2025-06-02 16:08:06', '2025-06-02 16:08:06'),
(30, 'delete_testimonials', '2025-06-02 16:08:06', '2025-06-02 16:08:06'),
(31, 'read_testimonials', '2025-06-02 16:08:06', '2025-06-02 16:08:06'),
(32, 'update_testimonials', '2025-06-02 16:08:06', '2025-06-02 16:08:06'),
(33, 'read_training_schedule', '2025-06-02 16:08:06', '2025-06-02 16:08:06'),
(34, 'create_training_schedule', '2025-06-02 16:08:06', '2025-06-02 16:08:06'),
(35, 'delete_training_schedule', '2025-06-02 16:08:06', '2025-06-02 16:08:06'),
(36, 'update_suspend_user_account', '2025-06-02 16:08:06', '2025-06-02 16:08:06'),
(37, 'read_suspend_user_account', '2025-06-02 16:08:06', '2025-06-02 16:08:06'),
(38, 'update_verify_user_account', '2025-06-02 16:08:06', '2025-06-02 16:08:06'),
(39, 'update_website_management', '2025-06-02 16:08:06', '2025-06-02 16:08:06');

-- --------------------------------------------------------

--
-- Table structure for table `personal_access_tokens`
--

CREATE TABLE `personal_access_tokens` (
  `id` bigint(20) UNSIGNED NOT NULL,
  `tokenable_type` varchar(255) NOT NULL,
  `tokenable_id` bigint(20) UNSIGNED NOT NULL,
  `name` varchar(255) NOT NULL,
  `token` varchar(64) NOT NULL,
  `abilities` text DEFAULT NULL,
  `last_used_at` timestamp NULL DEFAULT NULL,
  `expires_at` timestamp NULL DEFAULT NULL,
  `created_at` timestamp NULL DEFAULT NULL,
  `updated_at` timestamp NULL DEFAULT NULL
) ENGINE=InnoDB DEFAULT CHARSET=utf8mb4 COLLATE=utf8mb4_unicode_ci;

-- --------------------------------------------------------

--
-- Table structure for table `roles`
--

CREATE TABLE `roles` (
  `id` bigint(20) UNSIGNED NOT NULL,
  `role_name` varchar(255) NOT NULL,
  `role_description` varchar(255) DEFAULT NULL,
  `created_at` timestamp NULL DEFAULT NULL,
  `updated_at` timestamp NULL DEFAULT NULL
) ENGINE=InnoDB DEFAULT CHARSET=utf8mb4 COLLATE=utf8mb4_unicode_ci;

--
-- Dumping data for table `roles`
--

INSERT INTO `roles` (`id`, `role_name`, `role_description`, `created_at`, `updated_at`) VALUES
(1, 'SuperAdmin', NULL, '2025-03-10 15:27:27', '2025-03-10 15:27:27'),
(2, 'IT Consultant', NULL, '2025-03-10 15:27:27', '2025-03-10 15:27:27'),
(3, 'Lead Instructor', NULL, '2025-03-10 15:27:27', '2025-03-10 15:27:27'),
(4, 'Admin', NULL, '2025-03-10 15:27:27', '2025-03-10 15:27:27'),
(5, 'MV Instructor', NULL, '2025-03-10 15:27:27', '2025-03-10 15:27:27'),
(6, 'CMV Instructor', NULL, '2025-03-10 15:27:27', '2025-03-10 15:27:27'),
(7, 'Forklift Instructor', NULL, '2025-03-10 15:27:27', '2025-03-10 15:27:27'),
(8, 'Defensive Driving Instructor', NULL, '2025-03-10 15:27:27', '2025-03-10 15:27:27'),
(9, 'Safety & Compliance Instructor', NULL, '2025-03-10 15:27:27', '2025-03-10 15:27:27'),
(10, 'Student', NULL, '2025-03-10 15:27:27', '2025-03-10 15:27:27'),
(14, 'Hazmat Instructor', NULL, '2025-04-08 21:07:03', '2025-04-08 21:07:03');

-- --------------------------------------------------------

--
-- Table structure for table `role_courses`
--

CREATE TABLE `role_courses` (
  `id` bigint(20) UNSIGNED NOT NULL,
  `role_id` bigint(20) UNSIGNED NOT NULL,
  `course_id` bigint(20) UNSIGNED NOT NULL,
  `created_at` timestamp NULL DEFAULT NULL,
  `updated_at` timestamp NULL DEFAULT NULL
) ENGINE=InnoDB DEFAULT CHARSET=utf8mb4 COLLATE=utf8mb4_unicode_ci;

--
-- Dumping data for table `role_courses`
--

INSERT INTO `role_courses` (`id`, `role_id`, `course_id`, `created_at`, `updated_at`) VALUES
(4, 6, 1, '2025-04-04 20:36:53', '2025-04-04 20:36:53'),
(5, 6, 3, '2025-04-04 20:36:54', '2025-04-04 20:36:54'),
(6, 8, 1, '2025-04-04 20:37:05', '2025-04-04 20:37:05'),
(7, 8, 3, '2025-04-04 20:37:08', '2025-04-04 20:37:08'),
(8, 8, 4, '2025-04-04 20:37:09', '2025-04-04 20:37:09'),
(9, 7, 2, '2025-04-04 20:37:23', '2025-04-04 20:37:23'),
(10, 3, 1, '2025-04-04 20:37:36', '2025-04-04 20:37:36'),
(11, 3, 2, '2025-04-04 20:37:37', '2025-04-04 20:37:37'),
(12, 3, 3, '2025-04-04 20:37:38', '2025-04-04 20:37:38'),
(13, 3, 4, '2025-04-04 20:37:39', '2025-04-04 20:37:39'),
(14, 5, 4, '2025-04-04 20:37:55', '2025-04-04 20:37:55'),
(15, 9, 1, '2025-04-04 20:38:09', '2025-04-04 20:38:09'),
(16, 9, 3, '2025-04-04 20:38:10', '2025-04-04 20:38:10'),
(17, 9, 4, '2025-04-04 20:38:11', '2025-04-04 20:38:11'),
(18, 14, 1, '2025-04-08 21:08:33', '2025-04-08 21:08:33'),
(19, 6, 4, '2025-04-08 21:12:28', '2025-04-08 21:12:28'),
(20, 8, 2, '2025-04-08 21:13:13', '2025-04-08 21:13:13'),
(21, 14, 2, '2025-04-08 21:14:29', '2025-04-08 21:14:29'),
(22, 9, 2, '2025-04-08 21:16:53', '2025-04-08 21:16:53'),
(23, 1, 1, '2025-08-11 16:15:53', '2025-08-11 16:15:53'),
(24, 1, 2, '2025-08-11 16:15:55', '2025-08-11 16:15:55'),
(25, 1, 3, '2025-08-11 16:15:56', '2025-08-11 16:15:56'),
(26, 1, 4, '2025-08-11 16:15:56', '2025-08-11 16:15:56');

-- --------------------------------------------------------

--
-- Table structure for table `role_permission`
--

CREATE TABLE `role_permission` (
  `id` bigint(20) UNSIGNED NOT NULL,
  `role_id` bigint(20) UNSIGNED NOT NULL,
  `permission_id` bigint(20) UNSIGNED NOT NULL,
  `created_at` timestamp NULL DEFAULT NULL,
  `updated_at` timestamp NULL DEFAULT NULL
) ENGINE=InnoDB DEFAULT CHARSET=utf8mb4 COLLATE=utf8mb4_unicode_ci;

--
-- Dumping data for table `role_permission`
--

INSERT INTO `role_permission` (`id`, `role_id`, `permission_id`, `created_at`, `updated_at`) VALUES
(1, 1, 2, '2025-08-11 16:12:39', '2025-08-11 16:12:39'),
(2, 1, 1, '2025-08-11 16:12:40', '2025-08-11 16:12:40'),
(3, 1, 3, '2025-08-11 16:12:41', '2025-08-11 16:12:41'),
(4, 1, 4, '2025-08-11 16:13:56', '2025-08-11 16:13:56'),
(5, 1, 13, '2025-08-11 16:13:58', '2025-08-11 16:13:58'),
(6, 1, 14, '2025-08-11 16:13:59', '2025-08-11 16:13:59'),
(7, 1, 15, '2025-08-11 16:14:00', '2025-08-11 16:14:00'),
(8, 1, 19, '2025-08-11 16:14:01', '2025-08-11 16:14:01'),
(9, 1, 5, '2025-08-11 16:14:02', '2025-08-11 16:14:02'),
(10, 1, 7, '2025-08-11 16:14:03', '2025-08-11 16:14:03'),
(11, 1, 8, '2025-08-11 16:14:06', '2025-08-11 16:14:06'),
(12, 1, 6, '2025-08-11 16:14:07', '2025-08-11 16:14:07'),
(13, 1, 10, '2025-08-11 16:14:08', '2025-08-11 16:14:08'),
(14, 1, 12, '2025-08-11 16:14:10', '2025-08-11 16:14:10'),
(15, 1, 11, '2025-08-11 16:14:11', '2025-08-11 16:14:11'),
(16, 1, 9, '2025-08-11 16:14:12', '2025-08-11 16:14:12'),
(17, 1, 16, '2025-08-11 16:14:14', '2025-08-11 16:14:14'),
(18, 1, 17, '2025-08-11 16:14:26', '2025-08-11 16:14:26'),
(19, 1, 18, '2025-08-11 16:14:28', '2025-08-11 16:14:28'),
(20, 1, 20, '2025-08-11 16:14:30', '2025-08-11 16:14:30'),
(21, 1, 22, '2025-08-11 16:14:33', '2025-08-11 16:14:33'),
(22, 1, 21, '2025-08-11 16:14:34', '2025-08-11 16:14:34'),
(23, 1, 27, '2025-08-11 16:14:37', '2025-08-11 16:14:37'),
(24, 1, 24, '2025-08-11 16:14:39', '2025-08-11 16:14:39'),
(25, 1, 23, '2025-08-11 16:14:40', '2025-08-11 16:14:40'),
(26, 1, 26, '2025-08-11 16:14:42', '2025-08-11 16:14:42'),
(27, 1, 25, '2025-08-11 16:14:43', '2025-08-11 16:14:43'),
(28, 1, 28, '2025-08-11 16:14:45', '2025-08-11 16:14:45'),
(29, 1, 37, '2025-08-11 16:14:46', '2025-08-11 16:14:46'),
(30, 1, 36, '2025-08-11 16:14:48', '2025-08-11 16:14:48'),
(31, 1, 29, '2025-08-11 16:15:25', '2025-08-11 16:15:25'),
(32, 1, 31, '2025-08-11 16:15:26', '2025-08-11 16:15:26'),
(33, 1, 32, '2025-08-11 16:15:28', '2025-08-11 16:15:28'),
(34, 1, 30, '2025-08-11 16:15:29', '2025-08-11 16:15:29'),
(35, 1, 35, '2025-08-11 16:15:30', '2025-08-11 16:15:30'),
(36, 1, 33, '2025-08-11 16:15:32', '2025-08-11 16:15:32'),
(37, 1, 34, '2025-08-11 16:15:33', '2025-08-11 16:15:33'),
(38, 1, 38, '2025-08-11 16:15:35', '2025-08-11 16:15:35'),
(39, 1, 39, '2025-08-11 16:15:37', '2025-08-11 16:15:37'),
(40, 2, 1, '2025-08-11 16:17:46', '2025-08-11 16:17:46'),
(41, 2, 2, '2025-08-11 16:17:47', '2025-08-11 16:17:47'),
(42, 2, 3, '2025-08-11 16:17:48', '2025-08-11 16:17:48'),
(43, 2, 4, '2025-08-11 16:17:49', '2025-08-11 16:17:49'),
(44, 2, 13, '2025-08-11 16:17:50', '2025-08-11 16:17:50'),
(45, 2, 14, '2025-08-11 16:17:51', '2025-08-11 16:17:51'),
(46, 2, 15, '2025-08-11 16:17:52', '2025-08-11 16:17:52'),
(47, 2, 19, '2025-08-11 16:17:54', '2025-08-11 16:17:54'),
(48, 2, 5, '2025-08-11 16:17:56', '2025-08-11 16:17:56'),
(49, 2, 7, '2025-08-11 16:17:57', '2025-08-11 16:17:57'),
(50, 2, 8, '2025-08-11 16:17:59', '2025-08-11 16:17:59'),
(51, 2, 6, '2025-08-11 16:18:00', '2025-08-11 16:18:00'),
(52, 2, 10, '2025-08-11 16:18:01', '2025-08-11 16:18:01'),
(53, 2, 12, '2025-08-11 16:18:02', '2025-08-11 16:18:02'),
(54, 2, 11, '2025-08-11 16:18:04', '2025-08-11 16:18:04'),
(55, 2, 9, '2025-08-11 16:18:05', '2025-08-11 16:18:05'),
(56, 2, 16, '2025-08-11 16:18:06', '2025-08-11 16:18:06'),
(57, 2, 18, '2025-08-11 16:18:07', '2025-08-11 16:18:07'),
(58, 2, 17, '2025-08-11 16:18:08', '2025-08-11 16:18:08'),
(59, 2, 20, '2025-08-11 16:18:10', '2025-08-11 16:18:10'),
(60, 2, 22, '2025-08-11 16:18:15', '2025-08-11 16:18:15'),
(61, 2, 21, '2025-08-11 16:18:17', '2025-08-11 16:18:17'),
(62, 2, 27, '2025-08-11 16:18:19', '2025-08-11 16:18:19'),
(63, 2, 24, '2025-08-11 16:18:21', '2025-08-11 16:18:21'),
(64, 2, 23, '2025-08-11 16:18:22', '2025-08-11 16:18:22'),
(65, 2, 26, '2025-08-11 16:18:24', '2025-08-11 16:18:24'),
(66, 2, 25, '2025-08-11 16:18:25', '2025-08-11 16:18:25'),
(67, 2, 28, '2025-08-11 16:18:26', '2025-08-11 16:18:26'),
(68, 2, 37, '2025-08-11 16:18:28', '2025-08-11 16:18:28'),
(69, 2, 36, '2025-08-11 16:18:29', '2025-08-11 16:18:29'),
(70, 2, 30, '2025-08-11 16:18:30', '2025-08-11 16:18:30'),
(71, 2, 32, '2025-08-11 16:18:31', '2025-08-11 16:18:31'),
(72, 2, 31, '2025-08-11 16:18:32', '2025-08-11 16:18:32'),
(73, 2, 29, '2025-08-11 16:18:33', '2025-08-11 16:18:33'),
(74, 2, 34, '2025-08-11 16:18:34', '2025-08-11 16:18:34'),
(75, 2, 33, '2025-08-11 16:18:44', '2025-08-11 16:18:44'),
(76, 2, 38, '2025-08-11 16:18:45', '2025-08-11 16:18:45'),
(77, 2, 39, '2025-08-11 16:18:46', '2025-08-11 16:18:46'),
(78, 2, 35, '2025-08-11 16:18:47', '2025-08-11 16:18:47');

-- --------------------------------------------------------

--
-- Table structure for table `role_user`
--

CREATE TABLE `role_user` (
  `id` bigint(20) UNSIGNED NOT NULL,
  `user_id` bigint(20) UNSIGNED NOT NULL,
  `role_id` bigint(20) UNSIGNED NOT NULL,
  `created_at` timestamp NULL DEFAULT NULL,
  `updated_at` timestamp NULL DEFAULT NULL
) ENGINE=InnoDB DEFAULT CHARSET=utf8mb4 COLLATE=utf8mb4_unicode_ci;

--
-- Dumping data for table `role_user`
--

INSERT INTO `role_user` (`id`, `user_id`, `role_id`, `created_at`, `updated_at`) VALUES
(1, 1, 1, NULL, NULL),
(2, 2, 2, NULL, NULL),
(3, 3, 4, NULL, NULL),
(4, 4, 4, NULL, NULL),
(5, 5, 5, NULL, NULL),
(6, 6, 9, NULL, NULL),
(7, 7, 6, NULL, NULL);

-- --------------------------------------------------------

--
-- Table structure for table `services`
--

CREATE TABLE `services` (
  `id` bigint(20) UNSIGNED NOT NULL,
  `service_name` varchar(255) NOT NULL,
  `service_description` varchar(255) NOT NULL,
  `service_picture` varchar(255) NOT NULL,
  `created_at` timestamp NULL DEFAULT NULL,
  `updated_at` timestamp NULL DEFAULT NULL
) ENGINE=InnoDB DEFAULT CHARSET=utf8mb4 COLLATE=utf8mb4_unicode_ci;

--
-- Dumping data for table `services`
--

INSERT INTO `services` (`id`, `service_name`, `service_description`, `service_picture`, `created_at`, `updated_at`) VALUES
(3, 'CDL Training', 'Class A trains for bigrigs; Class B covers dump trucks, delivery vehicles, and commercial buses.', 'custom-services/uw3diFhbAA2RoewYbhdReu27diLkIjTb40pKNHlr.png', '2025-04-06 15:39:07', '2025-04-08 19:40:39'),
(4, 'Forklift Operator Training', 'Programs offering certification in operating warehouse and industrial equipment safely and efficiently.', 'custom-services/Zx82fQpj8ZPIxvttJdtc9567x7tX08S2w5hNaFPU.png', '2025-04-06 15:40:54', '2025-04-08 19:47:52'),
(5, 'School Bus & BRT Training', 'Training designed for individuals planning to operate school buses or Bus Rapid Transit vehicles safely.', 'custom-services/d7OcHdvA6ZCngGWmsCtLHgUfg9fZ3sI1MQE9f4Xs.png', '2025-04-06 15:42:28', '2025-04-08 19:43:07'),
(6, 'Defensive Driving Courses', 'Teaching advanced driving techniques focused on safety, accident prevention, and handling emergencies.', 'custom-services/0g8JQ7VrGBVemhw6tGza4AeZy67jgoW5iaTegJGV.png', '2025-04-06 15:43:59', '2025-04-06 15:43:59'),
(7, 'Refresher Courses', 'For drivers who already have a CDL but want to refresh their skills or get updated on new laws/regulations.', 'custom-services/TwnmTnk5xLYhha1ygNa6qGAW4wPap0AIy5Ifs80Y.png', '2025-04-06 15:44:54', '2025-04-06 15:44:54'),
(8, 'Vehicle Inspection & Road Test Preparation', 'Pre-trip inspection training with mock tests and hands-on CDL road test practice.', 'custom-services/9bfBWNtMvQ2izBNAFYFJ3ctHXFTZLjOpJ2PMqUz2.png', '2025-04-06 15:46:15', '2025-04-08 19:50:42'),
(9, 'Regular/Private Vehicle Driving Lessons', 'Designed for individuals seeking basic car driving lessons or driver’s license preparation support.', 'custom-services/5w4ifV79RknkVKR3ICGjYbSXePflabK3dgMoRNDJ.png', '2025-04-06 15:57:06', '2025-04-08 19:52:58'),
(10, 'Corporate Training Programs', 'Customized programs for companies needing to certify or upskill their fleet drivers.', 'custom-services/OLS6GHF5CR5Z9wol5TnalgX8nbaK9KZ2F1k1nFlr.png', '2025-04-06 15:58:33', '2025-04-06 15:58:33'),
(11, 'Job Placement Assistance', 'Helping graduates connect with trucking companies or logistics firms looking to hire qualified drivers.', 'custom-services/r8BrsT5pZvZBPSIGQiYTXCnRnVxJwlzHKNKDGFMy.png', '2025-04-06 15:59:57', '2025-04-06 15:59:57'),
(12, 'Licensing Assistance', 'Assistance with scheduling and completing the DMV/FRSC written and driving tests.', 'custom-services/pQvwE192qtROhqCVvvJJp1qmUkGRz8hK1k6g0QlI.png', '2025-04-06 16:01:47', '2025-04-06 16:01:47'),
(13, 'Heavy Equipment Operation Training', 'Training to operate cranes, bulldozers, or other construction and heavy-duty equipment.', 'custom-services/yHpKBjQ88W90Ru6cDAXkfzKAP8Ty8yYzZ5OIPjUZ.png', '2025-04-06 16:02:52', '2025-04-06 16:02:52');

-- --------------------------------------------------------

--
-- Table structure for table `sessions`
--

CREATE TABLE `sessions` (
  `id` varchar(255) NOT NULL,
  `user_id` bigint(20) UNSIGNED DEFAULT NULL,
  `ip_address` varchar(45) DEFAULT NULL,
  `user_agent` text DEFAULT NULL,
  `payload` text NOT NULL,
  `last_activity` int(11) NOT NULL
) ENGINE=InnoDB DEFAULT CHARSET=utf8mb4 COLLATE=utf8mb4_unicode_ci;

--
-- Dumping data for table `sessions`
--

INSERT INTO `sessions` (`id`, `user_id`, `ip_address`, `user_agent`, `payload`, `last_activity`) VALUES
('yLThkUTZ8shk1XoUCSFvlwoqLk2zQmKCbhRBabRP', 1, '127.0.0.1', 'Mozilla/5.0 (Windows NT 10.0; Win64; x64) AppleWebKit/537.36 (KHTML, like Gecko) Chrome/138.0.0.0 Safari/537.36', 'YTo1OntzOjY6Il90b2tlbiI7czo0MDoiRWNDbmxxNjdCQ2w5aXBYbVFSVlp3RjM2NUZyQUExTTZqSkpCcVVPNyI7czozOiJ1cmwiO2E6MTp7czo4OiJpbnRlbmRlZCI7czozMzoiaHR0cDovLzEyNy4wLjAuMTo4MDAwL2luc3RydWN0b3JzIjt9czo5OiJfcHJldmlvdXMiO2E6MTp7czozOiJ1cmwiO3M6Mzg6Imh0dHA6Ly8xMjcuMC4wLjE6ODAwMC9jb3Vyc2UvZGV0YWlscy8xIjt9czo2OiJfZmxhc2giO2E6Mjp7czozOiJvbGQiO2E6MDp7fXM6MzoibmV3IjthOjA6e319czo1MDoibG9naW5fd2ViXzU5YmEzNmFkZGMyYjJmOTQwMTU4MGYwMTRjN2Y1OGVhNGUzMDk4OWQiO2k6MTt9', 1754934412);

-- --------------------------------------------------------

--
-- Table structure for table `settings`
--

CREATE TABLE `settings` (
  `id` bigint(20) UNSIGNED NOT NULL,
  `site_name` varchar(255) NOT NULL,
  `site_tagline` varchar(255) DEFAULT NULL,
  `commence_year` year(4) NOT NULL,
  `site_description` text NOT NULL,
  `site_keywords` text NOT NULL,
  `headquarters` text NOT NULL,
  `business_email` varchar(255) NOT NULL,
  `secondary_email` varchar(255) DEFAULT NULL,
  `business_contact` varchar(255) NOT NULL,
  `secondary_contact` varchar(255) DEFAULT NULL,
  `whatsapp_support` varchar(255) DEFAULT NULL,
  `telegram_support` varchar(255) DEFAULT NULL,
  `dark_theme_logo` varchar(255) DEFAULT NULL,
  `light_theme_logo` varchar(255) DEFAULT NULL,
  `favicon` varchar(255) DEFAULT NULL,
  `facebook_handle` varchar(255) DEFAULT NULL,
  `twitter_handle` varchar(255) DEFAULT NULL,
  `instagram_handle` varchar(255) DEFAULT NULL,
  `youtube_handle` varchar(255) DEFAULT NULL,
  `tiktok_handle` varchar(255) DEFAULT NULL,
  `linkedin_handle` varchar(255) DEFAULT NULL,
  `show_whatsapp_support` tinyint(1) NOT NULL DEFAULT 0,
  `show_telegram_support` tinyint(1) NOT NULL DEFAULT 0,
  `show_preloader` tinyint(1) NOT NULL DEFAULT 0,
  `preferred_landing_page` int(11) NOT NULL DEFAULT 1,
  `created_at` timestamp NULL DEFAULT NULL,
  `updated_at` timestamp NULL DEFAULT NULL
) ENGINE=InnoDB DEFAULT CHARSET=utf8mb4 COLLATE=utf8mb4_unicode_ci;

--
-- Dumping data for table `settings`
--

INSERT INTO `settings` (`id`, `site_name`, `site_tagline`, `commence_year`, `site_description`, `site_keywords`, `headquarters`, `business_email`, `secondary_email`, `business_contact`, `secondary_contact`, `whatsapp_support`, `telegram_support`, `dark_theme_logo`, `light_theme_logo`, `favicon`, `facebook_handle`, `twitter_handle`, `instagram_handle`, `youtube_handle`, `tiktok_handle`, `linkedin_handle`, `show_whatsapp_support`, `show_telegram_support`, `show_preloader`, `preferred_landing_page`, `created_at`, `updated_at`) VALUES
(1, 'BigRig International Truck Driving School', NULL, '2024', 'Kickstart your career with confidence at BigRig International Truck Driving School! We specialize in professional CDL training designed to equip aspiring truck drivers with the skills, knowledge, and hands-on experience needed to excel in the transportation industry. Whether you\'re a beginner or looking to enhance your driving expertise, our certified instructors and modern fleet ensure a top-tier learning environment. Join us to navigate the road to success and drive your future forward!', 'Truck driving school, CDL training, Commercial driver’s license, Professional truck driver training, CDL certification, Class A CDL training, Trucking career, CDL test preparation, Hands-on truck driving experience, Transportation industry training, Big rig driving school, International truck driving training, CDL license school, Start a trucking career, Truck driver education', 'No 6, Blue Gate Estate, Opposite Liberty Stadium, Ring Road, Ibadan, Oyo State.', 'info@bigrigdrivingschool.ng', NULL, '+1 (210) 422-3150', NULL, '+1 (210) 422-3150', NULL, 'logo/rAaWpcHKRoUhPojPRMC92hdk17CD7PArJrNavTqn.png', 'logo/rmL4Uh0lvxz7mz3vh9XQ5QjYqelrb9ZgQKy6Yvay.png', 'logo/wkf3mzYjeo7PMRLCKxTOs7Vy93acsdcvaxhE0FwV.ico', NULL, NULL, 'https://www.instagram.com/bigrig_truckdrivingschool/', NULL, NULL, NULL, 1, 0, 0, 2, '2025-03-10 15:27:27', '2025-04-08 21:54:51');

-- --------------------------------------------------------

--
-- Table structure for table `sliders`
--

CREATE TABLE `sliders` (
  `id` bigint(20) UNSIGNED NOT NULL,
  `title` varchar(255) NOT NULL,
  `text` text NOT NULL,
  `button_name` varchar(255) DEFAULT NULL,
  `button_url` varchar(255) DEFAULT NULL,
  `image_url` varchar(255) NOT NULL,
  `image_url_2` varchar(255) NOT NULL,
  `created_at` timestamp NULL DEFAULT NULL,
  `updated_at` timestamp NULL DEFAULT NULL
) ENGINE=InnoDB DEFAULT CHARSET=utf8mb4 COLLATE=utf8mb4_unicode_ci;

--
-- Dumping data for table `sliders`
--

INSERT INTO `sliders` (`id`, `title`, `text`, `button_name`, `button_url`, `image_url`, `image_url_2`, `created_at`, `updated_at`) VALUES
(3, 'Shift Gears Toward a Better Future.', 'Join our dedicated team and get hand-on experience with truck, forklift, school bus and regular vehicles.', 'Already A Member?', '/login', 'sliders/71NMebEk88TInneucsN8ekvkFgmQQ8E5E8b8iSUK.png', 'sliders/4kKlbwwEcVSPt45zmibeHJ0DBo9dXgs6CfTmouDO.png', '2025-03-26 19:15:18', '2025-04-04 15:05:53'),
(8, 'Shift Gears Toward a Better Future.', 'Join our dedicated team and get hand-on experience with truck, forklift, school bus and regular vehicles.', NULL, NULL, 'sliders/kGLpo0mj0p8iXd0lILtvbRSKGyAgWIBFy0RFXlUZ.png', 'sliders/eC1hkRWuhZmYSuLNUekNhSs4SB0HF170rFgWP1Dn.jpg', '2025-04-05 18:43:12', '2025-04-06 02:20:06'),
(9, 'Kickstart Your Trucking Career Today!', 'Ready for a high-paying, in-demand career? Become a Professional Truck Driver and hit the open road with confidence! Get top-notch training, great benefits, and job security.', NULL, NULL, 'sliders/ARiAIChGAi0PhMDEUsCQ4WoLcBFbV3rchnDZk0nF.png', 'sliders/4HFFdGeV2R3V6KWswyD79L92UZttpWV3ExO7hHeV.jpg', '2025-04-05 18:45:36', '2025-04-06 13:58:32'),
(10, 'Shift Gears Toward a Better Future.', 'Join our dedicated team and get hand-on experience with truck, forklift, school bus and regular vehicles.', NULL, NULL, 'sliders/RB4iA4bBIsN1XvvLWMwLff83XIOBZuJDezEc3iFr.png', 'sliders/d5JXD2xMDIs7qzrN7B0u6E8IaJ0jOFROwqTKWkPo.jpg', '2025-04-05 18:51:07', '2025-04-06 13:59:32');

-- --------------------------------------------------------

--
-- Table structure for table `student_instructor_distributions`
--

CREATE TABLE `student_instructor_distributions` (
  `id` bigint(20) UNSIGNED NOT NULL,
  `enrolment_batch_id` bigint(20) UNSIGNED NOT NULL,
  `student_id` bigint(20) UNSIGNED NOT NULL,
  `instructor_id` bigint(20) UNSIGNED NOT NULL,
  `course_id` bigint(20) UNSIGNED NOT NULL,
  `created_at` timestamp NULL DEFAULT NULL,
  `updated_at` timestamp NULL DEFAULT NULL
) ENGINE=InnoDB DEFAULT CHARSET=utf8mb4 COLLATE=utf8mb4_unicode_ci;

-- --------------------------------------------------------

--
-- Table structure for table `subscriptions`
--

CREATE TABLE `subscriptions` (
  `id` bigint(20) UNSIGNED NOT NULL,
  `user_id` bigint(20) UNSIGNED NOT NULL,
  `payment_reference` varchar(255) DEFAULT NULL,
  `objectives` longtext CHARACTER SET utf8mb4 COLLATE utf8mb4_bin NOT NULL CHECK (json_valid(`objectives`)),
  `subtotal` decimal(10,2) NOT NULL DEFAULT 0.00,
  `tax` decimal(10,2) NOT NULL DEFAULT 0.00,
  `total_amount` decimal(10,2) NOT NULL DEFAULT 0.00,
  `payment_status` enum('pending','completed','failed') NOT NULL DEFAULT 'pending',
  `payment_method` varchar(255) DEFAULT NULL,
  `created_at` timestamp NULL DEFAULT NULL,
  `updated_at` timestamp NULL DEFAULT NULL
) ENGINE=InnoDB DEFAULT CHARSET=utf8mb4 COLLATE=utf8mb4_unicode_ci;

-- --------------------------------------------------------

--
-- Table structure for table `testimonials`
--

CREATE TABLE `testimonials` (
  `id` bigint(20) UNSIGNED NOT NULL,
  `full_name` varchar(255) NOT NULL,
  `testimony` text NOT NULL,
  `rating` int(11) NOT NULL DEFAULT 5,
  `image_url` varchar(2048) DEFAULT NULL,
  `website_visibility` tinyint(1) NOT NULL DEFAULT 0,
  `created_at` timestamp NULL DEFAULT NULL,
  `updated_at` timestamp NULL DEFAULT NULL
) ENGINE=InnoDB DEFAULT CHARSET=utf8mb4 COLLATE=utf8mb4_unicode_ci;

--
-- Dumping data for table `testimonials`
--

INSERT INTO `testimonials` (`id`, `full_name`, `testimony`, `rating`, `image_url`, `website_visibility`, `created_at`, `updated_at`) VALUES
(1, 'Ololade Shittu', '<p>I could not imagine a driving school looking like BigRig Truck Driving School. It is a state-of-the-art facility with rich content and outstanding trainers. It was fun learning, &amp; I enjoyed the whole experience.</p>', 4, 'testimonials/pHtPdw90JVDXE0gVBpTNTFgSHv4GPoro6EZbYnKv.jpg', 1, '2025-04-02 12:51:44', '2025-04-02 13:53:33'),
(2, 'Sodiq Opayinka', '<p>Best driving school I&rsquo;ve never been to love it; the instructors are very patient. Professional understanding &amp; help gain my confidence in driving, which I recommend to friends.</p>', 5, 'testimonials/nXt6xKgJk0c0TH0aNWkKKo9tV6I5Ihepx8ojYf8m.jpg', 1, '2025-04-02 13:09:54', '2025-04-02 14:29:08');

-- --------------------------------------------------------

--
-- Table structure for table `training_objectives`
--

CREATE TABLE `training_objectives` (
  `id` bigint(20) UNSIGNED NOT NULL,
  `objective` varchar(255) NOT NULL,
  `requirement` text NOT NULL,
  `price` decimal(10,2) NOT NULL,
  `duration` int(11) NOT NULL,
  `theory_session` int(11) DEFAULT NULL,
  `practical_session` int(11) DEFAULT NULL,
  `examination` varchar(255) DEFAULT NULL,
  `image_url` varchar(255) DEFAULT NULL,
  `video_thumbnail_url` varchar(255) DEFAULT NULL,
  `course_details` text DEFAULT NULL,
  `video_url` varchar(255) DEFAULT NULL,
  `created_at` timestamp NULL DEFAULT NULL,
  `updated_at` timestamp NULL DEFAULT NULL
) ENGINE=InnoDB DEFAULT CHARSET=utf8mb4 COLLATE=utf8mb4_unicode_ci;

--
-- Dumping data for table `training_objectives`
--

INSERT INTO `training_objectives` (`id`, `objective`, `requirement`, `price`, `duration`, `theory_session`, `practical_session`, `examination`, `image_url`, `video_thumbnail_url`, `course_details`, `video_url`, `created_at`, `updated_at`) VALUES
(1, 'CDL(commercial Truck) training', '<ul>\r\n	<li><strong>You must have a valid driver&#39;s license</strong></li>\r\n	<li><strong>You must have a minimum of 6 months driving experience&nbsp;</strong></li>\r\n	<li><strong>You must be 18&nbsp;years of age&nbsp;and&nbsp;above</strong></li>\r\n	<li><strong>You must have a valid NIN</strong></li>\r\n	<li><strong>You must be a Nigerian Citizen or member of ECOWAS States</strong></li>\r\n	<li><strong>Road test will be conducted for pre-qualification for #5,000 NGN</strong></li>\r\n	<li><strong>No&nbsp;felony (e.g Kidnapping ,Terrorism, Murder, trafficking etc)</strong></li>\r\n	<li><strong>You must pass vision Test, medical Test(physical)&nbsp;and pre-employment drug screening, within 90 days of enrolment&nbsp;</strong></li>\r\n</ul>', 1800000.00, 12, 40, 40, '2 hours', 'courses/Tkj5y9Uvev7j8PeQ2RcTyUHCXLGOeWIA8h0Do3s1.jpg', 'courses/ndCGhmlRjYGRYWUlaQyUvne0CsDsUCGaS0chXQSh.jpg', '<h2><strong>Learn Truck Driving at BigRig International Truck Driving School</strong></h2>\r\n\r\n<p>BigRig International Truck Driving Training is based on the National Skills Qualification curriculum and framework while maintaining international best practices. We provide training in all aspects of trucking, including inspection, air brake system maintenance, all forms of docking, goods carriage, hazards and journey management, just to mention a few.</p>\r\n\r\n<p>BigRig International Truck Driving&nbsp;Training Breakdown</p>\r\n\r\n<p>Lesson Days: 2 month 3 times a week (Mondays, Wednesdays and Fridays)<br />\r\nTraining Hours: 1 hr. Practical<br />\r\nCertificate of Participant (Issued based on performance)</p>\r\n\r\n<p>Student assessment takes place every Tuesday and Thursday, and it is applicable only to CATEGORY<strong>&nbsp;A.&nbsp;</strong>This is based on National Skills Qualification Operating standard to be sure the learning process is adhered to and the learner understand all the units of the curriculum and outcome of the training</p>\r\n\r\n<p>Note: Our crash course for our busy &ldquo;students,&rdquo; which is scheduled for every&nbsp;<strong>Saturday and Sunday,</strong>&nbsp;attracts an additional fee of N20,000/weekend</p>\r\n\r\n<p><strong>​REQUIREMENT FOR ENROLLING FOR THIS COURSE</strong></p>\r\n\r\n<p>For you to be eligible for enrollment for this course at BigRig International Truck Driving School</p>\r\n\r\n<ul>\r\n	<li>You must have a valid driver&#39;s license</li>\r\n	<li>You must have a minimum of 6 months driving experience</li>\r\n	<li>You must be 18&nbsp;years old and above</li>\r\n	<li>You must have a valid NIN</li>\r\n	<li>You must be a Nigerian Citizen or member of ECOWAS state</li>\r\n	<li>Road test will be conducted for pre-qualification for 3,000 NGN</li>\r\n	<li>No felony</li>\r\n	<li>You must pass vision, medical and pre-employment drug screening, within 90 days.</li>\r\n</ul>\r\n\r\n<p><strong>CATEGORY A</strong></p>\r\n\r\n<p><strong>Schedule</strong>: Training will run for a total of Three (3) months, Two (2) months of practical and theory Three (3) times a week and one (1) month of assessment two (2) times a week.</p>\r\n\r\n<p><strong>Training includes</strong></p>\r\n\r\n<ol>\r\n	<li>All 16 units use the National Skills Qualification standard while maintaining international best practices.</li>\r\n	<li><strong>Forklift training</strong>&nbsp;for self loading and unloading of fragile cargo</li>\r\n	<li>Tea break</li>\r\n	<li>Globally recognized certification</li>\r\n	<li>Hand gloves, helmet and reflective jacket</li>\r\n</ol>\r\n\r\n<p><strong>Training Fee: (N1,450,000)</strong></p>\r\n\r\n<p><strong>CATEGORY B</strong></p>\r\n\r\n<p>Regular class twelve (12) sessions of theory and ten (10) practical sessions<br />\r\n1 hour practical training (1 month)</p>\r\n\r\n<p><strong>CATEGORY C</strong></p>\r\n\r\n<p>Pay as you learn: This is for students who do not have the full amount but still want to enroll for truck training. A minimum of three (3) sessions will be required for you to enroll.</p>', 'https://www.youtube.com/watch?v=mwqoD6O5JII', '2025-03-26 23:43:09', '2025-04-28 04:43:20'),
(2, 'Forklift Training', '<ul>\r\n	<li><strong>You must be 18&nbsp;years of age or older</strong></li>\r\n	<li><strong>You must have a valid NIN</strong></li>\r\n	<li><strong>You must be a Nigerian Citizen or member of ECOWAS States</strong></li>\r\n</ul>', 470000.00, 3, 15, 10, '2 hours', 'courses/mWPglaDjZQ2sUEGWMghhC1z9rUPocUecuOiOXHtl.jpg', 'courses/O6HOfUNfKZYCffDBlMpoVyIMntu2wSSrQNZ7mc4C.jpg', '<p><strong>Qualification</strong></p>\r\n\r\n<p><strong>Class A (CDL)</strong></p>\r\n\r\n<p>Must be 18 years of age</p>\r\n\r\n<p>Must have class c(regular drivers license) with 6 months of driving experience</p>\r\n\r\n<p>Must be able to pass pre-employment drug test &amp; physical test</p>\r\n\r\n<p>Must have NIN(National Identity Number)</p>', NULL, '2025-03-26 23:55:14', '2025-04-28 04:36:17'),
(3, 'BRT or School Bus Training', '<ul>\r\n	<li><strong>Must have a valid driver&#39;s license</strong></li>\r\n	<li><strong>Must have a minimum of 6 months driving experience</strong></li>\r\n	<li><strong>Must be 18&nbsp;years old and older</strong></li>\r\n	<li><strong>A valid NIN is required</strong></li>\r\n	<li><strong>You must be a Nigerian Citizen or member of ECOWAS States</strong></li>\r\n</ul>', 1200000.00, 8, 20, 20, '2 hours', 'courses/GlndcLcglhkF56REEKLwmUMgyZkRv67jonyM3H9r.jpg', 'courses/l8CXSBkSmaShA0Qaar91zGCrsCpGbezcxsuXdzVl.jpg', NULL, NULL, '2025-03-27 00:25:31', '2025-04-28 04:36:28'),
(4, 'Conventional Driving', '<ul>\r\n	<li><strong>You must be 16 years of age or older</strong></li>\r\n	<li><strong>You must have a valid NIN</strong></li>\r\n	<li><strong>You must be a Nigerian Citizen or member of ECOWAS States</strong></li>\r\n</ul>', 350000.00, 6, 20, 20, '40 Hours', 'courses/sCpiaEr9c1i7mrU4ZrhQpPOSaymwxWVtLoIvSdM0.png', NULL, NULL, NULL, '2025-04-04 12:03:57', '2025-04-28 04:37:30');

-- --------------------------------------------------------

--
-- Table structure for table `training_schedules`
--

CREATE TABLE `training_schedules` (
  `id` bigint(20) UNSIGNED NOT NULL,
  `batch_id` bigint(20) UNSIGNED NOT NULL,
  `instructor_id` bigint(20) UNSIGNED NOT NULL,
  `course_id` bigint(20) UNSIGNED NOT NULL,
  `topic_id` bigint(20) UNSIGNED NOT NULL,
  `students` longtext CHARACTER SET utf8mb4 COLLATE utf8mb4_bin NOT NULL CHECK (json_valid(`students`)),
  `schedule_date` date NOT NULL,
  `time_start` time NOT NULL,
  `time_stop` time NOT NULL,
  `created_at` timestamp NULL DEFAULT NULL,
  `updated_at` timestamp NULL DEFAULT NULL
) ENGINE=InnoDB DEFAULT CHARSET=utf8mb4 COLLATE=utf8mb4_unicode_ci;

-- --------------------------------------------------------

--
-- Table structure for table `transactions`
--

CREATE TABLE `transactions` (
  `id` bigint(20) UNSIGNED NOT NULL,
  `image` varchar(2048) DEFAULT NULL,
  `name` varchar(255) NOT NULL,
  `status` varchar(255) NOT NULL,
  `amount` varchar(255) NOT NULL,
  `created_at` timestamp NULL DEFAULT NULL,
  `updated_at` timestamp NULL DEFAULT NULL
) ENGINE=InnoDB DEFAULT CHARSET=utf8mb4 COLLATE=utf8mb4_unicode_ci;

--
-- Dumping data for table `transactions`
--

INSERT INTO `transactions` (`id`, `image`, `name`, `status`, `amount`, `created_at`, `updated_at`) VALUES
(1, 'transactions-image-01.svg', 'Form Builder CP', 'Pending', '-$1,299.22', '2025-03-10 15:27:26', '2025-03-10 15:27:26'),
(2, 'transactions-image-02.svg', 'Imperial Hotel ****', 'Completed', '-$1,029.77', '2025-03-10 15:27:26', '2025-03-10 15:27:26'),
(3, 'user-36-05.jpg', 'Aprilynne Pills', 'Pending', '+$499.99', '2025-03-10 15:27:26', '2025-03-10 15:27:26'),
(4, 'transactions-image-03.svg', 'Google Limited UK', 'Completed', '-$1,029.77', '2025-03-10 15:27:26', '2025-03-10 15:27:26'),
(5, 'transactions-image-04.svg', 'Acme LTD UK', 'Pending', '+$2,179.36', '2025-03-10 15:27:26', '2025-03-10 15:27:26'),
(6, 'transactions-image-03.svg', 'Google Limited UK', 'Canceled', '-$1,029.77', '2025-03-10 15:27:26', '2025-03-10 15:27:26'),
(7, 'transactions-image-05.svg', 'Uber', 'Completed', '-$272.88', '2025-03-10 15:27:26', '2025-03-10 15:27:26'),
(8, 'transactions-image-06.svg', 'PublicOne Inc.', 'Completed', '-$199.87', '2025-03-10 15:27:26', '2025-03-10 15:27:26'),
(9, 'transactions-image-07.svg', 'Github Inc.', 'Completed', '-$42.87', '2025-03-10 15:27:26', '2025-03-10 15:27:26'),
(10, 'transactions-image-08.svg', 'Form Builder PRO', 'Completed', '-$112.44', '2025-03-10 15:27:26', '2025-03-10 15:27:26'),
(11, 'transactions-image-05.svg', 'Google Limited UK', 'Canceled', '-$1,029.77', '2025-03-10 15:27:26', '2025-03-10 15:27:26'),
(12, 'transactions-image-06.svg', 'Uber', 'Completed', '-$272.88', '2025-03-10 15:27:26', '2025-03-10 15:27:26');

-- --------------------------------------------------------

--
-- Table structure for table `users`
--

CREATE TABLE `users` (
  `id` bigint(20) UNSIGNED NOT NULL,
  `enrolment_batch_id` bigint(20) UNSIGNED DEFAULT NULL,
  `firstName` varchar(255) NOT NULL,
  `middleName` varchar(255) DEFAULT NULL,
  `lastName` varchar(255) NOT NULL,
  `gender` enum('Male','Female') NOT NULL,
  `mobileNumber` varchar(255) NOT NULL,
  `email` varchar(255) NOT NULL,
  `email_verified_at` timestamp NULL DEFAULT NULL,
  `password` varchar(255) NOT NULL,
  `two_factor_secret` text DEFAULT NULL,
  `two_factor_recovery_codes` text DEFAULT NULL,
  `two_factor_confirmed_at` timestamp NULL DEFAULT NULL,
  `remember_token` varchar(100) DEFAULT NULL,
  `current_team_id` bigint(20) UNSIGNED DEFAULT NULL,
  `role_id` bigint(20) UNSIGNED DEFAULT NULL,
  `profile_photo_path` varchar(2048) DEFAULT NULL,
  `user_active` tinyint(1) NOT NULL DEFAULT 0,
  `website_visibility` tinyint(1) NOT NULL DEFAULT 0,
  `created_at` timestamp NULL DEFAULT NULL,
  `updated_at` timestamp NULL DEFAULT NULL
) ENGINE=InnoDB DEFAULT CHARSET=utf8mb4 COLLATE=utf8mb4_unicode_ci;

--
-- Dumping data for table `users`
--

INSERT INTO `users` (`id`, `enrolment_batch_id`, `firstName`, `middleName`, `lastName`, `gender`, `mobileNumber`, `email`, `email_verified_at`, `password`, `two_factor_secret`, `two_factor_recovery_codes`, `two_factor_confirmed_at`, `remember_token`, `current_team_id`, `role_id`, `profile_photo_path`, `user_active`, `website_visibility`, `created_at`, `updated_at`) VALUES
(1, NULL, 'Adekola', NULL, 'Adedapo', 'Male', '+1 (913) 705-0526', 'adekola.adedapo@bigrigdrivingschool.ng', '2023-12-31 23:00:00', '$2y$12$4vyZtQOTNnFjM8NhiHI2H.3ztaH2eC24f3/KpbKzMsVIGvBTDlJf.', NULL, NULL, NULL, NULL, NULL, NULL, 'profile-photos/2Ygx6fHJ90yt0VjfK3sIBLPpg1Fi92kEqMfUNR3t.jpg', 1, 1, '2025-03-10 15:27:28', '2025-04-04 20:49:22'),
(2, NULL, 'Rilwan', NULL, 'Adelaja', 'Male', '+234 814 648 2898', 'rilwan.adelaja@bigrigdrivingschool.ng', '2025-03-23 22:17:15', '$2y$12$3uT/xrDuRSlDDcpMCSLIWO4ywrlQr9iva/erj3zT2arRQAk8ehM1.', NULL, NULL, NULL, NULL, NULL, NULL, 'profile-photos/EYJ8sIxdMY9JDq8DJPl4MF05Jkg89AtXt8c5RydO.jpg', 1, 1, '2025-03-22 16:53:47', '2025-04-04 20:51:54'),
(3, NULL, 'Tolulope', NULL, 'Fashola', 'Female', '+234 815 616 2164', 'tolulope.fashola@bigrigdrivingschool.ng', '2025-03-23 22:17:21', '$2y$12$lINfMn839kqbF2hSg173NOKHViCD32izROmDNdLiF0YuCbZ0f4xfe', NULL, NULL, NULL, NULL, NULL, NULL, NULL, 1, 0, '2025-03-22 16:54:58', '2025-03-22 16:54:58'),
(4, NULL, 'Fegor', NULL, 'Otomi', 'Male', '+234 813 267 0440', 'fegor.otomi@bigrigdrivingschool.ng', '2025-03-23 22:17:25', '$2y$12$SLrvdmtqJYXUklV6LrU.C.PjDK0S1qsaQIa/qigC20mn8adP7BF/2', NULL, NULL, NULL, NULL, NULL, NULL, NULL, 1, 0, '2025-03-22 16:56:27', '2025-03-22 16:56:27'),
(5, NULL, 'Iyanu', 'Damilare', 'Adabale', 'Male', '07033102202', 'iyanu.adebale@bigrigdrivingschool.ng', NULL, '$2y$12$lIFleG/a0KmFXRZ8ckn.aeZj.G0pdMyEPBypsPJP3MeBuarEZIzY2', NULL, NULL, NULL, NULL, NULL, NULL, 'users/xaevYaBzv0n1lcvCa49Edb3pnxg5SOhQubgt3NZ1.jpg', 1, 1, '2025-03-23 22:22:56', '2025-03-23 22:30:29'),
(6, NULL, 'Akinwumi', 'Hammed', 'Olalekan', 'Male', '08068650846', 'akinwumi.olalekan@bigrigdrivingschool.ng', NULL, '$2y$12$cotDgnAeozfXNT5icBOoIumDlVWamOBcwqRz5Q9v6WNZHX6Z6rFu.', NULL, NULL, NULL, NULL, NULL, NULL, NULL, 1, 0, '2025-03-24 05:26:30', '2025-04-28 04:47:22'),
(7, NULL, 'Emeka', NULL, 'Okafor', 'Male', '+1 (318) 625-2254', 'emeka.okafor@bigrigdrivingschool.ng', NULL, '$2y$12$TT7kOUtCMJCCLpsscuVirOiSVzb/SkvGZ4/8OC4C5aqAYhROcg4cC', NULL, NULL, NULL, NULL, NULL, NULL, 'users/Ybm1pC2JK4sPNJkZzXLqHgvBemTH5sivOF0AMty0.png', 1, 1, '2025-03-27 14:13:27', '2025-03-27 14:13:50');

--
-- Indexes for dumped tables
--

--
-- Indexes for table `about_company`
--
ALTER TABLE `about_company`
  ADD PRIMARY KEY (`id`);

--
-- Indexes for table `achievements`
--
ALTER TABLE `achievements`
  ADD PRIMARY KEY (`id`);

--
-- Indexes for table `campaigns`
--
ALTER TABLE `campaigns`
  ADD PRIMARY KEY (`id`);

--
-- Indexes for table `campaign_marketer`
--
ALTER TABLE `campaign_marketer`
  ADD PRIMARY KEY (`id`);

--
-- Indexes for table `clients`
--
ALTER TABLE `clients`
  ADD PRIMARY KEY (`id`);

--
-- Indexes for table `course_materials`
--
ALTER TABLE `course_materials`
  ADD PRIMARY KEY (`id`),
  ADD KEY `course_materials_objective_id_foreign` (`objective_id`);

--
-- Indexes for table `curriculum`
--
ALTER TABLE `curriculum`
  ADD PRIMARY KEY (`id`),
  ADD KEY `curriculum_objective_id_foreign` (`objective_id`);

--
-- Indexes for table `customers`
--
ALTER TABLE `customers`
  ADD PRIMARY KEY (`id`);

--
-- Indexes for table `datafeeds`
--
ALTER TABLE `datafeeds`
  ADD PRIMARY KEY (`id`);

--
-- Indexes for table `email_configs`
--
ALTER TABLE `email_configs`
  ADD PRIMARY KEY (`id`);

--
-- Indexes for table `email_subscriptions`
--
ALTER TABLE `email_subscriptions`
  ADD PRIMARY KEY (`id`);

--
-- Indexes for table `enrolment_batches`
--
ALTER TABLE `enrolment_batches`
  ADD PRIMARY KEY (`id`);

--
-- Indexes for table `failed_jobs`
--
ALTER TABLE `failed_jobs`
  ADD PRIMARY KEY (`id`),
  ADD UNIQUE KEY `failed_jobs_uuid_unique` (`uuid`);

--
-- Indexes for table `faqs`
--
ALTER TABLE `faqs`
  ADD PRIMARY KEY (`id`);

--
-- Indexes for table `forum_comments`
--
ALTER TABLE `forum_comments`
  ADD PRIMARY KEY (`id`),
  ADD KEY `forum_comments_forum_post_id_foreign` (`forum_post_id`),
  ADD KEY `forum_comments_user_id_foreign` (`user_id`);

--
-- Indexes for table `forum_posts`
--
ALTER TABLE `forum_posts`
  ADD PRIMARY KEY (`id`),
  ADD KEY `forum_posts_user_id_foreign` (`user_id`);

--
-- Indexes for table `founder`
--
ALTER TABLE `founder`
  ADD PRIMARY KEY (`id`);

--
-- Indexes for table `invoices`
--
ALTER TABLE `invoices`
  ADD PRIMARY KEY (`id`);

--
-- Indexes for table `jobs`
--
ALTER TABLE `jobs`
  ADD PRIMARY KEY (`id`);

--
-- Indexes for table `marketers`
--
ALTER TABLE `marketers`
  ADD PRIMARY KEY (`id`);

--
-- Indexes for table `medicals`
--
ALTER TABLE `medicals`
  ADD PRIMARY KEY (`id`),
  ADD KEY `medicals_user_id_foreign` (`user_id`);

--
-- Indexes for table `members`
--
ALTER TABLE `members`
  ADD PRIMARY KEY (`id`);

--
-- Indexes for table `messages`
--
ALTER TABLE `messages`
  ADD PRIMARY KEY (`id`),
  ADD KEY `messages_sender_id_foreign` (`sender_id`),
  ADD KEY `messages_receiver_id_foreign` (`receiver_id`);

--
-- Indexes for table `migrations`
--
ALTER TABLE `migrations`
  ADD PRIMARY KEY (`id`);

--
-- Indexes for table `orders`
--
ALTER TABLE `orders`
  ADD PRIMARY KEY (`id`);

--
-- Indexes for table `password_reset_tokens`
--
ALTER TABLE `password_reset_tokens`
  ADD PRIMARY KEY (`email`);

--
-- Indexes for table `payment_gateway_configs`
--
ALTER TABLE `payment_gateway_configs`
  ADD PRIMARY KEY (`id`);

--
-- Indexes for table `permissions`
--
ALTER TABLE `permissions`
  ADD PRIMARY KEY (`id`),
  ADD UNIQUE KEY `permissions_name_unique` (`name`);

--
-- Indexes for table `personal_access_tokens`
--
ALTER TABLE `personal_access_tokens`
  ADD PRIMARY KEY (`id`),
  ADD UNIQUE KEY `personal_access_tokens_token_unique` (`token`),
  ADD KEY `personal_access_tokens_tokenable_type_tokenable_id_index` (`tokenable_type`,`tokenable_id`);

--
-- Indexes for table `roles`
--
ALTER TABLE `roles`
  ADD PRIMARY KEY (`id`),
  ADD UNIQUE KEY `roles_role_name_unique` (`role_name`);

--
-- Indexes for table `role_courses`
--
ALTER TABLE `role_courses`
  ADD PRIMARY KEY (`id`),
  ADD KEY `role_courses_role_id_foreign` (`role_id`),
  ADD KEY `role_courses_course_id_foreign` (`course_id`);

--
-- Indexes for table `role_permission`
--
ALTER TABLE `role_permission`
  ADD PRIMARY KEY (`id`),
  ADD KEY `role_permission_role_id_foreign` (`role_id`),
  ADD KEY `role_permission_permission_id_foreign` (`permission_id`);

--
-- Indexes for table `role_user`
--
ALTER TABLE `role_user`
  ADD PRIMARY KEY (`id`),
  ADD KEY `role_user_user_id_foreign` (`user_id`),
  ADD KEY `role_user_role_id_foreign` (`role_id`);

--
-- Indexes for table `services`
--
ALTER TABLE `services`
  ADD PRIMARY KEY (`id`);

--
-- Indexes for table `sessions`
--
ALTER TABLE `sessions`
  ADD PRIMARY KEY (`id`),
  ADD KEY `sessions_user_id_index` (`user_id`),
  ADD KEY `sessions_last_activity_index` (`last_activity`);

--
-- Indexes for table `settings`
--
ALTER TABLE `settings`
  ADD PRIMARY KEY (`id`);

--
-- Indexes for table `sliders`
--
ALTER TABLE `sliders`
  ADD PRIMARY KEY (`id`);

--
-- Indexes for table `student_instructor_distributions`
--
ALTER TABLE `student_instructor_distributions`
  ADD PRIMARY KEY (`id`),
  ADD KEY `student_instructor_distributions_enrolment_batch_id_foreign` (`enrolment_batch_id`),
  ADD KEY `student_instructor_distributions_student_id_foreign` (`student_id`),
  ADD KEY `student_instructor_distributions_instructor_id_foreign` (`instructor_id`),
  ADD KEY `student_instructor_distributions_course_id_foreign` (`course_id`);

--
-- Indexes for table `subscriptions`
--
ALTER TABLE `subscriptions`
  ADD PRIMARY KEY (`id`),
  ADD KEY `subscriptions_user_id_foreign` (`user_id`);

--
-- Indexes for table `testimonials`
--
ALTER TABLE `testimonials`
  ADD PRIMARY KEY (`id`);

--
-- Indexes for table `training_objectives`
--
ALTER TABLE `training_objectives`
  ADD PRIMARY KEY (`id`);

--
-- Indexes for table `training_schedules`
--
ALTER TABLE `training_schedules`
  ADD PRIMARY KEY (`id`),
  ADD KEY `training_schedules_batch_id_foreign` (`batch_id`),
  ADD KEY `training_schedules_instructor_id_foreign` (`instructor_id`),
  ADD KEY `training_schedules_course_id_foreign` (`course_id`),
  ADD KEY `training_schedules_topic_id_foreign` (`topic_id`);

--
-- Indexes for table `transactions`
--
ALTER TABLE `transactions`
  ADD PRIMARY KEY (`id`);

--
-- Indexes for table `users`
--
ALTER TABLE `users`
  ADD PRIMARY KEY (`id`),
  ADD UNIQUE KEY `users_mobilenumber_unique` (`mobileNumber`),
  ADD UNIQUE KEY `users_email_unique` (`email`),
  ADD KEY `users_enrolment_batch_id_foreign` (`enrolment_batch_id`),
  ADD KEY `users_role_id_foreign` (`role_id`);

--
-- AUTO_INCREMENT for dumped tables
--

--
-- AUTO_INCREMENT for table `about_company`
--
ALTER TABLE `about_company`
  MODIFY `id` bigint(20) UNSIGNED NOT NULL AUTO_INCREMENT, AUTO_INCREMENT=2;

--
-- AUTO_INCREMENT for table `achievements`
--
ALTER TABLE `achievements`
  MODIFY `id` bigint(20) UNSIGNED NOT NULL AUTO_INCREMENT, AUTO_INCREMENT=4;

--
-- AUTO_INCREMENT for table `campaigns`
--
ALTER TABLE `campaigns`
  MODIFY `id` bigint(20) UNSIGNED NOT NULL AUTO_INCREMENT, AUTO_INCREMENT=13;

--
-- AUTO_INCREMENT for table `campaign_marketer`
--
ALTER TABLE `campaign_marketer`
  MODIFY `id` int(10) UNSIGNED NOT NULL AUTO_INCREMENT, AUTO_INCREMENT=31;

--
-- AUTO_INCREMENT for table `clients`
--
ALTER TABLE `clients`
  MODIFY `id` bigint(20) UNSIGNED NOT NULL AUTO_INCREMENT, AUTO_INCREMENT=4;

--
-- AUTO_INCREMENT for table `course_materials`
--
ALTER TABLE `course_materials`
  MODIFY `id` bigint(20) UNSIGNED NOT NULL AUTO_INCREMENT, AUTO_INCREMENT=3;

--
-- AUTO_INCREMENT for table `curriculum`
--
ALTER TABLE `curriculum`
  MODIFY `id` bigint(20) UNSIGNED NOT NULL AUTO_INCREMENT, AUTO_INCREMENT=8;

--
-- AUTO_INCREMENT for table `customers`
--
ALTER TABLE `customers`
  MODIFY `id` bigint(20) UNSIGNED NOT NULL AUTO_INCREMENT, AUTO_INCREMENT=13;

--
-- AUTO_INCREMENT for table `datafeeds`
--
ALTER TABLE `datafeeds`
  MODIFY `id` bigint(20) UNSIGNED NOT NULL AUTO_INCREMENT, AUTO_INCREMENT=866;

--
-- AUTO_INCREMENT for table `email_configs`
--
ALTER TABLE `email_configs`
  MODIFY `id` bigint(20) UNSIGNED NOT NULL AUTO_INCREMENT, AUTO_INCREMENT=2;

--
-- AUTO_INCREMENT for table `email_subscriptions`
--
ALTER TABLE `email_subscriptions`
  MODIFY `id` bigint(20) UNSIGNED NOT NULL AUTO_INCREMENT;

--
-- AUTO_INCREMENT for table `enrolment_batches`
--
ALTER TABLE `enrolment_batches`
  MODIFY `id` bigint(20) UNSIGNED NOT NULL AUTO_INCREMENT, AUTO_INCREMENT=2;

--
-- AUTO_INCREMENT for table `failed_jobs`
--
ALTER TABLE `failed_jobs`
  MODIFY `id` bigint(20) UNSIGNED NOT NULL AUTO_INCREMENT;

--
-- AUTO_INCREMENT for table `faqs`
--
ALTER TABLE `faqs`
  MODIFY `id` bigint(20) UNSIGNED NOT NULL AUTO_INCREMENT, AUTO_INCREMENT=10;

--
-- AUTO_INCREMENT for table `forum_comments`
--
ALTER TABLE `forum_comments`
  MODIFY `id` bigint(20) UNSIGNED NOT NULL AUTO_INCREMENT;

--
-- AUTO_INCREMENT for table `forum_posts`
--
ALTER TABLE `forum_posts`
  MODIFY `id` bigint(20) UNSIGNED NOT NULL AUTO_INCREMENT;

--
-- AUTO_INCREMENT for table `founder`
--
ALTER TABLE `founder`
  MODIFY `id` bigint(20) UNSIGNED NOT NULL AUTO_INCREMENT, AUTO_INCREMENT=2;

--
-- AUTO_INCREMENT for table `invoices`
--
ALTER TABLE `invoices`
  MODIFY `id` bigint(20) UNSIGNED NOT NULL AUTO_INCREMENT, AUTO_INCREMENT=16;

--
-- AUTO_INCREMENT for table `jobs`
--
ALTER TABLE `jobs`
  MODIFY `id` bigint(20) UNSIGNED NOT NULL AUTO_INCREMENT, AUTO_INCREMENT=13;

--
-- AUTO_INCREMENT for table `marketers`
--
ALTER TABLE `marketers`
  MODIFY `id` bigint(20) UNSIGNED NOT NULL AUTO_INCREMENT, AUTO_INCREMENT=11;

--
-- AUTO_INCREMENT for table `medicals`
--
ALTER TABLE `medicals`
  MODIFY `id` bigint(20) UNSIGNED NOT NULL AUTO_INCREMENT, AUTO_INCREMENT=3;

--
-- AUTO_INCREMENT for table `members`
--
ALTER TABLE `members`
  MODIFY `id` bigint(20) UNSIGNED NOT NULL AUTO_INCREMENT, AUTO_INCREMENT=13;

--
-- AUTO_INCREMENT for table `messages`
--
ALTER TABLE `messages`
  MODIFY `id` bigint(20) UNSIGNED NOT NULL AUTO_INCREMENT;

--
-- AUTO_INCREMENT for table `migrations`
--
ALTER TABLE `migrations`
  MODIFY `id` int(10) UNSIGNED NOT NULL AUTO_INCREMENT, AUTO_INCREMENT=48;

--
-- AUTO_INCREMENT for table `orders`
--
ALTER TABLE `orders`
  MODIFY `id` bigint(20) UNSIGNED NOT NULL AUTO_INCREMENT, AUTO_INCREMENT=14;

--
-- AUTO_INCREMENT for table `payment_gateway_configs`
--
ALTER TABLE `payment_gateway_configs`
  MODIFY `id` bigint(20) UNSIGNED NOT NULL AUTO_INCREMENT, AUTO_INCREMENT=4;

--
-- AUTO_INCREMENT for table `permissions`
--
ALTER TABLE `permissions`
  MODIFY `id` bigint(20) UNSIGNED NOT NULL AUTO_INCREMENT, AUTO_INCREMENT=40;

--
-- AUTO_INCREMENT for table `personal_access_tokens`
--
ALTER TABLE `personal_access_tokens`
  MODIFY `id` bigint(20) UNSIGNED NOT NULL AUTO_INCREMENT;

--
-- AUTO_INCREMENT for table `roles`
--
ALTER TABLE `roles`
  MODIFY `id` bigint(20) UNSIGNED NOT NULL AUTO_INCREMENT, AUTO_INCREMENT=15;

--
-- AUTO_INCREMENT for table `role_courses`
--
ALTER TABLE `role_courses`
  MODIFY `id` bigint(20) UNSIGNED NOT NULL AUTO_INCREMENT, AUTO_INCREMENT=27;

--
-- AUTO_INCREMENT for table `role_permission`
--
ALTER TABLE `role_permission`
  MODIFY `id` bigint(20) UNSIGNED NOT NULL AUTO_INCREMENT, AUTO_INCREMENT=79;

--
-- AUTO_INCREMENT for table `role_user`
--
ALTER TABLE `role_user`
  MODIFY `id` bigint(20) UNSIGNED NOT NULL AUTO_INCREMENT, AUTO_INCREMENT=8;

--
-- AUTO_INCREMENT for table `services`
--
ALTER TABLE `services`
  MODIFY `id` bigint(20) UNSIGNED NOT NULL AUTO_INCREMENT, AUTO_INCREMENT=14;

--
-- AUTO_INCREMENT for table `settings`
--
ALTER TABLE `settings`
  MODIFY `id` bigint(20) UNSIGNED NOT NULL AUTO_INCREMENT, AUTO_INCREMENT=2;

--
-- AUTO_INCREMENT for table `sliders`
--
ALTER TABLE `sliders`
  MODIFY `id` bigint(20) UNSIGNED NOT NULL AUTO_INCREMENT, AUTO_INCREMENT=11;

--
-- AUTO_INCREMENT for table `student_instructor_distributions`
--
ALTER TABLE `student_instructor_distributions`
  MODIFY `id` bigint(20) UNSIGNED NOT NULL AUTO_INCREMENT;

--
-- AUTO_INCREMENT for table `subscriptions`
--
ALTER TABLE `subscriptions`
  MODIFY `id` bigint(20) UNSIGNED NOT NULL AUTO_INCREMENT, AUTO_INCREMENT=3;

--
-- AUTO_INCREMENT for table `testimonials`
--
ALTER TABLE `testimonials`
  MODIFY `id` bigint(20) UNSIGNED NOT NULL AUTO_INCREMENT, AUTO_INCREMENT=4;

--
-- AUTO_INCREMENT for table `training_objectives`
--
ALTER TABLE `training_objectives`
  MODIFY `id` bigint(20) UNSIGNED NOT NULL AUTO_INCREMENT, AUTO_INCREMENT=5;

--
-- AUTO_INCREMENT for table `training_schedules`
--
ALTER TABLE `training_schedules`
  MODIFY `id` bigint(20) UNSIGNED NOT NULL AUTO_INCREMENT;

--
-- AUTO_INCREMENT for table `transactions`
--
ALTER TABLE `transactions`
  MODIFY `id` bigint(20) UNSIGNED NOT NULL AUTO_INCREMENT, AUTO_INCREMENT=13;

--
-- AUTO_INCREMENT for table `users`
--
ALTER TABLE `users`
  MODIFY `id` bigint(20) UNSIGNED NOT NULL AUTO_INCREMENT, AUTO_INCREMENT=8;

--
-- Constraints for dumped tables
--

--
-- Constraints for table `course_materials`
--
ALTER TABLE `course_materials`
  ADD CONSTRAINT `course_materials_objective_id_foreign` FOREIGN KEY (`objective_id`) REFERENCES `training_objectives` (`id`) ON DELETE CASCADE;

--
-- Constraints for table `curriculum`
--
ALTER TABLE `curriculum`
  ADD CONSTRAINT `curriculum_objective_id_foreign` FOREIGN KEY (`objective_id`) REFERENCES `training_objectives` (`id`) ON DELETE CASCADE;

--
-- Constraints for table `forum_comments`
--
ALTER TABLE `forum_comments`
  ADD CONSTRAINT `forum_comments_forum_post_id_foreign` FOREIGN KEY (`forum_post_id`) REFERENCES `forum_posts` (`id`) ON DELETE CASCADE,
  ADD CONSTRAINT `forum_comments_user_id_foreign` FOREIGN KEY (`user_id`) REFERENCES `users` (`id`) ON DELETE CASCADE;

--
-- Constraints for table `forum_posts`
--
ALTER TABLE `forum_posts`
  ADD CONSTRAINT `forum_posts_user_id_foreign` FOREIGN KEY (`user_id`) REFERENCES `users` (`id`) ON DELETE CASCADE;

--
-- Constraints for table `medicals`
--
ALTER TABLE `medicals`
  ADD CONSTRAINT `medicals_user_id_foreign` FOREIGN KEY (`user_id`) REFERENCES `users` (`id`) ON DELETE CASCADE;

--
-- Constraints for table `messages`
--
ALTER TABLE `messages`
  ADD CONSTRAINT `messages_receiver_id_foreign` FOREIGN KEY (`receiver_id`) REFERENCES `users` (`id`) ON DELETE CASCADE,
  ADD CONSTRAINT `messages_sender_id_foreign` FOREIGN KEY (`sender_id`) REFERENCES `users` (`id`) ON DELETE CASCADE;

--
-- Constraints for table `role_courses`
--
ALTER TABLE `role_courses`
  ADD CONSTRAINT `role_courses_course_id_foreign` FOREIGN KEY (`course_id`) REFERENCES `training_objectives` (`id`) ON DELETE CASCADE,
  ADD CONSTRAINT `role_courses_role_id_foreign` FOREIGN KEY (`role_id`) REFERENCES `roles` (`id`) ON DELETE CASCADE;

--
-- Constraints for table `role_permission`
--
ALTER TABLE `role_permission`
  ADD CONSTRAINT `role_permission_permission_id_foreign` FOREIGN KEY (`permission_id`) REFERENCES `permissions` (`id`) ON DELETE CASCADE,
  ADD CONSTRAINT `role_permission_role_id_foreign` FOREIGN KEY (`role_id`) REFERENCES `roles` (`id`) ON DELETE CASCADE;

--
-- Constraints for table `role_user`
--
ALTER TABLE `role_user`
  ADD CONSTRAINT `role_user_role_id_foreign` FOREIGN KEY (`role_id`) REFERENCES `roles` (`id`) ON DELETE CASCADE,
  ADD CONSTRAINT `role_user_user_id_foreign` FOREIGN KEY (`user_id`) REFERENCES `users` (`id`) ON DELETE CASCADE;

--
-- Constraints for table `student_instructor_distributions`
--
ALTER TABLE `student_instructor_distributions`
  ADD CONSTRAINT `student_instructor_distributions_course_id_foreign` FOREIGN KEY (`course_id`) REFERENCES `training_objectives` (`id`) ON DELETE CASCADE,
  ADD CONSTRAINT `student_instructor_distributions_enrolment_batch_id_foreign` FOREIGN KEY (`enrolment_batch_id`) REFERENCES `enrolment_batches` (`id`) ON DELETE CASCADE,
  ADD CONSTRAINT `student_instructor_distributions_instructor_id_foreign` FOREIGN KEY (`instructor_id`) REFERENCES `users` (`id`) ON DELETE CASCADE,
  ADD CONSTRAINT `student_instructor_distributions_student_id_foreign` FOREIGN KEY (`student_id`) REFERENCES `users` (`id`) ON DELETE CASCADE;

--
-- Constraints for table `subscriptions`
--
ALTER TABLE `subscriptions`
  ADD CONSTRAINT `subscriptions_user_id_foreign` FOREIGN KEY (`user_id`) REFERENCES `users` (`id`) ON DELETE CASCADE;

--
-- Constraints for table `training_schedules`
--
ALTER TABLE `training_schedules`
  ADD CONSTRAINT `training_schedules_batch_id_foreign` FOREIGN KEY (`batch_id`) REFERENCES `enrolment_batches` (`id`) ON DELETE CASCADE,
  ADD CONSTRAINT `training_schedules_course_id_foreign` FOREIGN KEY (`course_id`) REFERENCES `training_objectives` (`id`) ON DELETE CASCADE,
  ADD CONSTRAINT `training_schedules_instructor_id_foreign` FOREIGN KEY (`instructor_id`) REFERENCES `users` (`id`) ON DELETE CASCADE,
  ADD CONSTRAINT `training_schedules_topic_id_foreign` FOREIGN KEY (`topic_id`) REFERENCES `curriculum` (`id`) ON DELETE CASCADE;

--
-- Constraints for table `users`
--
ALTER TABLE `users`
  ADD CONSTRAINT `users_enrolment_batch_id_foreign` FOREIGN KEY (`enrolment_batch_id`) REFERENCES `enrolment_batches` (`id`) ON DELETE SET NULL,
  ADD CONSTRAINT `users_role_id_foreign` FOREIGN KEY (`role_id`) REFERENCES `roles` (`id`) ON DELETE SET NULL;
COMMIT;

/*!40101 SET CHARACTER_SET_CLIENT=@OLD_CHARACTER_SET_CLIENT */;
/*!40101 SET CHARACTER_SET_RESULTS=@OLD_CHARACTER_SET_RESULTS */;
/*!40101 SET COLLATION_CONNECTION=@OLD_COLLATION_CONNECTION */;
